ISO-10303-21;
HEADER;
FILE_DESCRIPTION (( 'STEP AP214' ),
    '1' );
FILE_NAME ('Sehll-Top.STEP',
    '2025-12-25T10:00:00',
    ( '' ),
    ( '' ),
    'SwSTEP 2.0',
    'SolidWorks 2023',
    '' );
FILE_SCHEMA (( 'AUTOMOTIVE_DESIGN' ));
ENDSEC;

DATA;
#1 = CARTESIAN_POINT ( 'NONE',  ( 0.01784079112209657411, 0.004290000000000000410, -0.01089157572767378984 ) ) ;
#2 = LINE ( 'NONE', #395, #2411 ) ;
#3 = EDGE_CURVE ( 'NONE', #990, #2272, #1322, .T. ) ;
#4 = DIRECTION ( 'NONE',  ( -0.000000000000000000, -1.000000000000000000, -3.469446951953613418E-18 ) ) ;
#5 = DIRECTION ( 'NONE',  ( -1.000000000000000000, 0.000000000000000000, 2.876821684870326519E-16 ) ) ;
#6 = ORIENTED_EDGE ( 'NONE', *, *, #1107, .T. ) ;
#7 = AXIS2_PLACEMENT_3D ( 'NONE', #2414, #2207, #275 ) ;
#8 = FACE_OUTER_BOUND ( 'NONE', #888, .T. ) ;
#9 = EDGE_CURVE ( 'NONE', #1748, #2319, #1079, .T. ) ;
#10 = VERTEX_POINT ( 'NONE', #436 ) ;
#11 = DIRECTION ( 'NONE',  ( 0.000000000000000000, -1.000000000000000000, 0.000000000000000000 ) ) ;
#12 = LINE ( 'NONE', #1075, #2446 ) ;
#13 = DIRECTION ( 'NONE',  ( 0.000000000000000000, 0.000000000000000000, 1.000000000000000000 ) ) ;
#14 = CARTESIAN_POINT ( 'NONE',  ( 0.01930330261563795863, 0.004790000000000000854, -0.001512305354399079991 ) ) ;
#15 = DIRECTION ( 'NONE',  ( -0.000000000000000000, -1.000000000000000000, -0.000000000000000000 ) ) ;
#16 = TOROIDAL_SURFACE ( 'NONE', #2011, 3.468049019515404008E-06, 0.001000000000000000021 ) ;
#17 = FACE_OUTER_BOUND ( 'NONE', #1057, .T. ) ;
#18 = CARTESIAN_POINT ( 'NONE',  ( 0.01250000000000000069, 0.002289999999999999935, -0.0009646135390166712649 ) ) ;
#19 = CARTESIAN_POINT ( 'NONE',  ( 0.01249999999999999896, 0.005079851651430999232, -0.02312826795450370621 ) ) ;
#20 = AXIS2_PLACEMENT_3D ( 'NONE', #2470, #935, #1394 ) ;
#21 = ORIENTED_EDGE ( 'NONE', *, *, #468, .T. ) ;
#22 = EDGE_CURVE ( 'NONE', #2678, #417, #1475, .T. ) ;
#23 = EDGE_CURVE ( 'NONE', #2598, #610, #1430, .T. ) ;
#24 = DIRECTION ( 'NONE',  ( 0.000000000000000000, -1.000000000000000000, -0.000000000000000000 ) ) ;
#25 = DIRECTION ( 'NONE',  ( 0.000000000000000000, -1.000000000000000000, 0.000000000000000000 ) ) ;
#26 = DIRECTION ( 'NONE',  ( -1.000000000000000000, -0.000000000000000000, -0.000000000000000000 ) ) ;
#27 = ORIENTED_EDGE ( 'NONE', *, *, #2785, .T. ) ;
#28 = LINE ( 'NONE', #1814, #406 ) ;
#29 = DIRECTION ( 'NONE',  ( 0.000000000000000000, 1.000000000000000000, -0.000000000000000000 ) ) ;
#30 = ORIENTED_EDGE ( 'NONE', *, *, #2370, .F. ) ;
#31 = LINE ( 'NONE', #439, #2145 ) ;
#32 = LINE ( 'NONE', #1280, #528 ) ;
#33 = CARTESIAN_POINT ( 'NONE',  ( 0.01921575952914235386, 0.000000000000000000, 0.0008377067705469265230 ) ) ;
#34 = CIRCLE ( 'NONE', #1121, 0.001500000000000000465 ) ;
#35 = EDGE_LOOP ( 'NONE', ( #946, #1113, #1362, #2475 ) ) ;
#36 = DIRECTION ( 'NONE',  ( 0.000000000000000000, 0.000000000000000000, 1.000000000000000000 ) ) ;
#37 = ORIENTED_EDGE ( 'NONE', *, *, #1375, .F. ) ;
#38 = EDGE_CURVE ( 'NONE', #1296, #1978, #1043, .T. ) ;
#39 = DIRECTION ( 'NONE',  ( 1.000000000000000000, 0.000000000000000000, -2.876821684870326519E-16 ) ) ;
#40 = EDGE_CURVE ( 'NONE', #1599, #670, #1380, .T. ) ;
#41 = DIRECTION ( 'NONE',  ( -1.000000000000000000, 0.000000000000000000, -0.000000000000000000 ) ) ;
#42 = ORIENTED_EDGE ( 'NONE', *, *, #876, .F. ) ;
#43 = DIRECTION ( 'NONE',  ( -1.000000000000000000, -0.000000000000000000, 2.876821684870326519E-16 ) ) ;
#44 = DIRECTION ( 'NONE',  ( 0.000000000000000000, 0.000000000000000000, 1.000000000000000000 ) ) ;
#45 = VECTOR ( 'NONE', #2757, 0.9999999999999998890 ) ;
#46 = ORIENTED_EDGE ( 'NONE', *, *, #1559, .T. ) ;
#47 = CARTESIAN_POINT ( 'NONE',  ( 0.01411363876634534088, 0.008061269364971163781, -0.007062868930823865826 ) ) ;
#48 = VERTEX_POINT ( 'NONE', #218 ) ;
#49 = CARTESIAN_POINT ( 'NONE',  ( 0.01784079112209657411, 0.004290000000000000410, -0.009888107678654275284 ) ) ;
#50 = ORIENTED_EDGE ( 'NONE', *, *, #496, .T. ) ;
#51 = VECTOR ( 'NONE', #1111, 1.000000000000000000 ) ;
#52 = VECTOR ( 'NONE', #1905, 1.000000000000000000 ) ;
#53 = CARTESIAN_POINT ( 'NONE',  ( 0.01936578026462228153, 0.004790000000000000854, 0.0009876860322002023462 ) ) ;
#54 = DIRECTION ( 'NONE',  ( -0.000000000000000000, 1.000000000000000000, -0.000000000000000000 ) ) ;
#55 = EDGE_CURVE ( 'NONE', #577, #81, #2357, .T. ) ;
#56 = ORIENTED_EDGE ( 'NONE', *, *, #228, .T. ) ;
#57 = VERTEX_POINT ( 'NONE', #663 ) ;
#58 = CARTESIAN_POINT ( 'NONE',  ( 0.01886591655098299181, 0.005429851651431001451, 0.001973544934649726357 ) ) ;
#59 = FACE_BOUND ( 'NONE', #1802, .T. ) ;
#60 = AXIS2_PLACEMENT_3D ( 'NONE', #2746, #805, #1687 ) ;
#61 = AXIS2_PLACEMENT_3D ( 'NONE', #927, #1833, #1443 ) ;
#62 = DIRECTION ( 'NONE',  ( -0.000000000000000000, -1.000000000000000000, 3.469446951953613418E-18 ) ) ;
#63 = ORIENTED_EDGE ( 'NONE', *, *, #2490, .F. ) ;
#64 = LINE ( 'NONE', #2630, #2105 ) ;
#65 = VECTOR ( 'NONE', #2641, 1.000000000000000000 ) ;
#66 = CARTESIAN_POINT ( 'NONE',  ( 0.01521013349541097161, 0.005046369552124820891, -0.002329830253192692689 ) ) ;
#67 = CARTESIAN_POINT ( 'NONE',  ( 0.01886591655098299181, 0.005079851651431002701, 0.001973544934649728091 ) ) ;
#68 = ORIENTED_EDGE ( 'NONE', *, *, #2781, .F. ) ;
#69 = EDGE_CURVE ( 'NONE', #877, #222, #1976, .T. ) ;
#70 = EDGE_CURVE ( 'NONE', #1187, #140, #855, .T. ) ;
#71 = DIRECTION ( 'NONE',  ( 1.000000000000000000, -0.000000000000000000, -2.876821684870326519E-16 ) ) ;
#72 = PLANE ( 'NONE',  #2642 ) ;
#73 =( BOUNDED_CURVE ( )  B_SPLINE_CURVE ( 3, ( #295, #1387, #2212, #940 ),
 .UNSPECIFIED., .F., .T. ) 
 B_SPLINE_CURVE_WITH_KNOTS ( ( 4, 4 ),
 ( 1.570796326794896780, 2.020984949293298527 ),
 .UNSPECIFIED. ) 
 CURVE ( )  GEOMETRIC_REPRESENTATION_ITEM ( )  RATIONAL_B_SPLINE_CURVE ( ( 1.000000000000000000, 0.9831820408626997798, 0.9831820408626997798, 1.000000000000000000 ) ) 
 REPRESENTATION_ITEM ( '' )  );
#74 = DIRECTION ( 'NONE',  ( 0.000000000000000000, -0.000000000000000000, -1.000000000000000000 ) ) ;
#75 = ADVANCED_FACE ( 'NONE', ( #1738 ), #447, .T. ) ;
#76 = CARTESIAN_POINT ( 'NONE',  ( 0.01231658513405242683, 0.001779999999999999898, -0.009427716188955588203 ) ) ;
#77 = ORIENTED_EDGE ( 'NONE', *, *, #2730, .F. ) ;
#78 = FACE_OUTER_BOUND ( 'NONE', #1604, .T. ) ;
#79 = AXIS2_PLACEMENT_3D ( 'NONE', #928, #2625, #305 ) ;
#80 = DIRECTION ( 'NONE',  ( -0.000000000000000000, -1.000000000000000000, -0.000000000000000000 ) ) ;
#81 = VERTEX_POINT ( 'NONE', #475 ) ;
#82 = DIRECTION ( 'NONE',  ( 1.000000000000000000, -4.248847104521533693E-34, 1.224646799147353207E-16 ) ) ;
#83 = LINE ( 'NONE', #2017, #2669 ) ;
#84 = CARTESIAN_POINT ( 'NONE',  ( 0.01299888323744652005, 0.008061269364971163781, -0.006059215549028381526 ) ) ;
#85 = VERTEX_POINT ( 'NONE', #1537 ) ;
#86 = ADVANCED_FACE ( 'NONE', ( #1743 ), #1964, .T. ) ;
#87 = PLANE ( 'NONE',  #1872 ) ;
#88 = DIRECTION ( 'NONE',  ( 1.000000000000000000, 0.000000000000000000, 9.912705577010328508E-16 ) ) ;
#89 = VERTEX_POINT ( 'NONE', #1950 ) ;
#90 = VECTOR ( 'NONE', #923, 1.000000000000000000 ) ;
#91 = DIRECTION ( 'NONE',  ( 0.000000000000000000, 1.567294434059074138E-16, 1.000000000000000000 ) ) ;
#92 = EDGE_CURVE ( 'NONE', #684, #2149, #31, .T. ) ;
#93 = TOROIDAL_SURFACE ( 'NONE', #2038, 0.0005000000000000006609, 0.001000000000000000021 ) ;
#94 = DIRECTION ( 'NONE',  ( -1.000000000000000000, 0.000000000000000000, 0.000000000000000000 ) ) ;
#95 = VECTOR ( 'NONE', #1989, 1.000000000000000000 ) ;
#96 = PLANE ( 'NONE',  #2581 ) ;
#97 = FACE_OUTER_BOUND ( 'NONE', #2443, .T. ) ;
#98 = VECTOR ( 'NONE', #630, 1.000000000000000000 ) ;
#99 = CARTESIAN_POINT ( 'NONE',  ( 0.01411363876634534088, 0.002289999999999999935, -0.01093619409926058217 ) ) ;
#100 = EDGE_LOOP ( 'NONE', ( #2458, #2287, #2047, #948 ) ) ;
#101 = CARTESIAN_POINT ( 'NONE',  ( 0.01886548987822119980, 0.004290000000000001278, -0.01054775517150006482 ) ) ;
#102 = VECTOR ( 'NONE', #1887, 1.000000000000000000 ) ;
#103 = ADVANCED_FACE ( 'NONE', ( #17 ), #1103, .T. ) ;
#104 = FACE_OUTER_BOUND ( 'NONE', #2107, .T. ) ;
#105 = ORIENTED_EDGE ( 'NONE', *, *, #198, .T. ) ;
#106 = VECTOR ( 'NONE', #1502, 1.000000000000000000 ) ;
#107 = CARTESIAN_POINT ( 'NONE',  ( 0.009999999999999996739, 0.002289999999999999935, -0.01109808699784054289 ) ) ;
#108 = ORIENTED_EDGE ( 'NONE', *, *, #1125, .F. ) ;
#109 = AXIS2_PLACEMENT_3D ( 'NONE', #2374, #1960, #423 ) ;
#110 =( BOUNDED_CURVE ( )  B_SPLINE_CURVE ( 3, ( #2547, #214, #2560, #2791 ),
 .UNSPECIFIED., .F., .T. ) 
 B_SPLINE_CURVE_WITH_KNOTS ( ( 4, 4 ),
 ( 4.712388980384689674, 6.283185307179585344 ),
 .UNSPECIFIED. ) 
 CURVE ( )  GEOMETRIC_REPRESENTATION_ITEM ( )  RATIONAL_B_SPLINE_CURVE ( ( 1.000000000000000000, 0.8047378541243649375, 0.8047378541243649375, 1.000000000000000000 ) ) 
 REPRESENTATION_ITEM ( '' )  );
#111 = EDGE_CURVE ( 'NONE', #10, #512, #885, .T. ) ;
#112 = EDGE_CURVE ( 'NONE', #1087, #1636, #1311, .T. ) ;
#113 = CARTESIAN_POINT ( 'NONE',  ( 0.01299888323744652005, 0.003289999999999999522, -0.005559215549028381081 ) ) ;
#114 = VECTOR ( 'NONE', #1912, 1.000000000000000000 ) ;
#115 = VECTOR ( 'NONE', #1251, 1.000000000000000000 ) ;
#116 = ORIENTED_EDGE ( 'NONE', *, *, #419, .T. ) ;
#117 = DIRECTION ( 'NONE',  ( -0.000000000000000000, 1.000000000000000000, 0.000000000000000000 ) ) ;
#118 = DIRECTION ( 'NONE',  ( -0.000000000000000000, 1.000000000000000000, -1.498089012032068057E-16 ) ) ;
#119 = DIRECTION ( 'NONE',  ( 0.0001382460888363357121, -0.000000000000000000, 0.9999999904440094456 ) ) ;
#120 = VERTEX_POINT ( 'NONE', #873 ) ;
#121 = PLANE ( 'NONE',  #2362 ) ;
#122 = FACE_OUTER_BOUND ( 'NONE', #283, .T. ) ;
#123 = ORIENTED_EDGE ( 'NONE', *, *, #1861, .F. ) ;
#124 = CARTESIAN_POINT ( 'NONE',  ( 0.01249999999999999896, 0.005079851651431006171, 0.01102791746832727793 ) ) ;
#125 = EDGE_LOOP ( 'NONE', ( #2261, #2497, #1881, #2290 ) ) ;
#126 = EDGE_CURVE ( 'NONE', #438, #2622, #963, .T. ) ;
#127 = ORIENTED_EDGE ( 'NONE', *, *, #2293, .F. ) ;
#128 = CARTESIAN_POINT ( 'NONE',  ( 0.01886586516245858380, 0.005429851651430998849, -0.01364920661836697101 ) ) ;
#129 = ADVANCED_FACE ( 'NONE', ( #857 ), #900, .F. ) ;
#130 = CARTESIAN_POINT ( 'NONE',  ( 0.01337457103651663350, 0.004730499340084997478, -0.0003520922789856106849 ) ) ;
#131 = VERTEX_POINT ( 'NONE', #1353 ) ;
#132 = ORIENTED_EDGE ( 'NONE', *, *, #1627, .F. ) ;
#133 = CARTESIAN_POINT ( 'NONE',  ( 0.01344424140157891336, 0.02269383831432654486, 0.000000000000000000 ) ) ;
#134 = CARTESIAN_POINT ( 'NONE',  ( 0.01249999999999999896, 0.004290000000000000410, 0.01102791746832727793 ) ) ;
#135 = EDGE_LOOP ( 'NONE', ( #968, #591, #123, #132 ) ) ;
#136 = CARTESIAN_POINT ( 'NONE',  ( 0.01411363876634534088, 0.002289999999999999935, -0.01093619409926058217 ) ) ;
#137 = EDGE_LOOP ( 'NONE', ( #760, #56, #786, #329, #2725, #2364, #2257, #1984 ) ) ;
#138 = AXIS2_PLACEMENT_3D ( 'NONE', #240, #227, #1570 ) ;
#139 = VERTEX_POINT ( 'NONE', #1795 ) ;
#140 = VERTEX_POINT ( 'NONE', #1782 ) ;
#141 = LINE ( 'NONE', #365, #2753 ) ;
#142 = CIRCLE ( 'NONE', #1556, 3.468049019515404008E-06 ) ;
#143 = ORIENTED_EDGE ( 'NONE', *, *, #2201, .F. ) ;
#144 = EDGE_CURVE ( 'NONE', #2246, #2319, #264, .T. ) ;
#145 = DIRECTION ( 'NONE',  ( 0.000000000000000000, -1.000000000000000000, -3.469446951953613033E-18 ) ) ;
#146 = ORIENTED_EDGE ( 'NONE', *, *, #2045, .F. ) ;
#147 = LINE ( 'NONE', #1188, #2536 ) ;
#148 = ORIENTED_EDGE ( 'NONE', *, *, #40, .T. ) ;
#149 = CARTESIAN_POINT ( 'NONE',  ( 0.01299888323744652005, 0.002289999999999999935, -0.006059215549028381526 ) ) ;
#150 = ORIENTED_EDGE ( 'NONE', *, *, #2087, .F. ) ;
#151 = CARTESIAN_POINT ( 'NONE',  ( 0.01784079112209657411, 0.002289999999999999935, -0.01089157572767378984 ) ) ;
#152 = ORIENTED_EDGE ( 'NONE', *, *, #2401, .T. ) ;
#153 = ORIENTED_EDGE ( 'NONE', *, *, #2179, .T. ) ;
#154 = CARTESIAN_POINT ( 'NONE',  ( 0.009999999999999996739, 0.003818628677851876319, -0.009427716188955588203 ) ) ;
#155 = CIRCLE ( 'NONE', #1747, 0.001003468049019514557 ) ;
#156 = CARTESIAN_POINT ( 'NONE',  ( 0.009999999999999996739, 0.003818628677851876319, -0.01109808699784054289 ) ) ;
#157 = CARTESIAN_POINT ( 'NONE',  ( 0.01739522119717704790, 0.005422387329312428755, -0.01293868376942459118 ) ) ;
#158 = VECTOR ( 'NONE', #1269, 1.000000000000000000 ) ;
#159 = ORIENTED_EDGE ( 'NONE', *, *, #1793, .F. ) ;
#160 = LINE ( 'NONE', #1668, #52 ) ;
#161 = ORIENTED_EDGE ( 'NONE', *, *, #621, .F. ) ;
#162 = CARTESIAN_POINT ( 'NONE',  ( 0.01784079112209657411, 0.003289999999999999956, -0.01189504377669330440 ) ) ;
#163 = EDGE_CURVE ( 'NONE', #1222, #650, #2165, .T. ) ;
#164 = DIRECTION ( 'NONE',  ( -0.000000000000000000, -1.000000000000000000, -3.469446951953613418E-18 ) ) ;
#165 = ORIENTED_EDGE ( 'NONE', *, *, #959, .T. ) ;
#166 = CARTESIAN_POINT ( 'NONE',  ( 0.01056658513405242701, 0.004279999999999999950, -0.002632283811044388785 ) ) ;
#167 = EDGE_LOOP ( 'NONE', ( #2702, #840, #2555, #884, #1633, #1699 ) ) ;
#168 = ADVANCED_FACE ( 'NONE', ( #452 ), #705, .T. ) ;
#169 = DIRECTION ( 'NONE',  ( 0.000000000000000000, 1.000000000000000000, 3.469446951953613418E-18 ) ) ;
#170 = PLANE ( 'NONE',  #2180 ) ;
#171 = AXIS2_PLACEMENT_3D ( 'NONE', #1145, #1805, #2439 ) ;
#172 = DIRECTION ( 'NONE',  ( 0.000000000000000000, -0.000000000000000000, -1.000000000000000000 ) ) ;
#173 = AXIS2_PLACEMENT_3D ( 'NONE', #2554, #1522, #1503 ) ;
#174 = ORIENTED_EDGE ( 'NONE', *, *, #38, .T. ) ;
#175 = CARTESIAN_POINT ( 'NONE',  ( 0.01745573986559299101, 0.005432801600171079624, 0.0007699620987242292158 ) ) ;
#176 = CARTESIAN_POINT ( 'NONE',  ( 0.01930330261563795863, 0.004290000000000000410, -0.01054769464560089721 ) ) ;
#177 = AXIS2_PLACEMENT_3D ( 'NONE', #2614, #5, #1922 ) ;
#178 = DIRECTION ( 'NONE',  ( 1.000000000000000000, 0.000000000000000000, -2.876821684870326519E-16 ) ) ;
#179 = VERTEX_POINT ( 'NONE', #1588 ) ;
#180 = EDGE_CURVE ( 'NONE', #512, #2319, #487, .T. ) ;
#181 = CARTESIAN_POINT ( 'NONE',  ( 0.01886591655098298487, 0.004290000000000002145, -0.01407389542082615116 ) ) ;
#182 = CARTESIAN_POINT ( 'NONE',  ( 0.01784079112209657411, 0.004290000000000000410, -0.0001649562233066717218 ) ) ;
#183 = ADVANCED_FACE ( 'NONE', ( #233 ), #1341, .F. ) ;
#184 = CARTESIAN_POINT ( 'NONE',  ( 0.01886578026940027158, 0.002289999999999999935, -0.01294762720901303232 ) ) ;
#185 = CARTESIAN_POINT ( 'NONE',  ( 0.01886529081886899328, 0.004290000000000002145, -0.002552674311657847969 ) ) ;
#186 =( BOUNDED_SURFACE ( )  B_SPLINE_SURFACE ( 3, 2, ( 
 ( #1515, #2523, #1498 ),
 ( #836, #1242, #586 ),
 ( #1467, #2763, #1226 ),
 ( #2562, #823, #809 ),
 ( #2151, #216, #1707 ),
 ( #572, #1010, #2339 ) ),
 .UNSPECIFIED., .F., .F., .F. ) 
 B_SPLINE_SURFACE_WITH_KNOTS ( ( 4, 2, 4 ),
 ( 3, 3 ),
 ( 1.568081228883325684, 1.797054486092465542, 2.026027743301605177 ),
 ( 0.000000000000000000, 1.000000000000000000 ),
 .UNSPECIFIED. ) 
 GEOMETRIC_REPRESENTATION_ITEM ( )  RATIONAL_B_SPLINE_SURFACE ( (
 ( 1.000000000000000000, 0.7069439668980210811, 1.000000000000000000),
 ( 1.000000000000000000, 0.7115217243592522056, 1.000000000000000000),
 ( 1.000000000000000000, 0.7160548418561170081, 1.000000000000000000),
 ( 1.000000000000000000, 0.7248093244681603764, 1.000000000000000000),
 ( 1.000000000000000000, 0.7290305698989961725, 1.000000000000000000),
 ( 1.000000000000000000, 0.7329952457686321754, 1.000000000000000000) ) ) 
 REPRESENTATION_ITEM ( '' )  SURFACE ( )  );
#187 = DIRECTION ( 'NONE',  ( -0.0001210027759790110053, 0.000000000000000000, 0.9999999926791640625 ) ) ;
#188 = ORIENTED_EDGE ( 'NONE', *, *, #1596, .F. ) ;
#189 = EDGE_LOOP ( 'NONE', ( #429, #1452, #1560, #2159, #767, #556, #1680, #2350 ) ) ;
#190 = VECTOR ( 'NONE', #2778, 1.000000000000000000 ) ;
#191 = CARTESIAN_POINT ( 'NONE',  ( 0.01056658513405242701, 0.003818628677851876319, -0.01109808699784054289 ) ) ;
#192 = B_SPLINE_CURVE_WITH_KNOTS ( 'NONE', 3,
 ( #1638, #1813, #2655, #1597, #2530, #724 ),
 .UNSPECIFIED., .F., .F.,
 ( 4, 2, 4 ),
 ( 1.734723475976807094E-18, 0.0003032830763154627956, 0.0006065661526309238565 ),
 .UNSPECIFIED. ) ;
#193 = CARTESIAN_POINT ( 'NONE',  ( 0.01886579238516119389, 0.02269383831432654486, -0.01304775515356964080 ) ) ;
#194 = VERTEX_POINT ( 'NONE', #1115 ) ;
#195 = DIRECTION ( 'NONE',  ( -3.194702534027268596E-16, 0.000000000000000000, -1.000000000000000000 ) ) ;
#196 = CARTESIAN_POINT ( 'NONE',  ( 0.01411363876634534088, 0.01429000000000000062, -0.01072077016187289802 ) ) ;
#197 = DIRECTION ( 'NONE',  ( -0.0001382460888363357121, -0.000000000000000000, 0.9999999904440094456 ) ) ;
#198 = EDGE_CURVE ( 'NONE', #1715, #535, #2427, .T. ) ;
#199 = EDGE_CURVE ( 'NONE', #512, #89, #1578, .T. ) ;
#200 = CARTESIAN_POINT ( 'NONE',  ( 0.01886591655098298487, 0.02269383831432654486, -0.01407389542082615116 ) ) ;
#201 = VECTOR ( 'NONE', #967, 1.000000000000000000 ) ;
#202 = VECTOR ( 'NONE', #693, 1.000000000000000000 ) ;
#203 = ORIENTED_EDGE ( 'NONE', *, *, #2489, .F. ) ;
#204 = DIRECTION ( 'NONE',  ( 0.000000000000000000, 0.000000000000000000, 1.000000000000000000 ) ) ;
#205 = CARTESIAN_POINT ( 'NONE',  ( 0.01249999999999999722, 0.002289999999999999935, -0.01109808699784054289 ) ) ;
#206 = VECTOR ( 'NONE', #1358, 1.000000000000000000 ) ;
#207 = ORIENTED_EDGE ( 'NONE', *, *, #1749, .T. ) ;
#208 = DIRECTION ( 'NONE',  ( 1.000000000000000000, -0.000000000000000000, -2.876821684870326519E-16 ) ) ;
#209 = VERTEX_POINT ( 'NONE', #1613 ) ;
#210 = DIRECTION ( 'NONE',  ( 0.000000000000000000, 0.000000000000000000, 1.000000000000000000 ) ) ;
#211 = LINE ( 'NONE', #430, #2366 ) ;
#212 = ORIENTED_EDGE ( 'NONE', *, *, #2296, .F. ) ;
#213 = ORIENTED_EDGE ( 'NONE', *, *, #1379, .F. ) ;
#214 = CARTESIAN_POINT ( 'NONE',  ( 0.01936544323891093225, 0.004727867965644036267, -0.01060981808985238597 ) ) ;
#215 = ADVANCED_FACE ( 'NONE', ( #2270 ), #1601, .T. ) ;
#216 = CARTESIAN_POINT ( 'NONE',  ( 0.01655510426212522881, 0.005277816975342017498, -0.01279429694367877415 ) ) ;
#217 = MANIFOLD_SOLID_BREP ( 'Fillet4', #1005 ) ;
#218 = CARTESIAN_POINT ( 'NONE',  ( 0.01344424140157891336, 0.004387344040787360955, 0.000000000000000000 ) ) ;
#219 = EDGE_CURVE ( 'NONE', #734, #1708, #1144, .T. ) ;
#220 = ORIENTED_EDGE ( 'NONE', *, *, #1308, .F. ) ;
#221 = CARTESIAN_POINT ( 'NONE',  ( 0.01421013349541096725, 0.004874285943359969037, -0.009730169746807284734 ) ) ;
#222 = VERTEX_POINT ( 'NONE', #1157 ) ;
#223 = CARTESIAN_POINT ( 'NONE',  ( 0.01344381384978368676, 0.004392406338598562991, -3.659984194700243833E-08 ) ) ;
#224 = VERTEX_POINT ( 'NONE', #1381 ) ;
#225 = FACE_OUTER_BOUND ( 'NONE', #944, .T. ) ;
#226 = CARTESIAN_POINT ( 'NONE',  ( 0.01784079112209657411, 0.004290000000000000410, -0.0001649562233066717218 ) ) ;
#227 = DIRECTION ( 'NONE',  ( -0.000000000000000000, -1.000000000000000000, 3.469446951953613418E-18 ) ) ;
#228 = EDGE_CURVE ( 'NONE', #2452, #2635, #1847, .T. ) ;
#229 = DIRECTION ( 'NONE',  ( 0.000000000000000000, -1.000000000000000000, 0.000000000000000000 ) ) ;
#230 = VECTOR ( 'NONE', #1974, 1.000000000000000000 ) ;
#231 = CARTESIAN_POINT ( 'NONE',  ( 0.01421013349541096725, 0.003737446932428733354, -0.001829830253192691811 ) ) ;
#232 = EDGE_CURVE ( 'NONE', #2149, #2283, #2208, .T. ) ;
#233 = FACE_OUTER_BOUND ( 'NONE', #167, .T. ) ;
#234 = LINE ( 'NONE', #1044, #976 ) ;
#235 = CARTESIAN_POINT ( 'NONE',  ( 0.01549999999999999642, 0.002289999999999999935, -0.01093619409926058217 ) ) ;
#236 = ORIENTED_EDGE ( 'NONE', *, *, #144, .F. ) ;
#237 = FACE_OUTER_BOUND ( 'NONE', #2544, .T. ) ;
#238 = DIRECTION ( 'NONE',  ( 0.9999999904440093346, 0.000000000000000000, -0.0001382460888363353597 ) ) ;
#239 = AXIS2_PLACEMENT_3D ( 'NONE', #1535, #204, #1056 ) ;
#240 = CARTESIAN_POINT ( 'NONE',  ( 0.01784079112209657411, 0.002289999999999999935, -0.001168424272326187147 ) ) ;
#241 = VECTOR ( 'NONE', #2096, 1.000000000000000000 ) ;
#242 = ORIENTED_EDGE ( 'NONE', *, *, #1395, .F. ) ;
#243 = FACE_OUTER_BOUND ( 'NONE', #1864, .T. ) ;
#244 = DIRECTION ( 'NONE',  ( 0.000000000000000000, -1.000000000000000000, 0.000000000000000000 ) ) ;
#245 = CARTESIAN_POINT ( 'NONE',  ( 0.01299888323744652005, 0.003818628677851876319, -0.006059215549028381526 ) ) ;
#246 = AXIS2_PLACEMENT_3D ( 'NONE', #2042, #2369, #2382 ) ;
#247 = ORIENTED_EDGE ( 'NONE', *, *, #334, .F. ) ;
#248 = VERTEX_POINT ( 'NONE', #715 ) ;
#249 = AXIS2_PLACEMENT_3D ( 'NONE', #679, #2402, #1365 ) ;
#250 = DIRECTION ( 'NONE',  ( -0.9999999904440094456, -0.000000000000000000, -0.0001382460888366148400 ) ) ;
#251 = CARTESIAN_POINT ( 'NONE',  ( 0.01421013349541096725, 0.004874285943359969037, -0.01073016974680728562 ) ) ;
#252 = AXIS2_PLACEMENT_3D ( 'NONE', #1151, #2462, #1403 ) ;
#253 = EDGE_CURVE ( 'NONE', #2779, #1187, #727, .T. ) ;
#254 = VECTOR ( 'NONE', #1116, 0.9999999999999998890 ) ;
#255 = VECTOR ( 'NONE', #1477, 1.000000000000000000 ) ;
#256 = CARTESIAN_POINT ( 'NONE',  ( 0.01421013349541096725, 0.004290000000000000410, -0.01023016974680728518 ) ) ;
#257 = ORIENTED_EDGE ( 'NONE', *, *, #890, .T. ) ;
#258 = LINE ( 'NONE', #889, #1052 ) ;
#259 = EDGE_CURVE ( 'NONE', #375, #131, #83, .T. ) ;
#260 = ORIENTED_EDGE ( 'NONE', *, *, #288, .F. ) ;
#261 = LINE ( 'NONE', #2397, #1733 ) ;
#262 = CARTESIAN_POINT ( 'NONE',  ( 0.01588897488536316141, 0.005163187028286740643, -0.01210857945044817308 ) ) ;
#263 = ORIENTED_EDGE ( 'NONE', *, *, #2401, .F. ) ;
#264 = LINE ( 'NONE', #667, #338 ) ;
#265 = DIRECTION ( 'NONE',  ( 9.912705577010328508E-16, 0.000000000000000000, 1.000000000000000000 ) ) ;
#266 = VECTOR ( 'NONE', #2637, 1.000000000000000000 ) ;
#267 = CARTESIAN_POINT ( 'NONE',  ( 0.01784079112209657411, 0.002289999999999999935, -0.01089157572767378984 ) ) ;
#268 = VERTEX_POINT ( 'NONE', #303 ) ;
#269 = DIRECTION ( 'NONE',  ( 0.000000000000000000, -1.000000000000000000, -3.469446951953613033E-18 ) ) ;
#270 = VERTEX_POINT ( 'NONE', #533 ) ;
#271 = VECTOR ( 'NONE', #874, 1.000000000000000000 ) ;
#272 = EDGE_CURVE ( 'NONE', #1636, #2505, #2708, .T. ) ;
#273 = CARTESIAN_POINT ( 'NONE',  ( 0.01339599610578106996, 0.004734186243322058285, -0.0002587837967783929985 ) ) ;
#274 = ORIENTED_EDGE ( 'NONE', *, *, #23, .F. ) ;
#275 = DIRECTION ( 'NONE',  ( 0.9999999904440094456, 0.000000000000000000, -0.0001382460888366148400 ) ) ;
#276 = PRODUCT_DEFINITION_FORMATION_WITH_SPECIFIED_SOURCE ( 'ANY', '', #1243, .NOT_KNOWN. ) ;
#277 = CIRCLE ( 'NONE', #138, 3.468049019515404008E-06 ) ;
#278 = CARTESIAN_POINT ( 'NONE',  ( 0.01784079112209657411, 0.003289999999999999956, -0.0001649562233066717218 ) ) ;
#279 =( BOUNDED_CURVE ( )  B_SPLINE_CURVE ( 3, ( #2106, #2740, #798, #396 ),
 .UNSPECIFIED., .F., .T. ) 
 B_SPLINE_CURVE_WITH_KNOTS ( ( 4, 4 ),
 ( -8.881784197001252323E-16, 1.570796326794896336 ),
 .UNSPECIFIED. ) 
 CURVE ( )  GEOMETRIC_REPRESENTATION_ITEM ( )  RATIONAL_B_SPLINE_CURVE ( ( 1.000000000000000000, 0.8047378541243649375, 0.8047378541243649375, 1.000000000000000000 ) ) 
 REPRESENTATION_ITEM ( '' )  );
#280 = CIRCLE ( 'NONE', #2217, 0.01188814610068916408 ) ;
#281 = AXIS2_PLACEMENT_3D ( 'NONE', #2325, #2125, #853 ) ;
#282 = DIRECTION ( 'NONE',  ( 0.000000000000000000, 0.000000000000000000, -1.000000000000000000 ) ) ;
#283 = EDGE_LOOP ( 'NONE', ( #761, #1692, #1440, #2685, #607, #1900 ) ) ;
#284 = CARTESIAN_POINT ( 'NONE',  ( 0.01421013349541096725, 0.003737446932428733354, -0.01023016974680728518 ) ) ;
#285 = EDGE_LOOP ( 'NONE', ( #1345, #1781, #2157, #2252 ) ) ;
#286 = VECTOR ( 'NONE', #164, 1.000000000000000000 ) ;
#287 = CARTESIAN_POINT ( 'NONE',  ( 0.01936564335077421012, 0.004440000000000000370, -2.677224476627597017E-06 ) ) ;
#288 = EDGE_CURVE ( 'NONE', #2000, #776, #2185, .T. ) ;
#289 = DIRECTION ( 'NONE',  ( 0.000000000000000000, 0.000000000000000000, 1.000000000000000000 ) ) ;
#290 = EDGE_CURVE ( 'NONE', #2492, #438, #2039, .T. ) ;
#291 = FILL_AREA_STYLE ('',( #2026 ) ) ;
#292 = DIRECTION ( 'NONE',  ( 0.000000000000000000, 0.000000000000000000, -1.000000000000000000 ) ) ;
#293 = FACE_OUTER_BOUND ( 'NONE', #2447, .T. ) ;
#294 = VECTOR ( 'NONE', #2372, 1.000000000000000000 ) ;
#295 = CARTESIAN_POINT ( 'NONE',  ( 0.01249999999999999722, 0.004224855572858478986, -0.01206000000000000127 ) ) ;
#296 = ORIENTED_EDGE ( 'NONE', *, *, #2489, .T. ) ;
#297 = DIRECTION ( 'NONE',  ( 0.0001382460888363357121, 0.000000000000000000, 0.9999999904440094456 ) ) ;
#298 = VECTOR ( 'NONE', #736, 1.000000000000000000 ) ;
#299 = LINE ( 'NONE', #1476, #1317 ) ;
#300 = EDGE_LOOP ( 'NONE', ( #1694, #843, #2035, #2431 ) ) ;
#301 = CARTESIAN_POINT ( 'NONE',  ( 0.01250000000000000069, 0.002289999999999999935, -8.673617379884035472E-19 ) ) ;
#302 = ADVANCED_FACE ( 'NONE', ( #97 ), #765, .T. ) ;
#303 = CARTESIAN_POINT ( 'NONE',  ( 0.01249999999999999896, 0.003818628677851876319, -0.007473823450672819474 ) ) ;
#304 = EDGE_CURVE ( 'NONE', #437, #89, #327, .T. ) ;
#305 = DIRECTION ( 'NONE',  ( 0.000000000000000000, 0.000000000000000000, 1.000000000000000000 ) ) ;
#306 = ORIENTED_EDGE ( 'NONE', *, *, #352, .T. ) ;
#307 = CARTESIAN_POINT ( 'NONE',  ( 0.01056658513405242701, 0.001779999999999999898, -0.002632283811044388785 ) ) ;
#308 = CARTESIAN_POINT ( 'NONE',  ( 0.01784079112209657411, 0.004290000000000000410, -0.002171892321345702571 ) ) ;
#309 = VERTEX_POINT ( 'NONE', #1942 ) ;
#310 = LINE ( 'NONE', #2078, #2673 ) ;
#311 = DIRECTION ( 'NONE',  ( -0.000000000000000000, 1.000000000000000000, -0.000000000000000000 ) ) ;
#312 = ORIENTED_EDGE ( 'NONE', *, *, #22, .F. ) ;
#313 = FACE_OUTER_BOUND ( 'NONE', #389, .T. ) ;
#314 = EDGE_CURVE ( 'NONE', #1172, #437, #1524, .T. ) ;
#315 = DIRECTION ( 'NONE',  ( 0.000000000000000000, 0.000000000000000000, 1.000000000000000000 ) ) ;
#316 = ORIENTED_EDGE ( 'NONE', *, *, #568, .F. ) ;
#317 = FACE_OUTER_BOUND ( 'NONE', #300, .T. ) ;
#318 = EDGE_CURVE ( 'NONE', #2698, #1026, #211, .T. ) ;
#319 = EDGE_CURVE ( 'NONE', #2250, #268, #1313, .T. ) ;
#320 = CARTESIAN_POINT ( 'NONE',  ( 0.01921578026605567924, 0.004290000000000000410, 0.0009877067691135279440 ) ) ;
#321 = ORIENTED_EDGE ( 'NONE', *, *, #1507, .F. ) ;
#322 = CARTESIAN_POINT ( 'NONE',  ( 0.01743859733376641741, 0.005429851651430998849, -0.01283993394154212334 ) ) ;
#323 = ORIENTED_EDGE ( 'NONE', *, *, #692, .T. ) ;
#324 = DIRECTION ( 'NONE',  ( 0.000000000000000000, 1.000000000000000000, -1.916305161557858496E-16 ) ) ;
#325 = ORIENTED_EDGE ( 'NONE', *, *, #2219, .T. ) ;
#326 = LINE ( 'NONE', #1454, #102 ) ;
#327 = LINE ( 'NONE', #1185, #1832 ) ;
#328 = CYLINDRICAL_SURFACE ( 'NONE', #1337, 0.0005000000000000004441 ) ;
#329 = ORIENTED_EDGE ( 'NONE', *, *, #1512, .F. ) ;
#330 = LINE ( 'NONE', #133, #2266 ) ;
#331 = EDGE_LOOP ( 'NONE', ( #1206, #1073, #2069, #656, #2660 ) ) ;
#332 = DIRECTION ( 'NONE',  ( -0.000000000000000000, -1.000000000000000000, -0.000000000000000000 ) ) ;
#333 = VERTEX_POINT ( 'NONE', #223 ) ;
#334 = EDGE_CURVE ( 'NONE', #2466, #120, #1615, .T. ) ;
#335 = AXIS2_PLACEMENT_3D ( 'NONE', #2030, #25, #74 ) ;
#336 = CARTESIAN_POINT ( 'NONE',  ( 0.01299888323744652005, 0.003737446932428733354, -0.006059215549028381526 ) ) ;
#337 = ORIENTED_EDGE ( 'NONE', *, *, #2152, .T. ) ;
#338 = VECTOR ( 'NONE', #2210, 1.000000000000000000 ) ;
#339 = EDGE_CURVE ( 'NONE', #776, #2598, #1973, .T. ) ;
#340 = FACE_OUTER_BOUND ( 'NONE', #2629, .T. ) ;
#341 = AXIS2_PLACEMENT_3D ( 'NONE', #443, #2010, #2160 ) ;
#342 = VERTEX_POINT ( 'NONE', #2379 ) ;
#343 = LINE ( 'NONE', #2070, #1742 ) ;
#344 = SURFACE_SIDE_STYLE ('',( #1426 ) ) ;
#345 = FACE_OUTER_BOUND ( 'NONE', #1102, .T. ) ;
#346 = ORIENTED_EDGE ( 'NONE', *, *, #2184, .F. ) ;
#347 = CARTESIAN_POINT ( 'NONE',  ( 0.01249999999999999722, 0.003980000000000000031, -0.01146000000000000490 ) ) ;
#348 = DIRECTION ( 'NONE',  ( -1.000000000000000000, 0.000000000000000000, 0.000000000000000000 ) ) ;
#349 = EDGE_LOOP ( 'NONE', ( #1417, #1511, #2634, #1745 ) ) ;
#350 = PLANE ( 'NONE',  #1101 ) ;
#351 = ORIENTED_EDGE ( 'NONE', *, *, #111, .T. ) ;
#352 = EDGE_CURVE ( 'NONE', #1112, #2559, #1299, .T. ) ;
#353 = ADVANCED_FACE ( 'NONE', ( #2168 ), #1732, .F. ) ;
#354 = FACE_OUTER_BOUND ( 'NONE', #1873, .T. ) ;
#355 = EDGE_LOOP ( 'NONE', ( #720, #913, #2346, #1436 ) ) ;
#356 = CARTESIAN_POINT ( 'NONE',  ( 0.01736137075256445964, 0.005087871507966125646, 0.001084395460567428096 ) ) ;
#357 = EDGE_LOOP ( 'NONE', ( #1616, #1357, #2189, #1249 ) ) ;
#358 = ORIENTED_EDGE ( 'NONE', *, *, #1675, .F. ) ;
#359 = CARTESIAN_POINT ( 'NONE',  ( 0.01000000000000000021, 0.002289999999999999935, -0.0009646135390166705060 ) ) ;
#360 = ORIENTED_EDGE ( 'NONE', *, *, #979, .T. ) ;
#361 = LINE ( 'NONE', #196, #115 ) ;
#362 = ORIENTED_EDGE ( 'NONE', *, *, #659, .F. ) ;
#363 = VECTOR ( 'NONE', #2320, 1.000000000000000000 ) ;
#364 = LINE ( 'NONE', #1886, #2764 ) ;
#365 = CARTESIAN_POINT ( 'NONE',  ( 0.01231658513405242683, 0.001779999999999999898, -0.003672283811044389779 ) ) ;
#366 = ADVANCED_FACE ( 'NONE', ( #8 ), #511, .T. ) ;
#367 = DIRECTION ( 'NONE',  ( 0.000000000000000000, 1.000000000000000000, 3.469446951953613418E-18 ) ) ;
#368 = ORIENTED_EDGE ( 'NONE', *, *, #370, .T. ) ;
#369 = LINE ( 'NONE', #383, #735 ) ;
#370 = EDGE_CURVE ( 'NONE', #1850, #1995, #655, .T. ) ;
#371 = DIRECTION ( 'NONE',  ( 0.000000000000000000, 1.000000000000000000, 3.469446951953613418E-18 ) ) ;
#372 = DIRECTION ( 'NONE',  ( 1.000000000000000000, -4.248847104521533693E-34, 1.224646799147353207E-16 ) ) ;
#373 = ORIENTED_EDGE ( 'NONE', *, *, #517, .T. ) ;
#374 = CARTESIAN_POINT ( 'NONE',  ( 0.01231658513405242683, 0.003818628677851876319, -0.01109808699784054289 ) ) ;
#375 = VERTEX_POINT ( 'NONE', #2576 ) ;
#376 = CIRCLE ( 'NONE', #2662, 0.0005000000000000004441 ) ;
#377 = LINE ( 'NONE', #154, #1569 ) ;
#378 = CYLINDRICAL_SURFACE ( 'NONE', #1469, 0.0001499999999999999598 ) ;
#379 = CARTESIAN_POINT ( 'NONE',  ( 0.01736173416644735609, 0.005381858005273212203, -0.01301514054880523706 ) ) ;
#380 = AXIS2_PLACEMENT_3D ( 'NONE', #2789, #641, #1539 ) ;
#381 = ADVANCED_FACE ( 'NONE', ( #225 ), #1583, .T. ) ;
#382 = ORIENTED_EDGE ( 'NONE', *, *, #790, .T. ) ;
#383 = CARTESIAN_POINT ( 'NONE',  ( 0.01411363876634534088, 0.003737446932428733354, -0.01093619409926058217 ) ) ;
#384 = CARTESIAN_POINT ( 'NONE',  ( 0.01784079112209657411, 0.003289999999999999956, -0.01089157572767378984 ) ) ;
#385 = FACE_OUTER_BOUND ( 'NONE', #2771, .T. ) ;
#386 = ORIENTED_EDGE ( 'NONE', *, *, #2689, .F. ) ;
#387 = CARTESIAN_POINT ( 'NONE',  ( 0.01743859733376643475, 0.005429851651431001451, 0.001973544934649728091 ) ) ;
#388 = CARTESIAN_POINT ( 'NONE',  ( 0.01231658513405242683, 0.004279999999999999950, -0.003672283811044389779 ) ) ;
#389 = EDGE_LOOP ( 'NONE', ( #1591, #2421, #360, #565 ) ) ;
#390 = DIRECTION ( 'NONE',  ( 0.000000000000000000, 1.000000000000000000, -3.469446951953613418E-18 ) ) ;
#391 = DIRECTION ( 'NONE',  ( 0.000000000000000000, 0.000000000000000000, -1.000000000000000000 ) ) ;
#392 = DIRECTION ( 'NONE',  ( -1.000000000000000000, 0.000000000000000000, 2.876821684870326519E-16 ) ) ;
#393 =( BOUNDED_CURVE ( )  B_SPLINE_CURVE ( 3, ( #221, #2569, #637, #251 ),
 .UNSPECIFIED., .F., .T. ) 
 B_SPLINE_CURVE_WITH_KNOTS ( ( 4, 4 ),
 ( 4.712388980384689674, 7.853981633974482790 ),
 .UNSPECIFIED. ) 
 CURVE ( )  GEOMETRIC_REPRESENTATION_ITEM ( )  RATIONAL_B_SPLINE_CURVE ( ( 1.000000000000000000, 0.3333333333333333703, 0.3333333333333333703, 1.000000000000000000 ) ) 
 REPRESENTATION_ITEM ( '' )  );
#394 = ORIENTED_EDGE ( 'NONE', *, *, #2506, .F. ) ;
#395 = CARTESIAN_POINT ( 'NONE',  ( 0.01250000000000000069, 0.02269383831432654486, -8.673617379884035472E-19 ) ) ;
#396 = CARTESIAN_POINT ( 'NONE',  ( 0.01936575952770895614, 0.004640000000000000895, -0.01289768603363357878 ) ) ;
#397 = ORIENTED_EDGE ( 'NONE', *, *, #1395, .T. ) ;
#398 = LINE ( 'NONE', #414, #854 ) ;
#399 = CARTESIAN_POINT ( 'NONE',  ( 0.01231658513405242683, 0.001779999999999999898, -0.002632283811044388785 ) ) ;
#400 = EDGE_CURVE ( 'NONE', #1599, #309, #1553, .T. ) ;
#401 = EDGE_CURVE ( 'NONE', #1889, #81, #685, .T. ) ;
#402 = EDGE_CURVE ( 'NONE', #140, #1839, #2188, .T. ) ;
#403 = LINE ( 'NONE', #792, #1284 ) ;
#404 = DIRECTION ( 'NONE',  ( 0.000000000000000000, 1.000000000000000000, 3.469446951953613418E-18 ) ) ;
#405 = CARTESIAN_POINT ( 'NONE',  ( 0.01784079112209657411, 0.004290000000000000410, -0.009888107678654275284 ) ) ;
#406 = VECTOR ( 'NONE', #2231, 1.000000000000000000 ) ;
#407 = ORIENTED_EDGE ( 'NONE', *, *, #163, .T. ) ;
#408 = PRODUCT_CONTEXT ( 'NONE', #891, 'mechanical' ) ;
#409 = ORIENTED_EDGE ( 'NONE', *, *, #2329, .T. ) ;
#410 = CARTESIAN_POINT ( 'NONE',  ( 0.01411363876634534088, 0.01429000000000000062, -0.002320430668258305525 ) ) ;
#411 = VECTOR ( 'NONE', #1369, 0.9999999999999998890 ) ;
#412 = CARTESIAN_POINT ( 'NONE',  ( 0.01411363876634534088, 0.004290000000000000410, -0.0007502057965684729574 ) ) ;
#413 = ORIENTED_EDGE ( 'NONE', *, *, #822, .T. ) ;
#414 = CARTESIAN_POINT ( 'NONE',  ( 0.01936575952770895614, 0.004790000000000000854, -0.01289768603363357878 ) ) ;
#415 = DIRECTION ( 'NONE',  ( 0.000000000000000000, 0.000000000000000000, 1.000000000000000000 ) ) ;
#416 = ADVANCED_FACE ( 'NONE', ( #700 ), #1568, .T. ) ;
#417 = VERTEX_POINT ( 'NONE', #907 ) ;
#418 = CARTESIAN_POINT ( 'NONE',  ( 0.01784079112209657411, 0.003289999999999999956, -0.001168424272326187147 ) ) ;
#419 = EDGE_CURVE ( 'NONE', #209, #1166, #1926, .T. ) ;
#420 = CARTESIAN_POINT ( 'NONE',  ( 0.01421013349541096725, 0.01429000000000000062, -0.002329830253192692689 ) ) ;
#421 = CYLINDRICAL_SURFACE ( 'NONE', #902, 0.0005000000000000004441 ) ;
#422 = CIRCLE ( 'NONE', #1048, 0.0009999999999999991535 ) ;
#423 = DIRECTION ( 'NONE',  ( 0.000000000000000000, 0.000000000000000000, 1.000000000000000000 ) ) ;
#424 = DIRECTION ( 'NONE',  ( 0.000000000000000000, 1.000000000000000000, 3.469446951953613418E-18 ) ) ;
#425 = FACE_OUTER_BOUND ( 'NONE', #100, .T. ) ;
#426 = VECTOR ( 'NONE', #1301, 1.000000000000000000 ) ;
#427 = ORIENTED_EDGE ( 'NONE', *, *, #692, .F. ) ;
#428 = CARTESIAN_POINT ( 'NONE',  ( 0.01411363876634534088, 0.004290000000000000410, -0.0007502057965684729574 ) ) ;
#429 = ORIENTED_EDGE ( 'NONE', *, *, #1971, .F. ) ;
#430 = CARTESIAN_POINT ( 'NONE',  ( 0.01231658513405242683, 0.001779999999999999898, -0.002632283811044388785 ) ) ;
#431 = ORIENTED_EDGE ( 'NONE', *, *, #180, .F. ) ;
#432 = CARTESIAN_POINT ( 'NONE',  ( 0.01249999999999999722, 0.002289999999999999935, -0.01093619409926058217 ) ) ;
#433 = PLANE ( 'NONE',  #1921 ) ;
#434 = CARTESIAN_POINT ( 'NONE',  ( 0.01421013349541096725, 0.004874285943359969037, -0.001329830253192690933 ) ) ;
#435 = EDGE_CURVE ( 'NONE', #2360, #1468, #64, .T. ) ;
#436 = CARTESIAN_POINT ( 'NONE',  ( 0.01411363876634534088, 0.002289999999999999935, -0.001196778500451628176 ) ) ;
#437 = VERTEX_POINT ( 'NONE', #1346 ) ;
#438 = VERTEX_POINT ( 'NONE', #671 ) ;
#439 = CARTESIAN_POINT ( 'NONE',  ( 0.01344424140157891509, 0.004742488467928880971, -0.0003499999999999987496 ) ) ;
#440 = DIRECTION ( 'NONE',  ( -0.000000000000000000, 1.000000000000000000, -0.000000000000000000 ) ) ;
#441 = DIRECTION ( 'NONE',  ( -0.000000000000000000, 1.000000000000000000, -0.000000000000000000 ) ) ;
#442 = ORIENTED_EDGE ( 'NONE', *, *, #3, .F. ) ;
#443 = CARTESIAN_POINT ( 'NONE',  ( 0.01921564335220760783, 0.004440000000000000370, -2.656487563302146592E-06 ) ) ;
#444 = CARTESIAN_POINT ( 'NONE',  ( 0.01921564335220760783, 0.004640000000000000895, -2.656487563302146592E-06 ) ) ;
#445 = FACE_OUTER_BOUND ( 'NONE', #1231, .T. ) ;
#446 = CYLINDRICAL_SURFACE ( 'NONE', #2656, 0.01106826795450370493 ) ;
#447 = PLANE ( 'NONE',  #1143 ) ;
#448 = ADVANCED_FACE ( 'NONE', ( #237 ), #2422, .F. ) ;
#449 = CARTESIAN_POINT ( 'NONE',  ( 0.01936577167511154343, 0.004352132034355964130, 0.0009255539984379712636 ) ) ;
#450 = ORIENTED_EDGE ( 'NONE', *, *, #659, .T. ) ;
#451 = CIRCLE ( 'NONE', #2525, 0.001500000000000000465 ) ;
#452 = FACE_OUTER_BOUND ( 'NONE', #2790, .T. ) ;
#453 = EDGE_CURVE ( 'NONE', #2144, #1095, #1089, .T. ) ;
#454 = DIRECTION ( 'NONE',  ( -0.000000000000000000, 1.000000000000000000, -3.469446951953613033E-18 ) ) ;
#455 = ORIENTED_EDGE ( 'NONE', *, *, #2434, .F. ) ;
#456 = DIRECTION ( 'NONE',  ( 0.000000000000000000, 0.000000000000000000, 1.000000000000000000 ) ) ;
#457 = FACE_BOUND ( 'NONE', #2473, .T. ) ;
#458 = CARTESIAN_POINT ( 'NONE',  ( 0.01056658513405242701, 0.004279999999999999950, -0.009427716188955588203 ) ) ;
#459 = VECTOR ( 'NONE', #2242, 1.000000000000000000 ) ;
#460 = ORIENTED_EDGE ( 'NONE', *, *, #1577, .T. ) ;
#461 = CARTESIAN_POINT ( 'NONE',  ( 0.01411363876634534088, 0.003737446932428733354, -0.001196778500451628393 ) ) ;
#462 = VECTOR ( 'NONE', #2114, 1.000000000000000000 ) ;
#463 = EDGE_CURVE ( 'NONE', #687, #529, #1985, .T. ) ;
#464 = PRESENTATION_LAYER_ASSIGNMENT (  '', '', ( #1660 ) ) ;
#465 = CARTESIAN_POINT ( 'NONE',  ( 0.01549999999999999989, 0.002289999999999999935, -0.001196778500451628610 ) ) ;
#466 = DIRECTION ( 'NONE',  ( 0.000000000000000000, 0.000000000000000000, -1.000000000000000000 ) ) ;
#467 = CIRCLE ( 'NONE', #1612, 0.001500000000000000465 ) ;
#468 = EDGE_CURVE ( 'NONE', #2275, #1285, #1532, .T. ) ;
#469 = AXIS2_PLACEMENT_3D ( 'NONE', #399, #1925, #2773 ) ;
#470 = PLANE ( 'NONE',  #1825 ) ;
#471 = ORIENTED_EDGE ( 'NONE', *, *, #2621, .F. ) ;
#472 = CARTESIAN_POINT ( 'NONE',  ( 0.01249999999999999896, 0.002289999999999999935, 0.01102791746832727793 ) ) ;
#473 = LINE ( 'NONE', #1737, #772 ) ;
#474 = CARTESIAN_POINT ( 'NONE',  ( 0.01467131703687171197, 0.02269383831432654486, -0.002552674311657847969 ) ) ;
#475 = CARTESIAN_POINT ( 'NONE',  ( 0.01249999999999999722, 0.002289999999999999935, -0.01093619409926058217 ) ) ;
#476 = CARTESIAN_POINT ( 'NONE',  ( 0.01249999999999999722, 0.002289999999999999935, -0.01109808699784054289 ) ) ;
#477 = ORIENTED_EDGE ( 'NONE', *, *, #711, .T. ) ;
#478 = CARTESIAN_POINT ( 'NONE',  ( 0.01231658513405242683, 0.001779999999999999898, -0.009427716188955588203 ) ) ;
#479 = ORIENTED_EDGE ( 'NONE', *, *, #1293, .F. ) ;
#480 = EDGE_CURVE ( 'NONE', #859, #2559, #738, .T. ) ;
#481 = EDGE_CURVE ( 'NONE', #333, #48, #1770, .T. ) ;
#482 = CARTESIAN_POINT ( 'NONE',  ( 0.01344424140157891336, 0.02269383831432654486, 0.000000000000000000 ) ) ;
#483 = ADVANCED_FACE ( 'NONE', ( #922 ), #657, .F. ) ;
#484 = CARTESIAN_POINT ( 'NONE',  ( 0.01231658513405242683, 0.003818628677851876319, -0.003672283811044389779 ) ) ;
#485 = ORIENTED_EDGE ( 'NONE', *, *, #481, .F. ) ;
#486 = DIRECTION ( 'NONE',  ( 0.000000000000000000, 1.000000000000000000, -1.916305161557858496E-16 ) ) ;
#487 = LINE ( 'NONE', #2623, #1752 ) ;
#488 = DIRECTION ( 'NONE',  ( -0.000000000000000000, -1.000000000000000000, -3.469446951953614189E-18 ) ) ;
#489 = VECTOR ( 'NONE', #195, 1.000000000000000000 ) ;
#490 = EDGE_LOOP ( 'NONE', ( #1536, #1711, #1386, #2583 ) ) ;
#491 = VECTOR ( 'NONE', #2221, 1.000000000000000000 ) ;
#492 = CARTESIAN_POINT ( 'NONE',  ( 0.01250000000000000069, 0.02269383831432654486, -8.673617379884035472E-19 ) ) ;
#493 = ORIENTED_EDGE ( 'NONE', *, *, #1915, .F. ) ;
#494 = DIRECTION ( 'NONE',  ( 0.000000000000000000, 0.000000000000000000, 1.000000000000000000 ) ) ;
#495 = ORIENTED_EDGE ( 'NONE', *, *, #2383, .F. ) ;
#496 = EDGE_CURVE ( 'NONE', #248, #1133, #258, .T. ) ;
#497 = DIRECTION ( 'NONE',  ( 0.000000000000000000, 0.000000000000000000, -1.000000000000000000 ) ) ;
#498 = VECTOR ( 'NONE', #614, 1.000000000000000000 ) ;
#499 = ORIENTED_EDGE ( 'NONE', *, *, #691, .F. ) ;
#500 = FACE_OUTER_BOUND ( 'NONE', #997, .T. ) ;
#501 = VECTOR ( 'NONE', #559, 1.000000000000000000 ) ;
#502 = ORIENTED_EDGE ( 'NONE', *, *, #2312, .F. ) ;
#503 = PLANE ( 'NONE',  #1254 ) ;
#504 = ORIENTED_EDGE ( 'NONE', *, *, #2066, .F. ) ;
#505 = CARTESIAN_POINT ( 'NONE',  ( 0.01936545538631351607, 0.004640000000000000895, -0.01069768605465675620 ) ) ;
#506 = AXIS2_PLACEMENT_3D ( 'NONE', #307, #1160, #2661 ) ;
#507 = MECHANICAL_DESIGN_GEOMETRIC_PRESENTATION_REPRESENTATION (  '', ( #1660 ), #732 ) ;
#508 = FACE_OUTER_BOUND ( 'NONE', #2563, .T. ) ;
#509 = EDGE_LOOP ( 'NONE', ( #703, #2682, #1735, #2512 ) ) ;
#510 = CARTESIAN_POINT ( 'NONE',  ( 0.01249999999999999722, 0.002289999999999999935, -0.01206000000000000127 ) ) ;
#511 = TOROIDAL_SURFACE ( 'NONE', #1879, 0.01141826795450370455, 0.0003499999999999999964 ) ;
#512 = VERTEX_POINT ( 'NONE', #878 ) ;
#513 = LINE ( 'NONE', #1406, #803 ) ;
#514 = ORIENTED_EDGE ( 'NONE', *, *, #1253, .F. ) ;
#515 = DIRECTION ( 'NONE',  ( 0.000000000000000000, 0.000000000000000000, 1.000000000000000000 ) ) ;
#516 = EDGE_CURVE ( 'NONE', #268, #1657, #651, .T. ) ;
#517 = EDGE_CURVE ( 'NONE', #2003, #2575, #2618, .T. ) ;
#518 =( NAMED_UNIT ( * ) PLANE_ANGLE_UNIT ( ) SI_UNIT ( $, .RADIAN. ) );
#519 = DIRECTION ( 'NONE',  ( 1.000000000000000000, 0.000000000000000000, -9.912705577010328508E-16 ) ) ;
#520 = ORIENTED_EDGE ( 'NONE', *, *, #583, .F. ) ;
#521 = DIRECTION ( 'NONE',  ( -0.9999794348006325606, 0.000000000000000000, -0.006413265611796482857 ) ) ;
#522 = CARTESIAN_POINT ( 'NONE',  ( 0.01886529081886899328, 0.02269383831432654486, -0.002552674311657847969 ) ) ;
#523 = ORIENTED_EDGE ( 'NONE', *, *, #959, .F. ) ;
#524 = DIRECTION ( 'NONE',  ( 1.000000000000000000, -0.000000000000000000, -2.876821684870326519E-16 ) ) ;
#525 = ORIENTED_EDGE ( 'NONE', *, *, #1647, .F. ) ;
#526 = ORIENTED_EDGE ( 'NONE', *, *, #621, .T. ) ;
#527 = LINE ( 'NONE', #975, #1364 ) ;
#528 = VECTOR ( 'NONE', #208, 1.000000000000000000 ) ;
#529 = VERTEX_POINT ( 'NONE', #1811 ) ;
#530 = CARTESIAN_POINT ( 'NONE',  ( 0.01549999999999999642, 0.003737446932428733354, -0.01093619409926058217 ) ) ;
#531 = AXIS2_PLACEMENT_3D ( 'NONE', #245, #29, #1488 ) ;
#532 = EDGE_CURVE ( 'NONE', #1636, #1580, #2034, .T. ) ;
#533 = CARTESIAN_POINT ( 'NONE',  ( 0.01936545538631351607, 0.004440000000000000370, -0.001362313945343219699 ) ) ;
#534 = CARTESIAN_POINT ( 'NONE',  ( 0.01477692490462198353, 0.004629067178133752271, 0.0001093006594283127094 ) ) ;
#535 = VERTEX_POINT ( 'NONE', #510 ) ;
#536 = PLANE ( 'NONE',  #648 ) ;
#537 = EDGE_CURVE ( 'NONE', #1740, #2267, #1190, .T. ) ;
#538 = AXIS2_PLACEMENT_3D ( 'NONE', #1809, #62, #282 ) ;
#539 = FACE_OUTER_BOUND ( 'NONE', #2409, .T. ) ;
#540 = ORIENTED_EDGE ( 'NONE', *, *, #112, .T. ) ;
#541 = PLANE ( 'NONE',  #2054 ) ;
#542 = ORIENTED_EDGE ( 'NONE', *, *, #1471, .T. ) ;
#543 = DIRECTION ( 'NONE',  ( 0.000000000000000000, 1.000000000000000000, -1.916305161557858496E-16 ) ) ;
#544 = CIRCLE ( 'NONE', #281, 0.0005000000000000004441 ) ;
#545 = VERTEX_POINT ( 'NONE', #721 ) ;
#546 = FACE_OUTER_BOUND ( 'NONE', #2340, .T. ) ;
#547 = CARTESIAN_POINT ( 'NONE',  ( 0.01743305209949110035, 0.005428897407505453229, 0.0007589011419708736189 ) ) ;
#548 = LINE ( 'NONE', #2709, #2191 ) ;
#549 = ORIENTED_EDGE ( 'NONE', *, *, #1414, .T. ) ;
#550 = CARTESIAN_POINT ( 'NONE',  ( 0.01250000000000000069, 0.004224855572858482455, -8.673617379884035472E-19 ) ) ;
#551 = CARTESIAN_POINT ( 'NONE',  ( 0.01249999999999999722, 0.003818628677851876319, -0.01109808699784054289 ) ) ;
#552 = VERTEX_POINT ( 'NONE', #2046 ) ;
#553 = AXIS2_PLACEMENT_3D ( 'NONE', #444, #1399, #238 ) ;
#554 = DIRECTION ( 'NONE',  ( -1.000000000000000000, 0.000000000000000000, 2.876821684870326519E-16 ) ) ;
#555 = ADVANCED_FACE ( 'NONE', ( #749 ), #350, .F. ) ;
#556 = ORIENTED_EDGE ( 'NONE', *, *, #2608, .F. ) ;
#557 = AXIS2_PLACEMENT_3D ( 'NONE', #1, #244, #2596 ) ;
#558 = AXIS2_PLACEMENT_3D ( 'NONE', #2500, #1410, #2255 ) ;
#559 = DIRECTION ( 'NONE',  ( -0.9999999904440094456, -0.000000000000000000, -0.0001382460888366148400 ) ) ;
#560 = CARTESIAN_POINT ( 'NONE',  ( 0.01250000000000000069, 0.003737446932428733354, -0.001196778500451627959 ) ) ;
#561 = CARTESIAN_POINT ( 'NONE',  ( 0.01606313104083860813, 0.005193156448009561728, 0.0004566182898225197681 ) ) ;
#562 = ORIENTED_EDGE ( 'NONE', *, *, #111, .F. ) ;
#563 = LINE ( 'NONE', #2515, #1696 ) ;
#564 = CARTESIAN_POINT ( 'NONE',  ( 0.01886543465417818768, 0.004290000000000000410, -0.001512244820865402822 ) ) ;
#565 = ORIENTED_EDGE ( 'NONE', *, *, #1266, .F. ) ;
#566 = LINE ( 'NONE', #2291, #255 ) ;
#567 = ORIENTED_EDGE ( 'NONE', *, *, #1107, .F. ) ;
#568 = EDGE_CURVE ( 'NONE', #545, #1397, #2631, .T. ) ;
#569 = EDGE_CURVE ( 'NONE', #1649, #535, #2769, .T. ) ;
#570 = EDGE_CURVE ( 'NONE', #1296, #2360, #310, .T. ) ;
#571 = CARTESIAN_POINT ( 'NONE',  ( 0.01299888323744652005, 0.003289999999999996053, -0.007559215549028382858 ) ) ;
#572 = CARTESIAN_POINT ( 'NONE',  ( 0.01746091504861633364, 0.005433692164341754997, -0.01287284434083251633 ) ) ;
#573 = ORIENTED_EDGE ( 'NONE', *, *, #2689, .T. ) ;
#574 = CARTESIAN_POINT ( 'NONE',  ( 0.01521013349541097161, 0.005046369552124820891, -0.009730169746807284734 ) ) ;
#575 = CARTESIAN_POINT ( 'NONE',  ( 0.01784079112209657411, 0.003289999999999999956, -0.01089157572767378984 ) ) ;
#576 = DIRECTION ( 'NONE',  ( -0.9999999904440095566, 0.000000000000000000, 0.0001382460888366148128 ) ) ;
#577 = VERTEX_POINT ( 'NONE', #136 ) ;
#578 = DIRECTION ( 'NONE',  ( 0.000000000000000000, -1.000000000000000000, 0.000000000000000000 ) ) ;
#579 = ORIENTED_EDGE ( 'NONE', *, *, #2098, .F. ) ;
#580 = VECTOR ( 'NONE', #2619, 1.000000000000000000 ) ;
#581 = ORIENTED_EDGE ( 'NONE', *, *, #942, .F. ) ;
#582 = DIRECTION ( 'NONE',  ( 0.000000000000000000, -3.469446951953613418E-18, 1.000000000000000000 ) ) ;
#583 = EDGE_CURVE ( 'NONE', #2080, #552, #943, .T. ) ;
#584 = DIRECTION ( 'NONE',  ( 0.000000000000000000, 1.000000000000000000, 0.000000000000000000 ) ) ;
#585 = AXIS2_PLACEMENT_3D ( 'NONE', #1392, #2481, #2688 ) ;
#586 = CARTESIAN_POINT ( 'NONE',  ( 0.01331474230800762555, 0.004369492884145001130, -0.01205774709301098147 ) ) ;
#587 = ADVANCED_FACE ( 'NONE', ( #78 ), #541, .T. ) ;
#588 = ORIENTED_EDGE ( 'NONE', *, *, #112, .F. ) ;
#589 = DIRECTION ( 'NONE',  ( -0.000000000000000000, 1.000000000000000000, -0.000000000000000000 ) ) ;
#590 = DIRECTION ( 'NONE',  ( 1.000000000000000000, -0.000000000000000000, 9.185804991584198536E-16 ) ) ;
#591 = ORIENTED_EDGE ( 'NONE', *, *, #1812, .T. ) ;
#592 = CARTESIAN_POINT ( 'NONE',  ( 0.01249999999999999896, 0.005079851651430999232, -0.02312826795450370621 ) ) ;
#593 = CARTESIAN_POINT ( 'NONE',  ( 0.01743859733376646251, 0.005429851651431005788, 0.0007351540581544839569 ) ) ;
#594 = ORIENTED_EDGE ( 'NONE', *, *, #1935, .F. ) ;
#595 = AXIS2_PLACEMENT_3D ( 'NONE', #1994, #2534, #682 ) ;
#596 = VECTOR ( 'NONE', #1659, 1.000000000000000000 ) ;
#597 = DIRECTION ( 'NONE',  ( 0.000000000000000000, 1.000000000000000000, 3.469446951953613418E-18 ) ) ;
#598 = VECTOR ( 'NONE', #71, 1.000000000000000000 ) ;
#599 = LINE ( 'NONE', #835, #1823 ) ;
#600 = AXIS2_PLACEMENT_3D ( 'NONE', #788, #578, #415 ) ;
#601 = PLANE ( 'NONE',  #2615 ) ;
#602 = AXIS2_PLACEMENT_3D ( 'NONE', #2349, #2715, #1461 ) ;
#603 = ORIENTED_EDGE ( 'NONE', *, *, #1054, .F. ) ;
#604 = EDGE_CURVE ( 'NONE', #545, #1756, #1418, .T. ) ;
#605 = EDGE_CURVE ( 'NONE', #2452, #1163, #1481, .T. ) ;
#606 = CARTESIAN_POINT ( 'NONE',  ( 0.01250000000000000069, 0.004579999999999999870, -0.0001449747468305835391 ) ) ;
#607 = ORIENTED_EDGE ( 'NONE', *, *, #9, .F. ) ;
#608 = CARTESIAN_POINT ( 'NONE',  ( 0.01930364823086004947, 0.004790000000000000854, 0.0009876946217109436928 ) ) ;
#609 = FACE_BOUND ( 'NONE', #642, .T. ) ;
#610 = VERTEX_POINT ( 'NONE', #1822 ) ;
#611 = FACE_OUTER_BOUND ( 'NONE', #1391, .T. ) ;
#612 = CARTESIAN_POINT ( 'NONE',  ( 0.01784079112209657411, 0.002289999999999999935, -0.001164956223306671743 ) ) ;
#613 = DIRECTION ( 'NONE',  ( -3.562274262511086377E-16, -0.000000000000000000, -1.000000000000000000 ) ) ;
#614 = DIRECTION ( 'NONE',  ( 0.000000000000000000, -1.000000000000000000, 3.469446951953613033E-18 ) ) ;
#615 = DIRECTION ( 'NONE',  ( -0.0001382460888363357121, -0.000000000000000000, -0.9999999904440094456 ) ) ;
#616 = AXIS2_PLACEMENT_3D ( 'NONE', #2019, #2645, #44 ) ;
#617 = VERTEX_POINT ( 'NONE', #2667 ) ;
#618 = DIRECTION ( 'NONE',  ( 0.000000000000000000, 0.000000000000000000, -1.000000000000000000 ) ) ;
#619 = CARTESIAN_POINT ( 'NONE',  ( 0.01411363876634534088, 0.004290000000000000410, -0.009739569331741672331 ) ) ;
#620 = AXIS2_PLACEMENT_3D ( 'NONE', #2516, #576, #1459 ) ;
#621 = EDGE_CURVE ( 'NONE', #1370, #375, #1840, .T. ) ;
#622 = DIRECTION ( 'NONE',  ( -0.000000000000000000, -1.000000000000000000, 3.469446951953613418E-18 ) ) ;
#623 = ORIENTED_EDGE ( 'NONE', *, *, #400, .T. ) ;
#624 = LINE ( 'NONE', #181, #45 ) ;
#625 = DIRECTION ( 'NONE',  ( 0.000000000000000000, -0.000000000000000000, 1.000000000000000000 ) ) ;
#626 = EDGE_CURVE ( 'NONE', #1166, #1462, #957, .T. ) ;
#627 = ORIENTED_EDGE ( 'NONE', *, *, #2104, .T. ) ;
#628 = LINE ( 'NONE', #1240, #1967 ) ;
#629 = VECTOR ( 'NONE', #1820, 1.000000000000000000 ) ;
#630 = DIRECTION ( 'NONE',  ( 0.000000000000000000, -0.000000000000000000, -1.000000000000000000 ) ) ;
#631 = FACE_OUTER_BOUND ( 'NONE', #1830, .T. ) ;
#632 = ORIENTED_EDGE ( 'NONE', *, *, #893, .F. ) ;
#633 = LINE ( 'NONE', #883, #673 ) ;
#634 = ORIENTED_EDGE ( 'NONE', *, *, #1173, .T. ) ;
#635 = CARTESIAN_POINT ( 'NONE',  ( 0.01886578026940026812, 0.004290000000000000410, 0.0009877551552446208610 ) ) ;
#636 = ORIENTED_EDGE ( 'NONE', *, *, #69, .F. ) ;
#637 = CARTESIAN_POINT ( 'NONE',  ( 0.01321013349541096463, 0.004702202334595117182, -0.01073016974680728562 ) ) ;
#638 = EDGE_LOOP ( 'NONE', ( #634, #795, #1067, #1019 ) ) ;
#639 = EDGE_CURVE ( 'NONE', #871, #877, #2230, .T. ) ;
#640 = DIRECTION ( 'NONE',  ( -0.000000000000000000, -1.000000000000000000, -0.000000000000000000 ) ) ;
#641 = DIRECTION ( 'NONE',  ( -1.000000000000000000, 0.000000000000000000, 0.000000000000000000 ) ) ;
#642 = EDGE_LOOP ( 'NONE', ( #2126, #1730 ) ) ;
#643 = EDGE_CURVE ( 'NONE', #1213, #2051, #2679, .T. ) ;
#644 = VECTOR ( 'NONE', #1407, 1.000000000000000000 ) ;
#645 = DIRECTION ( 'NONE',  ( 0.000000000000000000, 0.000000000000000000, 1.000000000000000000 ) ) ;
#646 = CARTESIAN_POINT ( 'NONE',  ( 0.01299888323744652005, 0.003289999999999996053, -0.006059215549028381526 ) ) ;
#647 = PLANE ( 'NONE',  #2718 ) ;
#648 = AXIS2_PLACEMENT_3D ( 'NONE', #2316, #1232, #2102 ) ;
#649 = CARTESIAN_POINT ( 'NONE',  ( 0.01784079112209657411, 0.003289999999999999956, -0.001168424272326187147 ) ) ;
#650 = VERTEX_POINT ( 'NONE', #2699 ) ;
#651 = CIRCLE ( 'NONE', #2148, 0.001500000000000000465 ) ;
#652 = ORIENTED_EDGE ( 'NONE', *, *, #1734, .T. ) ;
#653 = DIRECTION ( 'NONE',  ( -2.876821684870326519E-16, -3.207698735164214236E-17, -1.000000000000000000 ) ) ;
#654 = DIRECTION ( 'NONE',  ( 0.000000000000000000, 0.000000000000000000, 1.000000000000000000 ) ) ;
#655 = LINE ( 'NONE', #860, #1661 ) ;
#656 = ORIENTED_EDGE ( 'NONE', *, *, #70, .F. ) ;
#657 = CYLINDRICAL_SURFACE ( 'NONE', #821, 0.0005000000000000008778 ) ;
#658 = PLANE ( 'NONE',  #506 ) ;
#659 = EDGE_CURVE ( 'NONE', #1120, #1237, #759, .T. ) ;
#660 = CARTESIAN_POINT ( 'NONE',  ( 0.01000000000000000021, 0.003818628677851876319, -0.0009646135390166705060 ) ) ;
#661 = EDGE_CURVE ( 'NONE', #2415, #1310, #2276, .T. ) ;
#662 = VERTEX_POINT ( 'NONE', #388 ) ;
#663 = CARTESIAN_POINT ( 'NONE',  ( 0.01250000000000000069, 0.004579999999999999870, -0.01171015428151223753 ) ) ;
#664 = DIRECTION ( 'NONE',  ( 0.000000000000000000, 0.000000000000000000, 1.000000000000000000 ) ) ;
#665 = ORIENTED_EDGE ( 'NONE', *, *, #319, .F. ) ;
#666 = ORIENTED_EDGE ( 'NONE', *, *, #2638, .T. ) ;
#667 = CARTESIAN_POINT ( 'NONE',  ( 0.01000000000000000021, 0.002289999999999999935, -0.0009646135390166705060 ) ) ;
#668 = CARTESIAN_POINT ( 'NONE',  ( 0.01056658513405242701, 0.001779999999999999898, -0.003672283811044388044 ) ) ;
#669 = DIRECTION ( 'NONE',  ( -0.000000000000000000, 1.000000000000000000, -0.000000000000000000 ) ) ;
#670 = VERTEX_POINT ( 'NONE', #1882 ) ;
#671 = CARTESIAN_POINT ( 'NONE',  ( 0.01921578026605567924, 0.004290000000000000410, -0.01304770676911350472 ) ) ;
#672 = CYLINDRICAL_SURFACE ( 'NONE', #553, 0.0001500000000000008813 ) ;
#673 = VECTOR ( 'NONE', #2177, 1.000000000000000000 ) ;
#674 = EDGE_CURVE ( 'NONE', #1995, #1106, #1239, .T. ) ;
#675 = DIRECTION ( 'NONE',  ( -0.0001382460888363357121, 0.000000000000000000, -0.9999999904440094456 ) ) ;
#676 = CARTESIAN_POINT ( 'NONE',  ( 0.01743305209949108300, 0.005428897407505450627, -0.01285925162814729496 ) ) ;
#677 = EDGE_CURVE ( 'NONE', #1580, #2250, #832, .T. ) ;
#678 = EDGE_LOOP ( 'NONE', ( #1909, #2281, #2538, #165, #774, #982, #2413, #1412, #1725, #2358, #1620 ) ) ;
#679 = CARTESIAN_POINT ( 'NONE',  ( 0.01921578026605567924, 0.004640000000000000895, -0.01304770676911350472 ) ) ;
#680 = CARTESIAN_POINT ( 'NONE',  ( 0.01936575952770895614, 0.004640000000000000895, 0.0008376860336336010337 ) ) ;
#681 = AXIS2_PLACEMENT_3D ( 'NONE', #474, #289, #1587 ) ;
#682 = DIRECTION ( 'NONE',  ( 0.000000000000000000, -3.469446951953613418E-18, 1.000000000000000000 ) ) ;
#683 =( BOUNDED_CURVE ( )  B_SPLINE_CURVE ( 3, ( #1500, #2127, #449, #1977 ),
 .UNSPECIFIED., .F., .T. ) 
 B_SPLINE_CURVE_WITH_KNOTS ( ( 4, 4 ),
 ( -8.881784197001252323E-16, 1.570796326794896780 ),
 .UNSPECIFIED. ) 
 CURVE ( )  GEOMETRIC_REPRESENTATION_ITEM ( )  RATIONAL_B_SPLINE_CURVE ( ( 1.000000000000000000, 0.8047378541243646044, 0.8047378541243646044, 1.000000000000000000 ) ) 
 REPRESENTATION_ITEM ( '' )  );
#684 = VERTEX_POINT ( 'NONE', #2758 ) ;
#685 = LINE ( 'NONE', #432, #426 ) ;
#686 = CARTESIAN_POINT ( 'NONE',  ( 0.01250000000000000069, 0.004579999999999999870, -0.01171015428151223753 ) ) ;
#687 = VERTEX_POINT ( 'NONE', #1717 ) ;
#688 = PLANE ( 'NONE',  #7 ) ;
#689 = VECTOR ( 'NONE', #2337, 1.000000000000000000 ) ;
#690 = ORIENTED_EDGE ( 'NONE', *, *, #232, .F. ) ;
#691 = EDGE_CURVE ( 'NONE', #2283, #871, #2416, .T. ) ;
#692 = EDGE_CURVE ( 'NONE', #1630, #1576, #2743, .T. ) ;
#693 = DIRECTION ( 'NONE',  ( -0.000000000000000000, -1.000000000000000000, -0.000000000000000000 ) ) ;
#694 = LINE ( 'NONE', #1783, #1448 ) ;
#695 = VECTOR ( 'NONE', #1996, 1.000000000000000000 ) ;
#696 = EDGE_CURVE ( 'NONE', #687, #2678, #2518, .T. ) ;
#697 = VECTOR ( 'NONE', #618, 1.000000000000000000 ) ;
#698 = DIRECTION ( 'NONE',  ( -1.000000000000000000, 0.000000000000000000, 0.000000000000000000 ) ) ;
#699 = ORIENTED_EDGE ( 'NONE', *, *, #402, .F. ) ;
#700 = FACE_OUTER_BOUND ( 'NONE', #2787, .T. ) ;
#701 = CARTESIAN_POINT ( 'NONE',  ( 0.01521013349541097161, 0.005046369552124820891, -0.001329830253192690933 ) ) ;
#702 = CARTESIAN_POINT ( 'NONE',  ( 0.01250000000000000069, 0.002289999999999999935, -8.673617379884035472E-19 ) ) ;
#703 = ORIENTED_EDGE ( 'NONE', *, *, #1899, .T. ) ;
#704 = ORIENTED_EDGE ( 'NONE', *, *, #1420, .T. ) ;
#705 = CYLINDRICAL_SURFACE ( 'NONE', #249, 0.0001500000000000008813 ) ;
#706 = PLANE ( 'NONE',  #616 ) ;
#707 = EDGE_CURVE ( 'NONE', #1310, #2698, #1869, .T. ) ;
#708 = CARTESIAN_POINT ( 'NONE',  ( 0.009999999999999996739, 0.003980000000000000031, -0.01176000000000000482 ) ) ;
#709 = ORIENTED_EDGE ( 'NONE', *, *, #1596, .T. ) ;
#710 = DIRECTION ( 'NONE',  ( 0.000000000000000000, 0.000000000000000000, 1.000000000000000000 ) ) ;
#711 = EDGE_CURVE ( 'NONE', #2203, #1397, #566, .T. ) ;
#712 = CARTESIAN_POINT ( 'NONE',  ( 0.01886578026940026812, 0.002289999999999999935, 0.0009877551552446208610 ) ) ;
#713 = ORIENTED_EDGE ( 'NONE', *, *, #496, .F. ) ;
#714 = CIRCLE ( 'NONE', #2169, 0.01106826795450370493 ) ;
#715 = CARTESIAN_POINT ( 'NONE',  ( 0.01231658513405242683, 0.003818628677851876319, -0.008387716188955587210 ) ) ;
#716 = DIRECTION ( 'NONE',  ( 0.000000000000000000, -1.000000000000000000, 0.000000000000000000 ) ) ;
#717 = DIRECTION ( 'NONE',  ( 0.000000000000000000, -1.000000000000000000, 0.000000000000000000 ) ) ;
#718 = VECTOR ( 'NONE', #1377, 1.000000000000000000 ) ;
#719 = CARTESIAN_POINT ( 'NONE',  ( 0.01886579238516119389, 0.004789999999999999120, -0.01304775515356964080 ) ) ;
#720 = ORIENTED_EDGE ( 'NONE', *, *, #1675, .T. ) ;
#721 = CARTESIAN_POINT ( 'NONE',  ( 0.01886578026940026812, 0.004290000000000000410, -0.01304775515524459785 ) ) ;
#722 = ORIENTED_EDGE ( 'NONE', *, *, #1766, .T. ) ;
#723 = ADVANCED_FACE ( 'NONE', ( #2108 ), #2133, .T. ) ;
#724 = CARTESIAN_POINT ( 'NONE',  ( 0.01886586516245858380, 0.005429851651430998849, -0.01364920661836697101 ) ) ;
#725 = CARTESIAN_POINT ( 'NONE',  ( 0.01886591655098299181, 0.005429851651431001451, 0.001973544934649726357 ) ) ;
#726 = TOROIDAL_SURFACE ( 'NONE', #2310, 3.468049019515404008E-06, 0.001000000000000000021 ) ;
#727 = LINE ( 'NONE', #980, #1093 ) ;
#728 = CARTESIAN_POINT ( 'NONE',  ( 0.01231658513405242683, 0.004279999999999999950, -0.009427716188955588203 ) ) ;
#729 = EDGE_LOOP ( 'NONE', ( #523, #1894, #105, #2385, #2445, #2526, #2390, #2058, #924, #1148, #1663, #2063 ) ) ;
#730 = FACE_BOUND ( 'NONE', #1868, .T. ) ;
#731 = VECTOR ( 'NONE', #197, 1.000000000000000000 ) ;
#732 =( GEOMETRIC_REPRESENTATION_CONTEXT ( 3 ) GLOBAL_UNCERTAINTY_ASSIGNED_CONTEXT ( ( #1303 ) ) GLOBAL_UNIT_ASSIGNED_CONTEXT ( ( #2456, #518, #2676 ) ) REPRESENTATION_CONTEXT ( 'NONE', 'WORKASPACE' ) );
#733 = LINE ( 'NONE', #2008, #1217 ) ;
#734 = VERTEX_POINT ( 'NONE', #2304 ) ;
#735 = VECTOR ( 'NONE', #1212, 1.000000000000000000 ) ;
#736 = DIRECTION ( 'NONE',  ( -0.0001382460888366148128, -0.000000000000000000, -0.9999999904440095566 ) ) ;
#737 = ORIENTED_EDGE ( 'NONE', *, *, #2765, .F. ) ;
#738 = CIRCLE ( 'NONE', #1383, 0.0005000000000000004441 ) ;
#739 = DIRECTION ( 'NONE',  ( 0.000000000000000000, 1.567294434059074138E-16, 1.000000000000000000 ) ) ;
#740 = EDGE_CURVE ( 'NONE', #1026, #2311, #2118, .T. ) ;
#741 = DIRECTION ( 'NONE',  ( -0.0001382460888366148128, -0.000000000000000000, -0.9999999904440095566 ) ) ;
#742 = ADVANCED_FACE ( 'NONE', ( #1017 ), #1031, .T. ) ;
#743 = CARTESIAN_POINT ( 'NONE',  ( 0.01480497695857770427, 0.004976648753151880454, -0.0002315467395277533071 ) ) ;
#744 = DIRECTION ( 'NONE',  ( -0.000000000000000000, -0.000000000000000000, 1.000000000000000000 ) ) ;
#745 = VERTEX_POINT ( 'NONE', #182 ) ;
#746 = CARTESIAN_POINT ( 'NONE',  ( 0.01886578026940027852, 0.004290000000000000410, 0.0009877551552446206442 ) ) ;
#747 = CARTESIAN_POINT ( 'NONE',  ( 0.01339972460214248345, 0.004734827856431198141, -0.0003499999999999988038 ) ) ;
#748 = EDGE_LOOP ( 'NONE', ( #174, #188, #1126, #2322 ) ) ;
#749 = FACE_OUTER_BOUND ( 'NONE', #1138, .T. ) ;
#750 = DIRECTION ( 'NONE',  ( 0.000000000000000000, 1.916305161557858250E-16, 1.000000000000000000 ) ) ;
#751 = VECTOR ( 'NONE', #1312, 1.000000000000000000 ) ;
#752 = LINE ( 'NONE', #156, #1136 ) ;
#753 = EDGE_CURVE ( 'NONE', #140, #1439, #773, .T. ) ;
#754 = CARTESIAN_POINT ( 'NONE',  ( 0.01340530050200003202, 0.004385569247880043500, -3.264993846580825729E-06 ) ) ;
#755 = ORIENTED_EDGE ( 'NONE', *, *, #435, .F. ) ;
#756 = DIRECTION ( 'NONE',  ( -1.000000000000000000, 0.000000000000000000, 2.876821684870326519E-16 ) ) ;
#757 = DIRECTION ( 'NONE',  ( -0.000000000000000000, 1.000000000000000000, -0.000000000000000000 ) ) ;
#758 = ORIENTED_EDGE ( 'NONE', *, *, #1641, .F. ) ;
#759 = LINE ( 'NONE', #1650, #1007 ) ;
#760 = ORIENTED_EDGE ( 'NONE', *, *, #2506, .T. ) ;
#761 = ORIENTED_EDGE ( 'NONE', *, *, #1343, .F. ) ;
#762 = AXIS2_PLACEMENT_3D ( 'NONE', #770, #2318, #1491 ) ;
#763 = VERTEX_POINT ( 'NONE', #2321 ) ;
#764 = CARTESIAN_POINT ( 'NONE',  ( 0.01467131703687171197, 0.004290000000000002145, -0.008929571932645010562 ) ) ;
#765 = CYLINDRICAL_SURFACE ( 'NONE', #558, 0.0003499999999999998880 ) ;
#766 = CARTESIAN_POINT ( 'NONE',  ( 0.01886588597303453380, 0.005399558074973415112, 0.001752360028598231104 ) ) ;
#767 = ORIENTED_EDGE ( 'NONE', *, *, #1069, .T. ) ;
#768 = CYLINDRICAL_SURFACE ( 'NONE', #1235, 0.0001500000000000008271 ) ;
#769 = EDGE_CURVE ( 'NONE', #2559, #2203, #361, .T. ) ;
#770 = CARTESIAN_POINT ( 'NONE',  ( 0.01231658513405242683, 0.001779999999999999898, -0.008387716188955587210 ) ) ;
#771 = EDGE_LOOP ( 'NONE', ( #2129, #652, #1523, #1639, #1234, #1404 ) ) ;
#772 = VECTOR ( 'NONE', #2580, 1.000000000000000000 ) ;
#773 = LINE ( 'NONE', #1450, #2192 ) ;
#774 = ORIENTED_EDGE ( 'NONE', *, *, #92, .T. ) ;
#775 = EDGE_CURVE ( 'NONE', #85, #2735, #1221, .T. ) ;
#776 = VERTEX_POINT ( 'NONE', #612 ) ;
#777 = VECTOR ( 'NONE', #1164, 1.000000000000000000 ) ;
#778 = CARTESIAN_POINT ( 'NONE',  ( 0.01421013349541096725, 0.004874285943359969037, -0.009730169746807284734 ) ) ;
#779 = ORIENTED_EDGE ( 'NONE', *, *, #1562, .F. ) ;
#780 = CARTESIAN_POINT ( 'NONE',  ( 0.01231658513405242683, 0.003818628677851876319, -0.002632283811044388785 ) ) ;
#781 = ORIENTED_EDGE ( 'NONE', *, *, #480, .T. ) ;
#782 = ORIENTED_EDGE ( 'NONE', *, *, #2690, .F. ) ;
#783 = DIRECTION ( 'NONE',  ( 0.000000000000000000, 1.000000000000000000, 3.469446951953613418E-18 ) ) ;
#784 = ORIENTED_EDGE ( 'NONE', *, *, #1466, .T. ) ;
#785 = DIRECTION ( 'NONE',  ( 0.0001382460888366148400, 0.000000000000000000, -0.9999999904440094456 ) ) ;
#786 = ORIENTED_EDGE ( 'NONE', *, *, #2761, .T. ) ;
#787 = ADVANCED_FACE ( 'NONE', ( #1494 ), #2334, .T. ) ;
#788 = CARTESIAN_POINT ( 'NONE',  ( 0.01421013349541096725, 0.004290000000000000410, -0.01023016974680728518 ) ) ;
#789 = ORIENTED_EDGE ( 'NONE', *, *, #1453, .F. ) ;
#790 = EDGE_CURVE ( 'NONE', #2595, #2004, #2057, .T. ) ;
#791 = ORIENTED_EDGE ( 'NONE', *, *, #516, .F. ) ;
#792 = CARTESIAN_POINT ( 'NONE',  ( 0.01936564335077421012, 0.004440000000000000370, -0.01205732277552334919 ) ) ;
#793 = DIRECTION ( 'NONE',  ( -0.000000000000000000, 1.000000000000000000, -0.000000000000000000 ) ) ;
#794 = CARTESIAN_POINT ( 'NONE',  ( 0.01731619488220841746, 0.005079851651431000967, -0.01316278641223576386 ) ) ;
#795 = ORIENTED_EDGE ( 'NONE', *, *, #1290, .F. ) ;
#796 = DIRECTION ( 'NONE',  ( 0.000000000000000000, 1.000000000000000000, 3.469446951953613418E-18 ) ) ;
#797 = CARTESIAN_POINT ( 'NONE',  ( 0.01886578430798831196, 0.002289999999999993430, -0.01298100319060154113 ) ) ;
#798 = CARTESIAN_POINT ( 'NONE',  ( 0.01936577167511153996, 0.004727867965644036267, -0.01298555399843794901 ) ) ;
#799 = ORIENTED_EDGE ( 'NONE', *, *, #2780, .F. ) ;
#800 = CARTESIAN_POINT ( 'NONE',  ( 0.01249999999999999722, 0.004409456637961326093, -0.01202265206580504196 ) ) ;
#801 = DIRECTION ( 'NONE',  ( -0.000000000000000000, -1.000000000000000000, -0.000000000000000000 ) ) ;
#802 = ORIENTED_EDGE ( 'NONE', *, *, #2166, .T. ) ;
#803 = VECTOR ( 'NONE', #1390, 1.000000000000000000 ) ;
#804 = EDGE_LOOP ( 'NONE', ( #704, #1669, #1338, #337 ) ) ;
#805 = DIRECTION ( 'NONE',  ( -0.000000000000000000, 1.000000000000000000, 0.000000000000000000 ) ) ;
#806 = ADVANCED_FACE ( 'NONE', ( #879 ), #672, .T. ) ;
#807 = ADVANCED_FACE ( 'NONE', ( #939, #457, #730 ), #953, .F. ) ;
#808 = CARTESIAN_POINT ( 'NONE',  ( 0.01743305209949108300, 0.005428897407505450627, -0.01285925162814729496 ) ) ;
#809 = CARTESIAN_POINT ( 'NONE',  ( 0.01580622160088055936, 0.004811793305400731587, -0.01253161253869867348 ) ) ;
#810 = VERTEX_POINT ( 'NONE', #505 ) ;
#811 = FACE_OUTER_BOUND ( 'NONE', #1155, .T. ) ;
#812 = ORIENTED_EDGE ( 'NONE', *, *, #1125, .T. ) ;
#813 = LINE ( 'NONE', #2783, #1332 ) ;
#814 = CARTESIAN_POINT ( 'NONE',  ( 0.01936578026462228153, 0.004290000000000000410, -0.01304768603220017933 ) ) ;
#815 = ORIENTED_EDGE ( 'NONE', *, *, #604, .F. ) ;
#816 = CARTESIAN_POINT ( 'NONE',  ( 0.01739521281012474524, 0.005422385886038202062, 0.0008383508932305782290 ) ) ;
#817 = CARTESIAN_POINT ( 'NONE',  ( 0.01743849545346043764, 0.005429834119500283503, 0.0007373972772495977247 ) ) ;
#818 = CIRCLE ( 'NONE', #2627, 0.001500000000000000465 ) ;
#819 = CARTESIAN_POINT ( 'NONE',  ( 0.01936545538631351607, 0.004290000000000000410, -0.01069768605465675620 ) ) ;
#820 = DIRECTION ( 'NONE',  ( -0.9999999904440094456, -0.000000000000000000, 0.0001382460888366148400 ) ) ;
#821 = AXIS2_PLACEMENT_3D ( 'NONE', #1542, #2381, #2171 ) ;
#822 = EDGE_CURVE ( 'NONE', #2120, #2246, #1368, .T. ) ;
#823 = CARTESIAN_POINT ( 'NONE',  ( 0.01574949876078749617, 0.005139185473433327371, -0.01251421697380607906 ) ) ;
#824 = AXIS2_PLACEMENT_3D ( 'NONE', #151, #1003, #1529 ) ;
#825 = ORIENTED_EDGE ( 'NONE', *, *, #1247, .T. ) ;
#826 = EDGE_CURVE ( 'NONE', #2246, #687, #1819, .T. ) ;
#827 = ORIENTED_EDGE ( 'NONE', *, *, #2371, .F. ) ;
#828 = LINE ( 'NONE', #410, #912 ) ;
#829 = FACE_OUTER_BOUND ( 'NONE', #2264, .T. ) ;
#830 = ORIENTED_EDGE ( 'NONE', *, *, #639, .F. ) ;
#831 = CARTESIAN_POINT ( 'NONE',  ( 0.01000000000000000021, 0.003980000000000000031, -0.0006000000000000027664 ) ) ;
#832 = LINE ( 'NONE', #2507, #2190 ) ;
#833 = ORIENTED_EDGE ( 'NONE', *, *, #1034, .T. ) ;
#834 = FACE_OUTER_BOUND ( 'NONE', #1885, .T. ) ;
#835 = CARTESIAN_POINT ( 'NONE',  ( 0.01467131703687171197, 0.02269383831432654486, -0.002552674311657847969 ) ) ;
#836 = CARTESIAN_POINT ( 'NONE',  ( 0.01328114921839835053, 0.004714422976485829059, -0.01170767585174198495 ) ) ;
#837 = VECTOR ( 'NONE', #716, 1.000000000000000000 ) ;
#838 = EDGE_LOOP ( 'NONE', ( #825, #1480, #1815, #1891 ) ) ;
#839 = CARTESIAN_POINT ( 'NONE',  ( 0.01250000000000000069, 0.004432894361676760313, -6.166975876637008707E-19 ) ) ;
#840 = ORIENTED_EDGE ( 'NONE', *, *, #352, .F. ) ;
#841 = VECTOR ( 'NONE', #744, 1.000000000000000000 ) ;
#842 = CARTESIAN_POINT ( 'NONE',  ( 0.01936575952770895614, 0.004640000000000000895, 0.0008376860336336010337 ) ) ;
#843 = ORIENTED_EDGE ( 'NONE', *, *, #1777, .T. ) ;
#844 = EDGE_CURVE ( 'NONE', #1839, #1213, #1002, .T. ) ;
#845 = LINE ( 'NONE', #1297, #271 ) ;
#846 = ORIENTED_EDGE ( 'NONE', *, *, #1020, .T. ) ;
#847 = CARTESIAN_POINT ( 'NONE',  ( 0.009999999999999996739, 0.002289999999999999935, -0.01176000000000000482 ) ) ;
#848 = CARTESIAN_POINT ( 'NONE',  ( 0.01411363876634534088, 0.003737446932428733354, -0.01093619409926058217 ) ) ;
#849 = ORIENTED_EDGE ( 'NONE', *, *, #481, .T. ) ;
#850 = CARTESIAN_POINT ( 'NONE',  ( 0.01743859733376642088, 0.005429851651430998849, -0.008911824264094390935 ) ) ;
#851 = AXIS2_PLACEMENT_3D ( 'NONE', #2067, #1896, #2448 ) ;
#852 = CIRCLE ( 'NONE', #2478, 0.0005000000000000004441 ) ;
#853 = DIRECTION ( 'NONE',  ( 0.000000000000000000, 0.000000000000000000, 1.000000000000000000 ) ) ;
#854 = VECTOR ( 'NONE', #1505, 1.000000000000000000 ) ;
#855 = LINE ( 'NONE', #1548, #2317 ) ;
#856 = ORIENTED_EDGE ( 'NONE', *, *, #2104, .F. ) ;
#857 = FACE_OUTER_BOUND ( 'NONE', #509, .T. ) ;
#858 = CARTESIAN_POINT ( 'NONE',  ( 0.01743859733376642088, 0.005429851651430998849, -0.002552674311657846667 ) ) ;
#859 = VERTEX_POINT ( 'NONE', #2172 ) ;
#860 = CARTESIAN_POINT ( 'NONE',  ( 0.01421013349541096725, 0.01429000000000000062, -0.009730169746807284734 ) ) ;
#861 = ADVANCED_FACE ( 'NONE', ( #1957 ), #433, .F. ) ;
#862 = ORIENTED_EDGE ( 'NONE', *, *, #2638, .F. ) ;
#863 = VECTOR ( 'NONE', #1566, 1.000000000000000000 ) ;
#864 = CARTESIAN_POINT ( 'NONE',  ( 0.01344410000317869218, 0.004390737385252318353, -1.210975650596634859E-08 ) ) ;
#865 = ADVANCED_FACE ( 'NONE', ( #1090 ), #2236, .T. ) ;
#866 = DIRECTION ( 'NONE',  ( 0.0001382460888363357121, 0.000000000000000000, -0.9999999904440094456 ) ) ;
#867 = PLANE ( 'NONE',  #2701 ) ;
#868 = VECTOR ( 'NONE', #1726, 1.000000000000000000 ) ;
#869 = CARTESIAN_POINT ( 'NONE',  ( 0.01921543465083358840, 0.004790000000000000854, -0.001512293206996495522 ) ) ;
#870 = CARTESIAN_POINT ( 'NONE',  ( 0.01886579238516139512, 0.004290000000000002145, -0.01304775515524459785 ) ) ;
#871 = VERTEX_POINT ( 'NONE', #1837 ) ;
#872 = AXIS2_PLACEMENT_3D ( 'NONE', #2395, #2214, #645 ) ;
#873 = CARTESIAN_POINT ( 'NONE',  ( 0.01411363876634534088, 0.004290000000000000410, -0.002320430668258305525 ) ) ;
#874 = DIRECTION ( 'NONE',  ( -0.000000000000000000, -1.000000000000000000, -0.000000000000000000 ) ) ;
#875 = DIRECTION ( 'NONE',  ( -1.000000000000000000, -0.000000000000000000, 2.876821684870326519E-16 ) ) ;
#876 = EDGE_CURVE ( 'NONE', #1933, #1439, #1554, .T. ) ;
#877 = VERTEX_POINT ( 'NONE', #2161 ) ;
#878 = CARTESIAN_POINT ( 'NONE',  ( 0.01250000000000000069, 0.002289999999999999935, -0.001196778500451627742 ) ) ;
#879 = FACE_OUTER_BOUND ( 'NONE', #748, .T. ) ;
#880 = ADVANCED_FACE ( 'NONE', ( #293 ), #87, .F. ) ;
#881 = DIRECTION ( 'NONE',  ( -0.9999999904440094456, -0.000000000000000000, -0.0001382460888366148400 ) ) ;
#882 = LINE ( 'NONE', #702, #51 ) ;
#883 = CARTESIAN_POINT ( 'NONE',  ( 0.01255935681503822163, 0.004235069907795045892, -8.128377252021405759E-19 ) ) ;
#884 = ORIENTED_EDGE ( 'NONE', *, *, #1085, .F. ) ;
#885 = LINE ( 'NONE', #465, #1571 ) ;
#886 = DIRECTION ( 'NONE',  ( 2.876821684870326519E-16, 1.498089012032067810E-16, 1.000000000000000000 ) ) ;
#887 = CARTESIAN_POINT ( 'NONE',  ( 0.01231658513405242683, 0.004279999999999999950, -0.008387716188955587210 ) ) ;
#888 = EDGE_LOOP ( 'NONE', ( #242, #1645, #1963, #1013, #1557 ) ) ;
#889 = CARTESIAN_POINT ( 'NONE',  ( 0.01231658513405242683, 0.003818628677851876319, -0.01109808699784054289 ) ) ;
#890 = EDGE_CURVE ( 'NONE', #745, #2598, #1147, .T. ) ;
#891 = APPLICATION_CONTEXT ( 'automotive_design' ) ;
#892 = CARTESIAN_POINT ( 'NONE',  ( 0.01936578026462228153, 0.004290000000000000410, 0.0009876860322002023462 ) ) ;
#893 = EDGE_CURVE ( 'NONE', #270, #990, #2122, .T. ) ;
#894 = EDGE_CURVE ( 'NONE', #1222, #2492, #12, .T. ) ;
#895 = AXIS2_PLACEMENT_3D ( 'NONE', #1893, #178, #1248 ) ;
#896 = DIRECTION ( 'NONE',  ( -0.000000000000000000, 0.000000000000000000, 1.000000000000000000 ) ) ;
#897 = ADVANCED_FACE ( 'NONE', ( #317 ), #658, .T. ) ;
#898 = VERTEX_POINT ( 'NONE', #101 ) ;
#899 = EDGE_LOOP ( 'NONE', ( #2007, #2286, #1670, #690 ) ) ;
#900 = PLANE ( 'NONE',  #1238 ) ;
#901 = DIRECTION ( 'NONE',  ( 1.000000000000000000, -0.000000000000000000, -2.876821684870326519E-16 ) ) ;
#902 = AXIS2_PLACEMENT_3D ( 'NONE', #1275, #1484, #2309 ) ;
#903 = AXIS2_PLACEMENT_3D ( 'NONE', #1632, #1784, #2628 ) ;
#904 = VECTOR ( 'NONE', #1890, 1.000000000000000000 ) ;
#905 = CYLINDRICAL_SURFACE ( 'NONE', #1859, 0.01106826795450370493 ) ;
#906 = VERTEX_POINT ( 'NONE', #1617 ) ;
#907 = CARTESIAN_POINT ( 'NONE',  ( 0.01000000000000000021, 0.004279999999999999950, -0.0006000000000000027664 ) ) ;
#908 = VECTOR ( 'NONE', #1241, 1.000000000000000000 ) ;
#909 = DIRECTION ( 'NONE',  ( -0.9999999904440094456, 0.000000000000000000, 0.0001382460888366148400 ) ) ;
#910 = FACE_OUTER_BOUND ( 'NONE', #349, .T. ) ;
#911 = EDGE_CURVE ( 'NONE', #1255, #1889, #2248, .T. ) ;
#912 = VECTOR ( 'NONE', #2328, 1.000000000000000000 ) ;
#913 = ORIENTED_EDGE ( 'NONE', *, *, #2745, .F. ) ;
#914 = ORIENTED_EDGE ( 'NONE', *, *, #2232, .T. ) ;
#915 = VECTOR ( 'NONE', #118, 1.000000000000000000 ) ;
#916 = DIRECTION ( 'NONE',  ( 0.000000000000000000, 0.000000000000000000, -1.000000000000000000 ) ) ;
#917 = ADVANCED_FACE ( 'NONE', ( #2711 ), #2288, .F. ) ;
#918 = LINE ( 'NONE', #99, #837 ) ;
#919 = VECTOR ( 'NONE', #2023, 1.000000000000000000 ) ;
#920 = CARTESIAN_POINT ( 'NONE',  ( 0.01411363876634534088, 0.004290000000000000410, -0.01072077016187289802 ) ) ;
#921 = ORIENTED_EDGE ( 'NONE', *, *, #1691, .T. ) ;
#922 = FACE_OUTER_BOUND ( 'NONE', #1527, .T. ) ;
#923 = DIRECTION ( 'NONE',  ( -0.9999999904440094456, -0.000000000000000000, 0.0001382460888366148400 ) ) ;
#924 = ORIENTED_EDGE ( 'NONE', *, *, #1899, .F. ) ;
#925 = CARTESIAN_POINT ( 'NONE',  ( 0.01299888323744652005, 0.003289999999999999522, -0.006559215549028381970 ) ) ;
#926 = EDGE_LOOP ( 'NONE', ( #562, #150, #2741, #1774, #1286, #581, #37, #983, #1697, #2463, #431 ) ) ;
#927 = CARTESIAN_POINT ( 'NONE',  ( 0.01249999999999999896, 0.004290000000000000410, -0.02308791746832725492 ) ) ;
#928 = CARTESIAN_POINT ( 'NONE',  ( 0.01299888323744652005, 0.003737446932428733354, -0.006059215549028381526 ) ) ;
#929 = DIRECTION ( 'NONE',  ( 0.000000000000000000, 0.000000000000000000, -1.000000000000000000 ) ) ;
#930 = ADVANCED_FACE ( 'NONE', ( #2739 ), #121, .F. ) ;
#931 = CYLINDRICAL_SURFACE ( 'NONE', #903, 0.01188814610068916755 ) ;
#932 = ORIENTED_EDGE ( 'NONE', *, *, #1982, .F. ) ;
#933 = CARTESIAN_POINT ( 'NONE',  ( 0.01886578026940026812, 0.004290000000000000410, -0.01304775515524459785 ) ) ;
#934 = LINE ( 'NONE', #1975, #1463 ) ;
#935 = DIRECTION ( 'NONE',  ( -0.000000000000000000, -1.000000000000000000, 3.469446951953613418E-18 ) ) ;
#936 = CARTESIAN_POINT ( 'NONE',  ( 0.01411363876634534088, 0.003737446932428733354, -0.01072077016187289802 ) ) ;
#937 = ORIENTED_EDGE ( 'NONE', *, *, #2312, .T. ) ;
#938 = VECTOR ( 'NONE', #640, 1.000000000000000000 ) ;
#939 = FACE_OUTER_BOUND ( 'NONE', #2305, .T. ) ;
#940 = CARTESIAN_POINT ( 'NONE',  ( 0.01731619488220841746, 0.005079851651431000967, -0.01316278641223576386 ) ) ;
#941 = ORIENTED_EDGE ( 'NONE', *, *, #318, .T. ) ;
#942 = EDGE_CURVE ( 'NONE', #194, #209, #563, .T. ) ;
#943 = LINE ( 'NONE', #1800, #65 ) ;
#944 = EDGE_LOOP ( 'NONE', ( #520, #27 ) ) ;
#945 = EDGE_CURVE ( 'NONE', #617, #1095, #984, .T. ) ;
#946 = ORIENTED_EDGE ( 'NONE', *, *, #2521, .F. ) ;
#947 = CARTESIAN_POINT ( 'NONE',  ( 0.01784079112209657411, 0.003289999999999999956, -0.001168424272326187147 ) ) ;
#948 = ORIENTED_EDGE ( 'NONE', *, *, #2031, .F. ) ;
#949 = CARTESIAN_POINT ( 'NONE',  ( 0.01549999999999999642, 0.003737446932428733354, -0.01093619409926058217 ) ) ;
#950 = VECTOR ( 'NONE', #717, 1.000000000000000000 ) ;
#951 = DIRECTION ( 'NONE',  ( 0.000000000000000000, 1.000000000000000000, -0.000000000000000000 ) ) ;
#952 = ORIENTED_EDGE ( 'NONE', *, *, #2166, .F. ) ;
#953 = PLANE ( 'NONE',  #335 ) ;
#954 = VECTOR ( 'NONE', #2147, 1.000000000000000000 ) ;
#955 = CARTESIAN_POINT ( 'NONE',  ( 0.01411363876634534088, 0.002289999999999999935, -0.0007502057965684729574 ) ) ;
#956 = ORIENTED_EDGE ( 'NONE', *, *, #259, .T. ) ;
#957 = LINE ( 'NONE', #1193, #298 ) ;
#958 = VECTOR ( 'NONE', #1236, 1.000000000000000000 ) ;
#959 = EDGE_CURVE ( 'NONE', #57, #684, #1865, .T. ) ;
#960 = CARTESIAN_POINT ( 'NONE',  ( 0.01249999999999999896, 0.005079851651431006171, 0.01102791746832727793 ) ) ;
#961 = EDGE_CURVE ( 'NONE', #417, #734, #1446, .T. ) ;
#962 = DIRECTION ( 'NONE',  ( 0.000000000000000000, -0.000000000000000000, 1.000000000000000000 ) ) ;
#963 =( BOUNDED_CURVE ( )  B_SPLINE_CURVE ( 3, ( #1068, #1561, #1550, #2600 ),
 .UNSPECIFIED., .F., .T. ) 
 B_SPLINE_CURVE_WITH_KNOTS ( ( 4, 4 ),
 ( 3.141592653589792672, 4.712388980384698556 ),
 .UNSPECIFIED. ) 
 CURVE ( )  GEOMETRIC_REPRESENTATION_ITEM ( )  RATIONAL_B_SPLINE_CURVE ( ( 1.000000000000000000, 0.8047378541243628280, 0.8047378541243628280, 1.000000000000000000 ) ) 
 REPRESENTATION_ITEM ( '' )  );
#964 = SURFACE_STYLE_USAGE ( .BOTH. , #344 ) ;
#965 = CARTESIAN_POINT ( 'NONE',  ( 0.01249999999999999896, 0.002289999999999999935, 0.01102791746832727793 ) ) ;
#966 = ORIENTED_EDGE ( 'NONE', *, *, #1085, .T. ) ;
#967 = DIRECTION ( 'NONE',  ( 0.000000000000000000, 0.000000000000000000, 1.000000000000000000 ) ) ;
#968 = ORIENTED_EDGE ( 'NONE', *, *, #661, .T. ) ;
#969 = LINE ( 'NONE', #1908, #2691 ) ;
#970 = EDGE_LOOP ( 'NONE', ( #1460, #207, #351, #2550 ) ) ;
#971 = DIRECTION ( 'NONE',  ( 0.000000000000000000, 0.000000000000000000, -1.000000000000000000 ) ) ;
#972 = ORIENTED_EDGE ( 'NONE', *, *, #961, .T. ) ;
#973 = AXIS2_PLACEMENT_3D ( 'NONE', #1130, #1834, #2428 ) ;
#974 = ADVANCED_FACE ( 'NONE', ( #1631 ), #536, .F. ) ;
#975 = CARTESIAN_POINT ( 'NONE',  ( 0.01299888323744652005, 0.008061269364971163781, -0.007559215549028381990 ) ) ;
#976 = VECTOR ( 'NONE', #1327, 1.000000000000000000 ) ;
#977 = CYLINDRICAL_SURFACE ( 'NONE', #585, 0.0001500000000000008813 ) ;
#978 = ADVANCED_FACE ( 'NONE', ( #1851 ), #768, .T. ) ;
#979 = EDGE_CURVE ( 'NONE', #2767, #763, #2777, .T. ) ;
#980 = CARTESIAN_POINT ( 'NONE',  ( 0.02170954827533220360, 0.006164812302313280729, -0.008884432957983506157 ) ) ;
#981 = CARTESIAN_POINT ( 'NONE',  ( 0.01886585783873656955, 0.005429851651431003186, 0.001548851213793431703 ) ) ;
#982 = ORIENTED_EDGE ( 'NONE', *, *, #232, .T. ) ;
#983 = ORIENTED_EDGE ( 'NONE', *, *, #463, .F. ) ;
#984 = LINE ( 'NONE', #746, #462 ) ;
#985 = AXIS2_PLACEMENT_3D ( 'NONE', #134, #757, #2115 ) ;
#986 = CARTESIAN_POINT ( 'NONE',  ( 0.01299888323744652005, 0.002289999999999999935, -0.006559215549028381970 ) ) ;
#987 = VERTEX_POINT ( 'NONE', #550 ) ;
#988 = TOROIDAL_SURFACE ( 'NONE', #1273, 0.01141826795450370455, 0.0003499999999999999964 ) ;
#989 = CARTESIAN_POINT ( 'NONE',  ( 0.01743590958098163377, 0.005429389133232325089, 0.0007529013941570552411 ) ) ;
#990 = VERTEX_POINT ( 'NONE', #1014 ) ;
#991 = VECTOR ( 'NONE', #172, 1.000000000000000000 ) ;
#992 = B_SPLINE_CURVE_WITH_KNOTS ( 'NONE', 3,
 ( #1941, #816, #1731, #1493, #1282, #2788 ),
 .UNSPECIFIED., .F., .F.,
 ( 4, 2, 4 ),
 ( 2.809234570782672869E-17, 0.0002609603347463919777, 0.0005219206694927558746 ),
 .UNSPECIFIED. ) ;
#993 = DIRECTION ( 'NONE',  ( -0.000000000000000000, 1.000000000000000000, -0.000000000000000000 ) ) ;
#994 = EDGE_CURVE ( 'NONE', #1244, #1756, #2571, .T. ) ;
#995 = ORIENTED_EDGE ( 'NONE', *, *, #1393, .F. ) ;
#996 = CARTESIAN_POINT ( 'NONE',  ( 0.01921716815755080895, 0.004290000000000000410, 0.01102698884609256726 ) ) ;
#997 = EDGE_LOOP ( 'NONE', ( #323, #1309, #1055, #567 ) ) ;
#998 = CARTESIAN_POINT ( 'NONE',  ( 0.01886578632728074315, 0.002289999999999999935, -0.01304775515451157830 ) ) ;
#999 = EDGE_CURVE ( 'NONE', #48, #209, #330, .T. ) ;
#1000 = DIRECTION ( 'NONE',  ( -0.9999999904440094456, 0.000000000000000000, -0.0001382460888366148400 ) ) ;
#1001 = ORIENTED_EDGE ( 'NONE', *, *, #1289, .F. ) ;
#1002 = CIRCLE ( 'NONE', #246, 0.01141826795450370455 ) ;
#1003 = DIRECTION ( 'NONE',  ( -0.000000000000000000, -1.000000000000000000, -3.469446951953613418E-18 ) ) ;
#1004 = ORIENTED_EDGE ( 'NONE', *, *, #1861, .T. ) ;
#1005 = CLOSED_SHELL ( 'NONE', ( #1490, #2016, #1593, #2083, #2712, #2650, #865, #103, #2471, #1843, #2244, #880, #2280, #183, #2450, #1609, #1156, #1931, #353, #2509, #807, #2468, #2119, #1794, #448, #2121, #1677, #917, #861, #1764, #75, #2313, #2335, #1409, #86, #2574, #555, #1324, #129, #1546, #930, #2204, #2216, #1780, #897, #2400, #2577, #787, #1229, #2200, #2279, #215, #723, #1999, #2454, #1949, #1658, #366, #302, #2668, #1508, #1626, #483, #1304, #1797, #1270, #974, #742, #587, #2278, #2423, #2539, #381, #2018, #2694, #168, #1434, #978, #1806, #416, #1141, #1986, #806, #1197, #1122 ) ) ;
#1006 = VERTEX_POINT ( 'NONE', #2090 ) ;
#1007 = VECTOR ( 'NONE', #2493, 1.000000000000000000 ) ;
#1008 = PLANE ( 'NONE',  #1968 ) ;
#1009 = LINE ( 'NONE', #530, #644 ) ;
#1010 = CARTESIAN_POINT ( 'NONE',  ( 0.01732182731864111147, 0.005409757445832707838, -0.01316538693402683098 ) ) ;
#1011 = ORIENTED_EDGE ( 'NONE', *, *, #537, .F. ) ;
#1012 = CARTESIAN_POINT ( 'NONE',  ( 0.01421013349541096725, 0.004874285943359969037, -0.009730169746807284734 ) ) ;
#1013 = ORIENTED_EDGE ( 'NONE', *, *, #643, .F. ) ;
#1014 = CARTESIAN_POINT ( 'NONE',  ( 0.01921543465083358840, 0.004290000000000000410, -0.001512293206996495522 ) ) ;
#1015 = PLANE ( 'NONE',  #762 ) ;
#1016 = ORIENTED_EDGE ( 'NONE', *, *, #569, .F. ) ;
#1017 = FACE_OUTER_BOUND ( 'NONE', #357, .T. ) ;
#1018 = EDGE_CURVE ( 'NONE', #2332, #1937, #147, .T. ) ;
#1019 = ORIENTED_EDGE ( 'NONE', *, *, #1247, .F. ) ;
#1020 = EDGE_CURVE ( 'NONE', #309, #1045, #155, .T. ) ;
#1021 = LINE ( 'NONE', #2306, #1091 ) ;
#1022 = CARTESIAN_POINT ( 'NONE',  ( 0.01421013349541096725, 0.01429000000000000062, -0.001329830253192690933 ) ) ;
#1023 = CARTESIAN_POINT ( 'NONE',  ( 0.01731897105936605619, 0.005254005028140460408, -0.01312623381427298862 ) ) ;
#1024 = EDGE_LOOP ( 'NONE', ( #2376, #236, #2652, #1168 ) ) ;
#1025 = CARTESIAN_POINT ( 'NONE',  ( 0.01000000000000000021, 0.003980000000000000031, -0.0003000000000000028469 ) ) ;
#1026 = VERTEX_POINT ( 'NONE', #2273 ) ;
#1027 = CARTESIAN_POINT ( 'NONE',  ( 0.01921543465083358840, 0.004290000000000000410, -0.01054770679300348103 ) ) ;
#1028 = DIRECTION ( 'NONE',  ( 0.000000000000000000, 0.000000000000000000, 1.000000000000000000 ) ) ;
#1029 = ORIENTED_EDGE ( 'NONE', *, *, #1343, .T. ) ;
#1030 = DIRECTION ( 'NONE',  ( 2.876821684870326519E-16, 0.000000000000000000, 1.000000000000000000 ) ) ;
#1031 = PLANE ( 'NONE',  #1835 ) ;
#1032 = EDGE_CURVE ( 'NONE', #1708, #375, #1140, .T. ) ;
#1033 = DIRECTION ( 'NONE',  ( 0.000000000000000000, 0.000000000000000000, 1.000000000000000000 ) ) ;
#1034 = EDGE_CURVE ( 'NONE', #1045, #309, #2099, .T. ) ;
#1035 = CARTESIAN_POINT ( 'NONE',  ( 0.01921543465083358840, 0.004790000000000000854, -0.001512293206996495522 ) ) ;
#1036 = CIRCLE ( 'NONE', #2300, 0.001000000000000000021 ) ;
#1037 = CARTESIAN_POINT ( 'NONE',  ( 0.01249999999999999896, 0.003818628677851876319, -0.004644607647383943577 ) ) ;
#1038 = TOROIDAL_SURFACE ( 'NONE', #1652, 0.0005000000000000006609, 0.001000000000000000021 ) ;
#1039 = ORIENTED_EDGE ( 'NONE', *, *, #2388, .F. ) ;
#1040 =( NAMED_UNIT ( * ) SI_UNIT ( $, .STERADIAN. ) SOLID_ANGLE_UNIT ( ) );
#1041 = ORIENTED_EDGE ( 'NONE', *, *, #2232, .F. ) ;
#1042 = FACE_OUTER_BOUND ( 'NONE', #1214, .T. ) ;
#1043 =( BOUNDED_CURVE ( )  B_SPLINE_CURVE ( 3, ( #1946, #2153, #14, #869 ),
 .UNSPECIFIED., .F., .T. ) 
 B_SPLINE_CURVE_WITH_KNOTS ( ( 4, 4 ),
 ( 4.712388980384689674, 6.283185307179585344 ),
 .UNSPECIFIED. ) 
 CURVE ( )  GEOMETRIC_REPRESENTATION_ITEM ( )  RATIONAL_B_SPLINE_CURVE ( ( 1.000000000000000000, 0.8047378541243649375, 0.8047378541243649375, 1.000000000000000000 ) ) 
 REPRESENTATION_ITEM ( '' )  );
#1044 = CARTESIAN_POINT ( 'NONE',  ( 0.01886578026940026812, 0.004290000000000000410, 0.0009877551552446208610 ) ) ;
#1045 = VERTEX_POINT ( 'NONE', #162 ) ;
#1046 = DIRECTION ( 'NONE',  ( -1.000000000000000000, 0.000000000000000000, 2.876821684870326519E-16 ) ) ;
#1047 = CARTESIAN_POINT ( 'NONE',  ( 0.01936578026462228153, 0.004790000000000000854, -0.01304768603220017933 ) ) ;
#1048 = AXIS2_PLACEMENT_3D ( 'NONE', #1049, #1929, #1544 ) ;
#1049 = CARTESIAN_POINT ( 'NONE',  ( 0.01784079112209657411, 0.003289999999999999956, -0.01088810767865427444 ) ) ;
#1050 = VECTOR ( 'NONE', #1294, 1.000000000000000000 ) ;
#1051 = DIRECTION ( 'NONE',  ( 0.000000000000000000, -1.000000000000000000, 3.469446951953613033E-18 ) ) ;
#1052 = VECTOR ( 'NONE', #1970, 1.000000000000000000 ) ;
#1053 = LINE ( 'NONE', #2549, #190 ) ;
#1054 = EDGE_CURVE ( 'NONE', #1006, #2360, #1572, .T. ) ;
#1055 = ORIENTED_EDGE ( 'NONE', *, *, #775, .F. ) ;
#1056 = DIRECTION ( 'NONE',  ( 1.000000000000000000, 0.000000000000000000, 0.000000000000000000 ) ) ;
#1057 = EDGE_LOOP ( 'NONE', ( #1150, #623, #846, #2116 ) ) ;
#1058 = DIRECTION ( 'NONE',  ( 0.000000000000000000, 1.000000000000000000, 0.000000000000000000 ) ) ;
#1059 = DIRECTION ( 'NONE',  ( 1.000000000000000000, 0.000000000000000000, -2.876821684870326519E-16 ) ) ;
#1060 = VERTEX_POINT ( 'NONE', #2527 ) ;
#1061 = DIRECTION ( 'NONE',  ( 0.000000000000000000, 0.000000000000000000, 1.000000000000000000 ) ) ;
#1062 = ORIENTED_EDGE ( 'NONE', *, *, #2296, .T. ) ;
#1063 = CARTESIAN_POINT ( 'NONE',  ( 0.01411363876634534088, 0.01429000000000000062, -0.009739569331741672331 ) ) ;
#1064 = CARTESIAN_POINT ( 'NONE',  ( 0.01886529081886899328, 0.005429851651431002318, -0.002552674311657844499 ) ) ;
#1065 = EDGE_CURVE ( 'NONE', #2080, #2517, #1936, .T. ) ;
#1066 = EDGE_LOOP ( 'NONE', ( #914, #21 ) ) ;
#1067 = ORIENTED_EDGE ( 'NONE', *, *, #979, .F. ) ;
#1068 = CARTESIAN_POINT ( 'NONE',  ( 0.01921578026605567924, 0.004290000000000000410, -0.01304770676911350472 ) ) ;
#1069 = EDGE_CURVE ( 'NONE', #120, #1610, #828, .T. ) ;
#1070 = PLANE ( 'NONE',  #1114 ) ;
#1071 = ORIENTED_EDGE ( 'NONE', *, *, #2624, .T. ) ;
#1072 = DIRECTION ( 'NONE',  ( -2.876821684870326519E-16, 0.000000000000000000, -1.000000000000000000 ) ) ;
#1073 = ORIENTED_EDGE ( 'NONE', *, *, #876, .T. ) ;
#1074 = DIRECTION ( 'NONE',  ( 0.000000000000000000, 1.000000000000000000, -0.000000000000000000 ) ) ;
#1075 = CARTESIAN_POINT ( 'NONE',  ( 0.01921578026605567924, 0.004790000000000000854, -0.01304770676911350472 ) ) ;
#1076 = AXIS2_PLACEMENT_3D ( 'NONE', #2240, #2253, #2643 ) ;
#1077 = LINE ( 'NONE', #1092, #230 ) ;
#1078 = AXIS2_PLACEMENT_3D ( 'NONE', #1611, #1575, #2657 ) ;
#1079 = LINE ( 'NONE', #2163, #1530 ) ;
#1080 = DIRECTION ( 'NONE',  ( -0.000000000000000000, 1.000000000000000000, 0.000000000000000000 ) ) ;
#1081 = EDGE_CURVE ( 'NONE', #1576, #2735, #2540, .T. ) ;
#1082 = CARTESIAN_POINT ( 'NONE',  ( 0.01411363876634534088, 0.004290000000000000410, -0.0007502057965684729574 ) ) ;
#1083 = FACE_OUTER_BOUND ( 'NONE', #1757, .T. ) ;
#1084 = CARTESIAN_POINT ( 'NONE',  ( 0.01421013349541096725, 0.004290000000000000410, -0.001829830253192691811 ) ) ;
#1085 = EDGE_CURVE ( 'NONE', #139, #577, #813, .T. ) ;
#1086 = VECTOR ( 'NONE', #820, 1.000000000000000000 ) ;
#1087 = VERTEX_POINT ( 'NONE', #2552 ) ;
#1088 = TOROIDAL_SURFACE ( 'NONE', #595, 3.468049019515404008E-06, 0.001000000000000000021 ) ;
#1089 = LINE ( 'NONE', #1528, #206 ) ;
#1090 = FACE_OUTER_BOUND ( 'NONE', #2088, .T. ) ;
#1091 = VECTOR ( 'NONE', #1705, 1.000000000000000000 ) ;
#1092 = CARTESIAN_POINT ( 'NONE',  ( 0.01250000000000000069, 0.002289999999999999935, -8.673617379884035472E-19 ) ) ;
#1093 = VECTOR ( 'NONE', #2233, 1.000000000000000000 ) ;
#1094 = VECTOR ( 'NONE', #1170, 1.000000000000000000 ) ;
#1095 = VERTEX_POINT ( 'NONE', #635 ) ;
#1096 = CARTESIAN_POINT ( 'NONE',  ( 0.01056658513405242701, 0.001779999999999999898, -0.008387716188955588945 ) ) ;
#1097 = CARTESIAN_POINT ( 'NONE',  ( 0.01549999999999999642, 0.002289999999999999935, -0.01093619409926058217 ) ) ;
#1098 = CARTESIAN_POINT ( 'NONE',  ( 0.01250000000000000069, 0.004579999999999999870, -0.0003499999999999996170 ) ) ;
#1099 = VECTOR ( 'NONE', #2485, 1.000000000000000000 ) ;
#1100 = ORIENTED_EDGE ( 'NONE', *, *, #890, .F. ) ;
#1101 = AXIS2_PLACEMENT_3D ( 'NONE', #1205, #1621, #554 ) ;
#1102 = EDGE_LOOP ( 'NONE', ( #2674, #1041, #2241, #1948 ) ) ;
#1103 = CYLINDRICAL_SURFACE ( 'NONE', #2449, 0.001003468049019514557 ) ;
#1104 = DIRECTION ( 'NONE',  ( -0.000000000000000000, -1.000000000000000000, 3.469446951953613418E-18 ) ) ;
#1105 = DIRECTION ( 'NONE',  ( 0.000000000000000000, -1.000000000000000000, 0.000000000000000000 ) ) ;
#1106 = VERTEX_POINT ( 'NONE', #619 ) ;
#1107 = EDGE_CURVE ( 'NONE', #1630, #85, #1519, .T. ) ;
#1108 = DIRECTION ( 'NONE',  ( 0.000000000000000000, 1.000000000000000000, -0.000000000000000000 ) ) ;
#1109 = ORIENTED_EDGE ( 'NONE', *, *, #1713, .T. ) ;
#1110 = CARTESIAN_POINT ( 'NONE',  ( 0.01342833362987831680, 0.004482692755822925874, -1.361455373088858429E-06 ) ) ;
#1111 = DIRECTION ( 'NONE',  ( 2.876821684870326519E-16, -0.000000000000000000, 1.000000000000000000 ) ) ;
#1112 = VERTEX_POINT ( 'NONE', #1489 ) ;
#1113 = ORIENTED_EDGE ( 'NONE', *, *, #1895, .T. ) ;
#1114 = AXIS2_PLACEMENT_3D ( 'NONE', #412, #1744, #654 ) ;
#1115 = CARTESIAN_POINT ( 'NONE',  ( 0.01250000000000000069, 0.002289999999999999935, -8.673617379884035472E-19 ) ) ;
#1116 = DIRECTION ( 'NONE',  ( 0.0001210027759790110189, 0.000000000000000000, -0.9999999926791641736 ) ) ;
#1117 = CARTESIAN_POINT ( 'NONE',  ( 0.01784079112209657411, 0.002289999999999999935, -0.001171892321345702551 ) ) ;
#1118 = ORIENTED_EDGE ( 'NONE', *, *, #911, .F. ) ;
#1119 = CARTESIAN_POINT ( 'NONE',  ( 0.01000000000000000021, 0.002289999999999999935, -0.0003000000000000027926 ) ) ;
#1120 = VERTEX_POINT ( 'NONE', #2359 ) ;
#1121 = AXIS2_PLACEMENT_3D ( 'NONE', #1307, #424, #664 ) ;
#1122 = ADVANCED_FACE ( 'NONE', ( #1042 ), #16, .T. ) ;
#1123 = CARTESIAN_POINT ( 'NONE',  ( 0.01056658513405242701, 0.004279999999999999950, -0.003672283811044388044 ) ) ;
#1124 = CIRCLE ( 'NONE', #1598, 0.001003468049019514557 ) ;
#1125 = EDGE_CURVE ( 'NONE', #2505, #2250, #2345, .T. ) ;
#1126 = ORIENTED_EDGE ( 'NONE', *, *, #1054, .T. ) ;
#1127 = DIRECTION ( 'NONE',  ( 0.000000000000000000, 0.000000000000000000, -1.000000000000000000 ) ) ;
#1128 = ORIENTED_EDGE ( 'NONE', *, *, #1688, .F. ) ;
#1129 = DIRECTION ( 'NONE',  ( -1.000000000000000000, 0.000000000000000000, 0.000000000000000000 ) ) ;
#1130 = CARTESIAN_POINT ( 'NONE',  ( 0.01249999999999999896, 0.002289999999999999935, -0.02312826795450370621 ) ) ;
#1131 = ORIENTED_EDGE ( 'NONE', *, *, #1592, .T. ) ;
#1132 = CARTESIAN_POINT ( 'NONE',  ( 0.01249999999999999896, 0.02269383831432654486, 0.01102791746832727793 ) ) ;
#1133 = VERTEX_POINT ( 'NONE', #1263 ) ;
#1134 = CARTESIAN_POINT ( 'NONE',  ( 0.009999999999999996739, 0.003818628677851876319, -0.01109808699784054289 ) ) ;
#1135 =( BOUNDED_CURVE ( )  B_SPLINE_CURVE ( 3, ( #434, #701, #66, #1305 ),
 .UNSPECIFIED., .F., .T. ) 
 B_SPLINE_CURVE_WITH_KNOTS ( ( 4, 4 ),
 ( 1.570796326794896558, 4.712388980384689674 ),
 .UNSPECIFIED. ) 
 CURVE ( )  GEOMETRIC_REPRESENTATION_ITEM ( )  RATIONAL_B_SPLINE_CURVE ( ( 1.000000000000000000, 0.3333333333333333703, 0.3333333333333333703, 1.000000000000000000 ) ) 
 REPRESENTATION_ITEM ( '' )  );
#1136 = VECTOR ( 'NONE', #2705, 1.000000000000000000 ) ;
#1137 = CARTESIAN_POINT ( 'NONE',  ( 0.01339860980230339095, 0.004696819082695496798, -0.0001686628824720780837 ) ) ;
#1138 = EDGE_LOOP ( 'NONE', ( #812, #1350, #2626, #1857 ) ) ;
#1139 = CARTESIAN_POINT ( 'NONE',  ( 0.01249999999999999722, 0.004279999999999999950, -0.01146000000000000490 ) ) ;
#1140 = CIRCLE ( 'NONE', #1654, 0.0002999999999999999195 ) ;
#1141 = ADVANCED_FACE ( 'NONE', ( #425 ), #2578, .T. ) ;
#1142 = ORIENTED_EDGE ( 'NONE', *, *, #2706, .F. ) ;
#1143 = AXIS2_PLACEMENT_3D ( 'NONE', #58, #1771, #2417 ) ;
#1144 = LINE ( 'NONE', #2071, #1094 ) ;
#1145 = CARTESIAN_POINT ( 'NONE',  ( 0.009999999999999996739, 0.003980000000000000031, -0.01176000000000000482 ) ) ;
#1146 = AXIS2_PLACEMENT_3D ( 'NONE', #336, #2239, #710 ) ;
#1147 = LINE ( 'NONE', #226, #1378 ) ;
#1148 = ORIENTED_EDGE ( 'NONE', *, *, #1375, .T. ) ;
#1149 = DIRECTION ( 'NONE',  ( -0.000000000000000000, -1.000000000000000000, -3.469446951953614189E-18 ) ) ;
#1150 = ORIENTED_EDGE ( 'NONE', *, *, #1325, .T. ) ;
#1151 = CARTESIAN_POINT ( 'NONE',  ( 0.01249999999999999896, 0.005429851651431003186, 0.01102791746832727793 ) ) ;
#1152 = PRODUCT_DEFINITION_CONTEXT ( 'detailed design', #1979, 'design' ) ;
#1153 = CARTESIAN_POINT ( 'NONE',  ( 0.01936543464940019416, 0.004790000000000000854, -0.001512313943909821120 ) ) ;
#1154 = DIRECTION ( 'NONE',  ( -0.000000000000000000, -1.000000000000000000, -3.469446951953613418E-18 ) ) ;
#1155 = EDGE_LOOP ( 'NONE', ( #455, #368, #1376, #2399, #781, #2238, #2367, #362 ) ) ;
#1156 = ADVANCED_FACE ( 'NONE', ( #834 ), #1008, .F. ) ;
#1157 = CARTESIAN_POINT ( 'NONE',  ( 0.01886529081886899328, 0.005429851651431002318, -0.002552674311657847969 ) ) ;
#1158 = CARTESIAN_POINT ( 'NONE',  ( 0.01411363876634534088, 0.003737446932428733354, -0.005055562167232897225 ) ) ;
#1159 = ORIENTED_EDGE ( 'NONE', *, *, #2179, .F. ) ;
#1160 = DIRECTION ( 'NONE',  ( 0.000000000000000000, 0.000000000000000000, -1.000000000000000000 ) ) ;
#1161 = EDGE_CURVE ( 'NONE', #1883, #2635, #818, .T. ) ;
#1162 = CARTESIAN_POINT ( 'NONE',  ( 0.009999999999999993269, 0.003818628677851876319, -0.008387716188955588945 ) ) ;
#1163 = VERTEX_POINT ( 'NONE', #1736 ) ;
#1164 = DIRECTION ( 'NONE',  ( -0.000000000000000000, -1.000000000000000000, -0.000000000000000000 ) ) ;
#1165 = ORIENTED_EDGE ( 'NONE', *, *, #92, .F. ) ;
#1166 = VERTEX_POINT ( 'NONE', #2353 ) ;
#1167 = LINE ( 'NONE', #387, #363 ) ;
#1168 = ORIENTED_EDGE ( 'NONE', *, *, #2351, .T. ) ;
#1169 = CARTESIAN_POINT ( 'NONE',  ( 0.01249999999999999722, 0.003737446932428733354, -0.01093619409926058217 ) ) ;
#1170 = DIRECTION ( 'NONE',  ( -3.194702534027268596E-16, 0.000000000000000000, -1.000000000000000000 ) ) ;
#1171 = FACE_OUTER_BOUND ( 'NONE', #771, .T. ) ;
#1172 = VERTEX_POINT ( 'NONE', #2533 ) ;
#1173 = EDGE_CURVE ( 'NONE', #810, #1222, #110, .T. ) ;
#1174 = CARTESIAN_POINT ( 'NONE',  ( 0.01250000000000000069, 0.02269383831432654486, -8.673617379884035472E-19 ) ) ;
#1175 = VECTOR ( 'NONE', #1455, 1.000000000000000000 ) ;
#1176 = LINE ( 'NONE', #1162, #2707 ) ;
#1177 = ORIENTED_EDGE ( 'NONE', *, *, #2293, .T. ) ;
#1178 = CARTESIAN_POINT ( 'NONE',  ( 0.01743305209949108300, 0.005428897407505450627, -0.01285925162814729496 ) ) ;
#1179 = EDGE_CURVE ( 'NONE', #610, #2598, #2404, .T. ) ;
#1180 = ORIENTED_EDGE ( 'NONE', *, *, #1713, .F. ) ;
#1181 = ORIENTED_EDGE ( 'NONE', *, *, #228, .F. ) ;
#1182 = CARTESIAN_POINT ( 'NONE',  ( 0.01249999999999999896, 0.004317926369629315579, -0.01206000000000000301 ) ) ;
#1183 = CARTESIAN_POINT ( 'NONE',  ( 0.01411363876634534088, 0.004290000000000000410, -0.0007502057965684729574 ) ) ;
#1184 = AXIS2_PLACEMENT_3D ( 'NONE', #418, #390, #1033 ) ;
#1185 = CARTESIAN_POINT ( 'NONE',  ( 0.01549999999999999989, 0.003737446932428733354, -0.001196778500451628827 ) ) ;
#1186 = DIRECTION ( 'NONE',  ( 0.000000000000000000, 0.000000000000000000, -1.000000000000000000 ) ) ;
#1187 = VERTEX_POINT ( 'NONE', #850 ) ;
#1188 = CARTESIAN_POINT ( 'NONE',  ( 0.01763631130543740974, 0.005463874985179376087, -0.002552674311657847969 ) ) ;
#1189 = EDGE_CURVE ( 'NONE', #2519, #810, #1256, .T. ) ;
#1190 = CIRCLE ( 'NONE', #2671, 0.01106826795450370493 ) ;
#1191 = DIRECTION ( 'NONE',  ( -0.000000000000000000, -1.000000000000000000, -0.000000000000000000 ) ) ;
#1192 = ORIENTED_EDGE ( 'NONE', *, *, #2068, .F. ) ;
#1193 = CARTESIAN_POINT ( 'NONE',  ( 0.01886529081886899328, 0.002289999999999999935, -0.002552674311657847969 ) ) ;
#1194 = ORIENTED_EDGE ( 'NONE', *, *, #2201, .T. ) ;
#1195 = CIRCLE ( 'NONE', #1437, 0.0005000000000000008778 ) ;
#1196 = EDGE_CURVE ( 'NONE', #89, #1163, #628, .T. ) ;
#1197 = ADVANCED_FACE ( 'NONE', ( #1287 ), #726, .T. ) ;
#1198 = DIRECTION ( 'NONE',  ( 0.000000000000000000, 0.000000000000000000, 1.000000000000000000 ) ) ;
#1199 = EDGE_CURVE ( 'NONE', #2492, #2094, #364, .T. ) ;
#1200 = ORIENTED_EDGE ( 'NONE', *, *, #2258, .F. ) ;
#1201 = ORIENTED_EDGE ( 'NONE', *, *, #1709, .F. ) ;
#1202 = DIRECTION ( 'NONE',  ( 0.000000000000000000, 0.000000000000000000, 1.000000000000000000 ) ) ;
#1203 = FACE_BOUND ( 'NONE', #1943, .T. ) ;
#1204 = ORIENTED_EDGE ( 'NONE', *, *, #605, .T. ) ;
#1205 = CARTESIAN_POINT ( 'NONE',  ( 0.009999999999999996739, 0.002289999999999999935, -0.01109808699784054289 ) ) ;
#1206 = ORIENTED_EDGE ( 'NONE', *, *, #2745, .T. ) ;
#1207 = EDGE_CURVE ( 'NONE', #1133, #1630, #377, .T. ) ;
#1208 = CARTESIAN_POINT ( 'NONE',  ( 0.01467131703687171197, 0.004953648071477488590, -0.002552674311657847535 ) ) ;
#1209 = ORIENTED_EDGE ( 'NONE', *, *, #994, .T. ) ;
#1210 = EDGE_CURVE ( 'NONE', #2767, #2622, #403, .T. ) ;
#1211 = ORIENTED_EDGE ( 'NONE', *, *, #2134, .F. ) ;
#1212 = DIRECTION ( 'NONE',  ( 0.000000000000000000, 0.000000000000000000, 1.000000000000000000 ) ) ;
#1213 = VERTEX_POINT ( 'NONE', #1464 ) ;
#1214 = EDGE_LOOP ( 'NONE', ( #159, #2508, #1785, #1501 ) ) ;
#1215 = DIRECTION ( 'NONE',  ( 1.000000000000000000, -0.000000000000000000, -2.876821684870326519E-16 ) ) ;
#1216 = VECTOR ( 'NONE', #1198, 1.000000000000000000 ) ;
#1217 = VECTOR ( 'NONE', #698, 1.000000000000000000 ) ;
#1218 = ORIENTED_EDGE ( 'NONE', *, *, #2761, .F. ) ;
#1219 = CARTESIAN_POINT ( 'NONE',  ( 0.01784079112209657411, 0.004290000000000000410, -0.01189504377669330440 ) ) ;
#1220 = VERTEX_POINT ( 'NONE', #1495 ) ;
#1221 = LINE ( 'NONE', #2093, #1704 ) ;
#1222 = VERTEX_POINT ( 'NONE', #1272 ) ;
#1223 = CARTESIAN_POINT ( 'NONE',  ( 0.01784079112209657411, 0.003289999999999999956, -0.01089157572767378984 ) ) ;
#1224 = CARTESIAN_POINT ( 'NONE',  ( 0.01609758056412150667, 0.004863516870812887964, 0.0004734945871724180856 ) ) ;
#1225 = EDGE_CURVE ( 'NONE', #1978, #990, #1021, .T. ) ;
#1226 = CARTESIAN_POINT ( 'NONE',  ( 0.01415972575171443176, 0.004519498759840689765, -0.01215258949235225108 ) ) ;
#1227 =( BOUNDED_SURFACE ( )  B_SPLINE_SURFACE ( 3, 2, ( 
 ( #175, #1411, #356 ),
 ( #2736, #561, #2101 ),
 ( #1656, #2693, #534 ),
 ( #130, #1427, #754 ) ),
 .UNSPECIFIED., .F., .F., .F. ) 
 B_SPLINE_SURFACE_WITH_KNOTS ( ( 4, 4 ),
 ( 3, 3 ),
 ( 4.257662130475006634, 4.630505078861237855 ),
 ( 0.000000000000000000, 1.000000000000000000 ),
 .UNSPECIFIED. ) 
 GEOMETRIC_REPRESENTATION_ITEM ( )  RATIONAL_B_SPLINE_SURFACE ( (
 ( 1.000000000000000000, 0.7329690292725909995, 1.000000000000000000),
 ( 1.000000000000000000, 0.7265124481098576004, 1.000000000000000000),
 ( 1.000000000000000000, 0.7193716636668172626, 1.000000000000000000),
 ( 1.000000000000000000, 0.7119941191357683774, 1.000000000000000000) ) ) 
 REPRESENTATION_ITEM ( '' )  SURFACE ( )  );
#1228 = ORIENTED_EDGE ( 'NONE', *, *, #1020, .F. ) ;
#1229 = ADVANCED_FACE ( 'NONE', ( #1901, #1482, #2123 ), #2760, .F. ) ;
#1230 = CARTESIAN_POINT ( 'NONE',  ( 0.01936575952770895614, 0.004440000000000000370, -0.01289768603363357878 ) ) ;
#1231 = EDGE_LOOP ( 'NONE', ( #2394, #784, #1504, #1281 ) ) ;
#1232 = DIRECTION ( 'NONE',  ( -0.9999999904440094456, 0.000000000000000000, 0.0001382460888363357121 ) ) ;
#1233 = DIRECTION ( 'NONE',  ( 0.000000000000000000, 0.000000000000000000, -1.000000000000000000 ) ) ;
#1234 = ORIENTED_EDGE ( 'NONE', *, *, #677, .T. ) ;
#1235 = AXIS2_PLACEMENT_3D ( 'NONE', #2060, #1413, #1892 ) ;
#1236 = DIRECTION ( 'NONE',  ( 0.000000000000000000, 0.000000000000000000, 1.000000000000000000 ) ) ;
#1237 = VERTEX_POINT ( 'NONE', #2323 ) ;
#1238 = AXIS2_PLACEMENT_3D ( 'NONE', #2377, #653, #1758 ) ;
#1239 = CIRCLE ( 'NONE', #600, 0.0005000000000000004441 ) ;
#1240 = CARTESIAN_POINT ( 'NONE',  ( 0.01249999999999999722, 0.003737446932428733354, -0.01093619409926058217 ) ) ;
#1241 = DIRECTION ( 'NONE',  ( 0.000000000000000000, 1.000000000000000000, 0.000000000000000000 ) ) ;
#1242 = CARTESIAN_POINT ( 'NONE',  ( 0.01325065880451829943, 0.004709176076032154344, -0.01205341771396964759 ) ) ;
#1243 = PRODUCT ( 'Sehll-Top', 'Sehll-Top', '', ( #408 ) ) ;
#1244 = VERTEX_POINT ( 'NONE', #184 ) ;
#1245 = CARTESIAN_POINT ( 'NONE',  ( 0.01299888323744652005, 0.003289999999999996053, -0.004559215549028380193 ) ) ;
#1246 = DIRECTION ( 'NONE',  ( 0.000000000000000000, 0.000000000000000000, 1.000000000000000000 ) ) ;
#1247 = EDGE_CURVE ( 'NONE', #810, #2767, #2135, .T. ) ;
#1248 = DIRECTION ( 'NONE',  ( -2.876821684870326519E-16, 0.000000000000000000, -1.000000000000000000 ) ) ;
#1249 = ORIENTED_EDGE ( 'NONE', *, *, #2593, .F. ) ;
#1250 = CARTESIAN_POINT ( 'NONE',  ( 0.01411363876634534088, 0.003737446932428733354, -0.01093619409926058217 ) ) ;
#1251 = DIRECTION ( 'NONE',  ( -0.000000000000000000, 1.000000000000000000, 3.469446951953613033E-18 ) ) ;
#1252 = ORIENTED_EDGE ( 'NONE', *, *, #569, .T. ) ;
#1253 = EDGE_CURVE ( 'NONE', #2004, #309, #422, .T. ) ;
#1254 = AXIS2_PLACEMENT_3D ( 'NONE', #1614, #265, #519 ) ;
#1255 = VERTEX_POINT ( 'NONE', #2218 ) ;
#1256 = LINE ( 'NONE', #1914, #731 ) ;
#1257 = LINE ( 'NONE', #1689, #1086 ) ;
#1258 = AXIS2_PLACEMENT_3D ( 'NONE', #2363, #440, #1563 ) ;
#1259 = CARTESIAN_POINT ( 'NONE',  ( 0.01921578026605567924, 0.004790000000000000854, 0.0009877067691135277272 ) ) ;
#1260 = VERTEX_POINT ( 'NONE', #2162 ) ;
#1261 = DIRECTION ( 'NONE',  ( 0.000000000000000000, 0.000000000000000000, -1.000000000000000000 ) ) ;
#1262 = VERTEX_POINT ( 'NONE', #1765 ) ;
#1263 = CARTESIAN_POINT ( 'NONE',  ( 0.01231658513405242683, 0.003818628677851876319, -0.009427716188955588203 ) ) ;
#1264 = PLANE ( 'NONE',  #1361 ) ;
#1265 = VERTEX_POINT ( 'NONE', #1123 ) ;
#1266 = EDGE_CURVE ( 'NONE', #438, #763, #473, .T. ) ;
#1267 =( BOUNDED_CURVE ( )  B_SPLINE_CURVE ( 3, ( #1518, #839, #606, #1098 ),
 .UNSPECIFIED., .F., .T. ) 
 B_SPLINE_CURVE_WITH_KNOTS ( ( 4, 4 ),
 ( 1.570796326794908326, 3.141592653589799777 ),
 .UNSPECIFIED. ) 
 CURVE ( )  GEOMETRIC_REPRESENTATION_ITEM ( )  RATIONAL_B_SPLINE_CURVE ( ( 1.000000000000000000, 0.8047378541243661587, 0.8047378541243661587, 1.000000000000000000 ) ) 
 REPRESENTATION_ITEM ( '' )  );
#1268 = LINE ( 'NONE', #847, #2653 ) ;
#1269 = DIRECTION ( 'NONE',  ( 1.000000000000000000, -0.000000000000000000, -9.912705577010328508E-16 ) ) ;
#1270 = ADVANCED_FACE ( 'NONE', ( #2205 ), #647, .F. ) ;
#1271 = ORIENTED_EDGE ( 'NONE', *, *, #2164, .F. ) ;
#1272 = CARTESIAN_POINT ( 'NONE',  ( 0.01921543465083358840, 0.004790000000000000854, -0.01054770679300348103 ) ) ;
#1273 = AXIS2_PLACEMENT_3D ( 'NONE', #960, #324, #750 ) ;
#1274 = CARTESIAN_POINT ( 'NONE',  ( 0.01411363876634534088, 0.003818628677851876319, -0.005055562167232897225 ) ) ;
#1275 = CARTESIAN_POINT ( 'NONE',  ( 0.01421013349541096725, 0.01429000000000000062, -0.01023016974680728518 ) ) ;
#1276 = AXIS2_PLACEMENT_3D ( 'NONE', #965, #589, #2751 ) ;
#1277 = ORIENTED_EDGE ( 'NONE', *, *, #2730, .T. ) ;
#1278 = CARTESIAN_POINT ( 'NONE',  ( 0.01421013349541096725, 0.01429000000000000062, -0.001829830253192691811 ) ) ;
#1279 = CARTESIAN_POINT ( 'NONE',  ( 0.01411363876634534088, 0.008061269364971163781, -0.005055562167232897225 ) ) ;
#1280 = CARTESIAN_POINT ( 'NONE',  ( 0.01000000000000000021, 0.003818628677851876319, -0.0009646135390166705060 ) ) ;
#1281 = ORIENTED_EDGE ( 'NONE', *, *, #945, .T. ) ;
#1282 = CARTESIAN_POINT ( 'NONE',  ( 0.01731018197351436375, 0.005166589510935296753, 0.001059529961108561904 ) ) ;
#1283 = CARTESIAN_POINT ( 'NONE',  ( 0.01056658513405242701, 0.001779999999999999898, -0.009427716188955588203 ) ) ;
#1284 = VECTOR ( 'NONE', #1676, 1.000000000000000000 ) ;
#1285 = VERTEX_POINT ( 'NONE', #1360 ) ;
#1286 = ORIENTED_EDGE ( 'NONE', *, *, #419, .F. ) ;
#1287 = FACE_OUTER_BOUND ( 'NONE', #1991, .T. ) ;
#1288 = VECTOR ( 'NONE', #250, 1.000000000000000000 ) ;
#1289 = EDGE_CURVE ( 'NONE', #1468, #270, #2425, .T. ) ;
#1290 = EDGE_CURVE ( 'NONE', #763, #1222, #2594, .T. ) ;
#1291 = AXIS2_PLACEMENT_3D ( 'NONE', #235, #1072, #1953 ) ;
#1292 = CARTESIAN_POINT ( 'NONE',  ( 0.01056658513405242701, 0.003818628677851876319, -0.009427716188955588203 ) ) ;
#1293 = EDGE_CURVE ( 'NONE', #2149, #333, #1787, .T. ) ;
#1294 = DIRECTION ( 'NONE',  ( -0.0001382460888366148128, -1.916305143245664716E-16, -0.9999999904440095566 ) ) ;
#1295 =( NAMED_UNIT ( * ) PLANE_ANGLE_UNIT ( ) SI_UNIT ( $, .RADIAN. ) );
#1296 = VERTEX_POINT ( 'NONE', #1789 ) ;
#1297 = CARTESIAN_POINT ( 'NONE',  ( 0.01411363876634534088, 0.004290000000000000410, -0.0007502057965684729574 ) ) ;
#1298 = ORIENTED_EDGE ( 'NONE', *, *, #2553, .F. ) ;
#1299 = LINE ( 'NONE', #2158, #2269 ) ;
#1300 = EDGE_LOOP ( 'NONE', ( #1062, #1667, #1586, #1988 ) ) ;
#1301 = DIRECTION ( 'NONE',  ( -0.000000000000000000, -1.000000000000000000, -0.000000000000000000 ) ) ;
#1302 = DIRECTION ( 'NONE',  ( -0.000000000000000000, -1.000000000000000000, 3.469446951953613418E-18 ) ) ;
#1303 = UNCERTAINTY_MEASURE_WITH_UNIT (LENGTH_MEASURE( 1.000000000000000082E-05 ), #2456, 'distance_accuracy_value', 'NONE');
#1304 = ADVANCED_FACE ( 'NONE', ( #445 ), #867, .F. ) ;
#1305 = CARTESIAN_POINT ( 'NONE',  ( 0.01421013349541096725, 0.004874285943359969037, -0.002329830253192692689 ) ) ;
#1306 = CARTESIAN_POINT ( 'NONE',  ( 0.01936543464940019416, 0.004290000000000000410, -0.001512313943909821120 ) ) ;
#1307 = CARTESIAN_POINT ( 'NONE',  ( 0.01299888323744652005, 0.003289999999999996053, -0.006059215549028381526 ) ) ;
#1308 = EDGE_CURVE ( 'NONE', #2575, #1576, #1333, .T. ) ;
#1309 = ORIENTED_EDGE ( 'NONE', *, *, #1081, .T. ) ;
#1310 = VERTEX_POINT ( 'NONE', #484 ) ;
#1311 = LINE ( 'NONE', #2181, #2012 ) ;
#1312 = DIRECTION ( 'NONE',  ( 0.000000000000000000, -1.000000000000000000, 0.000000000000000000 ) ) ;
#1313 = LINE ( 'NONE', #2573, #1753 ) ;
#1314 = ORIENTED_EDGE ( 'NONE', *, *, #1486, .F. ) ;
#1315 = DIRECTION ( 'NONE',  ( 9.185804991584198536E-16, 0.000000000000000000, -1.000000000000000000 ) ) ;
#1316 = CARTESIAN_POINT ( 'NONE',  ( 0.01000000000000000021, 0.002289999999999999935, -0.0009646135390166705060 ) ) ;
#1317 = VECTOR ( 'NONE', #311, 1.000000000000000000 ) ;
#1318 = DIRECTION ( 'NONE',  ( 0.000000000000000000, -1.000000000000000000, 0.000000000000000000 ) ) ;
#1319 = AXIS2_PLACEMENT_3D ( 'NONE', #1096, #41, #896 ) ;
#1320 = ORIENTED_EDGE ( 'NONE', *, *, #2765, .T. ) ;
#1321 = DIRECTION ( 'NONE',  ( 0.000000000000000000, 0.000000000000000000, -1.000000000000000000 ) ) ;
#1322 = LINE ( 'NONE', #1306, #2053 ) ;
#1323 = CARTESIAN_POINT ( 'NONE',  ( 0.01936545538631351607, 0.004440000000000000370, -0.01069768605465675620 ) ) ;
#1324 = ADVANCED_FACE ( 'NONE', ( #1959 ), #1555, .F. ) ;
#1325 = EDGE_CURVE ( 'NONE', #670, #1599, #1124, .T. ) ;
#1326 = CARTESIAN_POINT ( 'NONE',  ( 0.01784079112209657411, 0.004290000000000000410, -0.01089157572767378984 ) ) ;
#1327 = DIRECTION ( 'NONE',  ( -0.000000000000000000, -1.000000000000000000, -0.000000000000000000 ) ) ;
#1328 = CARTESIAN_POINT ( 'NONE',  ( 0.01784079112209657411, 0.002289999999999999935, -0.01088810767865427444 ) ) ;
#1329 = ORIENTED_EDGE ( 'NONE', *, *, #1647, .T. ) ;
#1330 = VECTOR ( 'NONE', #584, 1.000000000000000000 ) ;
#1331 = CARTESIAN_POINT ( 'NONE',  ( 0.01344424140157891336, 0.004387344040787360955, 0.000000000000000000 ) ) ;
#1332 = VECTOR ( 'NONE', #2567, 1.000000000000000000 ) ;
#1333 = LINE ( 'NONE', #458, #2341 ) ;
#1334 = COLOUR_RGB ( '',0.7921568627450980005, 0.8196078431372548767, 0.9333333333333333481 ) ;
#1335 = VECTOR ( 'NONE', #1786, 1.000000000000000000 ) ;
#1336 = CARTESIAN_POINT ( 'NONE',  ( 0.01421685861532213414, 0.004875443226263656386, -0.01171907933360008883 ) ) ;
#1337 = AXIS2_PLACEMENT_3D ( 'NONE', #2285, #145, #1186 ) ;
#1338 = ORIENTED_EDGE ( 'NONE', *, *, #69, .T. ) ;
#1339 = VECTOR ( 'NONE', #2557, 1.000000000000000000 ) ;
#1340 = ORIENTED_EDGE ( 'NONE', *, *, #2724, .T. ) ;
#1341 = PLANE ( 'NONE',  #1700 ) ;
#1342 = FACE_OUTER_BOUND ( 'NONE', #135, .T. ) ;
#1343 = EDGE_CURVE ( 'NONE', #1163, #1657, #2174, .T. ) ;
#1344 = LINE ( 'NONE', #420, #2307 ) ;
#1345 = ORIENTED_EDGE ( 'NONE', *, *, #1471, .F. ) ;
#1346 = CARTESIAN_POINT ( 'NONE',  ( 0.01411363876634534088, 0.003737446932428733354, -0.001196778500451628393 ) ) ;
#1347 = EDGE_CURVE ( 'NONE', #1870, #1552, #1135, .T. ) ;
#1348 = ORIENTED_EDGE ( 'NONE', *, *, #1562, .T. ) ;
#1349 = CARTESIAN_POINT ( 'NONE',  ( 0.01249999999999999896, 0.008061269364971163781, -0.004644607647383943577 ) ) ;
#1350 = ORIENTED_EDGE ( 'NONE', *, *, #677, .F. ) ;
#1351 = CARTESIAN_POINT ( 'NONE',  ( 0.01249999999999999896, 0.02269383831432654486, -0.02312826795450370621 ) ) ;
#1352 = ORIENTED_EDGE ( 'NONE', *, *, #1766, .F. ) ;
#1353 = CARTESIAN_POINT ( 'NONE',  ( 0.01249999999999999722, 0.002289999999999999935, -0.01176000000000000309 ) ) ;
#1354 = LINE ( 'NONE', #2197, #254 ) ;
#1355 = AXIS2_PLACEMENT_3D ( 'NONE', #2697, #1648, #2491 ) ;
#1356 = DIRECTION ( 'NONE',  ( 1.000000000000000000, 0.000000000000000000, -0.000000000000000000 ) ) ;
#1357 = ORIENTED_EDGE ( 'NONE', *, *, #894, .T. ) ;
#1358 = DIRECTION ( 'NONE',  ( -0.9999999904440094456, -0.000000000000000000, 0.0001382460888366148400 ) ) ;
#1359 = EDGE_CURVE ( 'NONE', #776, #2000, #277, .T. ) ;
#1360 = CARTESIAN_POINT ( 'NONE',  ( 0.01299888323744652005, 0.002289999999999999935, -0.005559215549028381081 ) ) ;
#1361 = AXIS2_PLACEMENT_3D ( 'NONE', #1880, #348, #1028 ) ;
#1362 = ORIENTED_EDGE ( 'NONE', *, *, #401, .T. ) ;
#1363 = CARTESIAN_POINT ( 'NONE',  ( 0.01249999999999999896, 0.008061269364971163781, -0.007473823450672819474 ) ) ;
#1364 = VECTOR ( 'NONE', #2742, 1.000000000000000000 ) ;
#1365 = DIRECTION ( 'NONE',  ( 0.9999999904440093346, 0.000000000000000000, 0.0001382460888358722970 ) ) ;
#1366 = CARTESIAN_POINT ( 'NONE',  ( 0.01936575952770895614, 0.004640000000000000895, -0.01289768603363357878 ) ) ;
#1367 = ORIENTED_EDGE ( 'NONE', *, *, #1512, .T. ) ;
#1368 = LINE ( 'NONE', #1751, #950 ) ;
#1369 = DIRECTION ( 'NONE',  ( -0.0001210027759790110189, 0.000000000000000000, 0.9999999926791641736 ) ) ;
#1370 = VERTEX_POINT ( 'NONE', #2607 ) ;
#1371 = DIRECTION ( 'NONE',  ( 0.9999999904440094456, 0.000000000000000000, 0.0001382460888366148400 ) ) ;
#1372 = ORIENTED_EDGE ( 'NONE', *, *, #290, .T. ) ;
#1373 = AXIS2_PLACEMENT_3D ( 'NONE', #1930, #1514, #2137 ) ;
#1374 = DIRECTION ( 'NONE',  ( 0.000000000000000000, 3.469446951953613418E-18, 1.000000000000000000 ) ) ;
#1375 = EDGE_CURVE ( 'NONE', #529, #194, #1077, .T. ) ;
#1376 = ORIENTED_EDGE ( 'NONE', *, *, #674, .T. ) ;
#1377 = DIRECTION ( 'NONE',  ( -0.000000000000000000, 1.000000000000000000, -0.000000000000000000 ) ) ;
#1378 = VECTOR ( 'NONE', #1807, 1.000000000000000000 ) ;
#1379 = EDGE_CURVE ( 'NONE', #438, #2721, #261, .T. ) ;
#1380 = CIRCLE ( 'NONE', #557, 0.001003468049019514557 ) ;
#1381 = CARTESIAN_POINT ( 'NONE',  ( 0.01784079112209657411, 0.004290000000000000410, -0.002171892321345702571 ) ) ;
#1382 = PLANE ( 'NONE',  #973 ) ;
#1383 = AXIS2_PLACEMENT_3D ( 'NONE', #284, #24, #1750 ) ;
#1384 = ORIENTED_EDGE ( 'NONE', *, *, #2747, .F. ) ;
#1385 = CARTESIAN_POINT ( 'NONE',  ( 0.01930330261563795863, 0.004290000000000000410, -0.001512305354399079991 ) ) ;
#1386 = ORIENTED_EDGE ( 'NONE', *, *, #604, .T. ) ;
#1387 = CARTESIAN_POINT ( 'NONE',  ( 0.01417511775403351021, 0.004522231228510753542, -0.01205999999999999954 ) ) ;
#1388 = EDGE_LOOP ( 'NONE', ( #1866, #143 ) ) ;
#1389 = DIRECTION ( 'NONE',  ( -0.0001382460888366148400, 0.000000000000000000, 0.9999999904440094456 ) ) ;
#1390 = DIRECTION ( 'NONE',  ( 1.113589594797752128E-15, 1.916305161557858250E-16, 1.000000000000000000 ) ) ;
#1391 = EDGE_LOOP ( 'NONE', ( #1863, #921, #1218, #1314 ) ) ;
#1392 = CARTESIAN_POINT ( 'NONE',  ( 0.01921245177684850064, 0.004440000000000000370, 0.01102884543854079809 ) ) ;
#1393 = EDGE_CURVE ( 'NONE', #57, #1715, #1622, .T. ) ;
#1394 = DIRECTION ( 'NONE',  ( 0.000000000000000000, 0.000000000000000000, 1.000000000000000000 ) ) ;
#1395 = EDGE_CURVE ( 'NONE', #1848, #1839, #192, .T. ) ;
#1396 = CARTESIAN_POINT ( 'NONE',  ( 0.01299888323744652005, 0.003737446932428733354, -0.006059215549028381526 ) ) ;
#1397 = VERTEX_POINT ( 'NONE', #2024 ) ;
#1398 = ORIENTED_EDGE ( 'NONE', *, *, #894, .F. ) ;
#1399 = DIRECTION ( 'NONE',  ( 0.0001382460888363357121, 0.000000000000000000, 0.9999999904440094456 ) ) ;
#1400 = CARTESIAN_POINT ( 'NONE',  ( 0.01000000000000000021, 0.003818628677851876319, -0.0009646135390166705060 ) ) ;
#1401 = ORIENTED_EDGE ( 'NONE', *, *, #2624, .F. ) ;
#1402 = CIRCLE ( 'NONE', #2469, 0.001003468049019515425 ) ;
#1403 = DIRECTION ( 'NONE',  ( 1.063476910878419575E-14, 2.278879094739470433E-16, 1.000000000000000000 ) ) ;
#1404 = ORIENTED_EDGE ( 'NONE', *, *, #319, .T. ) ;
#1405 = EDGE_LOOP ( 'NONE', ( #2487, #1177, #1228, #514 ) ) ;
#1406 = CARTESIAN_POINT ( 'NONE',  ( 0.01743859733376643475, 0.005429851651431001451, 0.001973544934649728091 ) ) ;
#1407 = DIRECTION ( 'NONE',  ( -1.000000000000000000, -0.000000000000000000, 2.876821684870326519E-16 ) ) ;
#1408 = VECTOR ( 'NONE', #2664, 1.000000000000000000 ) ;
#1409 = ADVANCED_FACE ( 'NONE', ( #1842 ), #2435, .T. ) ;
#1410 = DIRECTION ( 'NONE',  ( -0.9855145491570127536, -0.1695909001092043289, -9.052744464925339087E-16 ) ) ;
#1411 = CARTESIAN_POINT ( 'NONE',  ( 0.01731678557562347717, 0.005408889844499768784, 0.001062597844490382549 ) ) ;
#1412 = ORIENTED_EDGE ( 'NONE', *, *, #1420, .F. ) ;
#1413 = DIRECTION ( 'NONE',  ( 0.000000000000000000, -1.000000000000000000, 0.000000000000000000 ) ) ;
#1414 = EDGE_CURVE ( 'NONE', #859, #1260, #2479, .T. ) ;
#1415 = EDGE_CURVE ( 'NONE', #1213, #1187, #513, .T. ) ;
#1416 = PLANE ( 'NONE',  #2343 ) ;
#1417 = ORIENTED_EDGE ( 'NONE', *, *, #402, .T. ) ;
#1418 = LINE ( 'NONE', #933, #777 ) ;
#1419 = ORIENTED_EDGE ( 'NONE', *, *, #2164, .T. ) ;
#1420 = EDGE_CURVE ( 'NONE', #2332, #871, #1167, .T. ) ;
#1421 = CYLINDRICAL_SURFACE ( 'NONE', #1076, 0.0001500000000000008271 ) ;
#1422 = ORIENTED_EDGE ( 'NONE', *, *, #2589, .F. ) ;
#1423 = PLANE ( 'NONE',  #1913 ) ;
#1424 = ORIENTED_EDGE ( 'NONE', *, *, #1607, .T. ) ;
#1425 = VECTOR ( 'NONE', #2592, 1.000000000000000000 ) ;
#1426 = SURFACE_STYLE_FILL_AREA ( #291 ) ;
#1427 = CARTESIAN_POINT ( 'NONE',  ( 0.01334714743986614889, 0.004725780188608070739, -8.037464660400506656E-06 ) ) ;
#1428 = ORIENTED_EDGE ( 'NONE', *, *, #911, .T. ) ;
#1429 = CARTESIAN_POINT ( 'NONE',  ( 0.01056658513405242701, 0.001779999999999999898, -0.009427716188955588203 ) ) ;
#1430 = CIRCLE ( 'NONE', #2103, 0.001003468049019515425 ) ;
#1431 = AXIS2_PLACEMENT_3D ( 'NONE', #1605, #2432, #971 ) ;
#1432 = CARTESIAN_POINT ( 'NONE',  ( 0.01886578026940027158, 0.02269383831432654486, -0.01294762719587876261 ) ) ;
#1433 = ORIENTED_EDGE ( 'NONE', *, *, #1916, .F. ) ;
#1434 = ADVANCED_FACE ( 'NONE', ( #2670 ), #1421, .T. ) ;
#1435 = CARTESIAN_POINT ( 'NONE',  ( 0.01743401215196479712, 0.005429062616799732073, -0.01285723584154691533 ) ) ;
#1436 = ORIENTED_EDGE ( 'NONE', *, *, #2068, .T. ) ;
#1437 = AXIS2_PLACEMENT_3D ( 'NONE', #231, #1080, #2387 ) ;
#1438 = EDGE_CURVE ( 'NONE', #179, #1848, #714, .T. ) ;
#1439 = VERTEX_POINT ( 'NONE', #2686 ) ;
#1440 = ORIENTED_EDGE ( 'NONE', *, *, #199, .F. ) ;
#1441 = LINE ( 'NONE', #2467, #459 ) ;
#1442 =( BOUNDED_CURVE ( )  B_SPLINE_CURVE ( 3, ( #2086, #1874, #2056, #1681 ),
 .UNSPECIFIED., .F., .T. ) 
 B_SPLINE_CURVE_WITH_KNOTS ( ( 4, 4 ),
 ( 4.712388980384689674, 7.853981633974482790 ),
 .UNSPECIFIED. ) 
 CURVE ( )  GEOMETRIC_REPRESENTATION_ITEM ( )  RATIONAL_B_SPLINE_CURVE ( ( 1.000000000000000000, 0.3333333333333333703, 0.3333333333333333703, 1.000000000000000000 ) ) 
 REPRESENTATION_ITEM ( '' )  );
#1443 = DIRECTION ( 'NONE',  ( 0.000000000000000000, 0.000000000000000000, -1.000000000000000000 ) ) ;
#1444 = CARTESIAN_POINT ( 'NONE',  ( 0.01886591655098299181, 0.005079851651431002701, 0.001973544934649728091 ) ) ;
#1445 = EDGE_LOOP ( 'NONE', ( #46, #1011, #1142, #830, #499 ) ) ;
#1446 = LINE ( 'NONE', #2259, #2142 ) ;
#1447 = FACE_OUTER_BOUND ( 'NONE', #490, .T. ) ;
#1448 = VECTOR ( 'NONE', #2234, 1.000000000000000000 ) ;
#1449 = ORIENTED_EDGE ( 'NONE', *, *, #2048, .T. ) ;
#1450 = CARTESIAN_POINT ( 'NONE',  ( 0.01886529081886899328, 0.02269383831432654486, -0.008902674311657213235 ) ) ;
#1451 = ORIENTED_EDGE ( 'NONE', *, *, #23, .T. ) ;
#1452 = ORIENTED_EDGE ( 'NONE', *, *, #1414, .F. ) ;
#1453 = EDGE_CURVE ( 'NONE', #1740, #1166, #2036, .T. ) ;
#1454 = CARTESIAN_POINT ( 'NONE',  ( 0.01250000000000000069, 0.002289999999999999935, -0.0003000000000000034974 ) ) ;
#1455 = DIRECTION ( 'NONE',  ( 0.000000000000000000, -1.000000000000000000, -3.469446951953613033E-18 ) ) ;
#1456 = ORIENTED_EDGE ( 'NONE', *, *, #1878, .T. ) ;
#1457 = CYLINDRICAL_SURFACE ( 'NONE', #2059, 0.0005000000000000008778 ) ;
#1458 = CARTESIAN_POINT ( 'NONE',  ( 0.01936544323891093225, 0.004352132034355964997, -0.01060981808985238597 ) ) ;
#1459 = DIRECTION ( 'NONE',  ( 0.0001382460888366148128, 0.000000000000000000, 0.9999999904440095566 ) ) ;
#1460 = ORIENTED_EDGE ( 'NONE', *, *, #304, .F. ) ;
#1461 = DIRECTION ( 'NONE',  ( 0.000000000000000000, 0.000000000000000000, -1.000000000000000000 ) ) ;
#1462 = VERTEX_POINT ( 'NONE', #712 ) ;
#1463 = VECTOR ( 'NONE', #54, 1.000000000000000000 ) ;
#1464 = CARTESIAN_POINT ( 'NONE',  ( 0.01743859733376641741, 0.005429851651430998849, -0.01283326433839159474 ) ) ;
#1465 = LINE ( 'NONE', #2548, #908 ) ;
#1466 = EDGE_CURVE ( 'NONE', #2144, #1006, #299, .T. ) ;
#1467 = CARTESIAN_POINT ( 'NONE',  ( 0.01415285266904381563, 0.004864428852045674101, -0.01180551735084410178 ) ) ;
#1468 = VERTEX_POINT ( 'NONE', #2049 ) ;
#1469 = AXIS2_PLACEMENT_3D ( 'NONE', #33, #2616, #391 ) ;
#1470 = DIRECTION ( 'NONE',  ( 0.000000000000000000, -3.469446951953613033E-18, 1.000000000000000000 ) ) ;
#1471 = EDGE_CURVE ( 'NONE', #1978, #1262, #2265, .T. ) ;
#1472 = CARTESIAN_POINT ( 'NONE',  ( 0.01936545538631351607, 0.004440000000000000370, -0.01069768605465675620 ) ) ;
#1473 = FACE_OUTER_BOUND ( 'NONE', #1574, .T. ) ;
#1474 = ORIENTED_EDGE ( 'NONE', *, *, #1966, .F. ) ;
#1475 = CIRCLE ( 'NONE', #109, 0.0002999999999999999195 ) ;
#1476 = CARTESIAN_POINT ( 'NONE',  ( 0.01921578026605567924, 0.004290000000000000410, 0.0009877067691135279440 ) ) ;
#1477 = DIRECTION ( 'NONE',  ( 0.000000000000000000, 0.000000000000000000, -1.000000000000000000 ) ) ;
#1478 = ORIENTED_EDGE ( 'NONE', *, *, #2087, .T. ) ;
#1479 = AXIS2_PLACEMENT_3D ( 'NONE', #472, #1956, #456 ) ;
#1480 = ORIENTED_EDGE ( 'NONE', *, *, #1210, .T. ) ;
#1481 = CIRCLE ( 'NONE', #1146, 0.001500000000000000465 ) ;
#1482 = FACE_BOUND ( 'NONE', #1388, .T. ) ;
#1483 = CARTESIAN_POINT ( 'NONE',  ( 0.01936545538631351607, 0.000000000000000000, -0.001362313945343219699 ) ) ;
#1484 = DIRECTION ( 'NONE',  ( 0.000000000000000000, -1.000000000000000000, -3.469446951953613033E-18 ) ) ;
#1485 = B_SPLINE_CURVE_WITH_KNOTS ( 'NONE', 3,
 ( #794, #1945, #1023, #379, #157, #1679 ),
 .UNSPECIFIED., .F., .F.,
 ( 4, 2, 4 ),
 ( -9.428554943420198179E-06, 0.0002547148370822976439, 0.0005188582291080154080 ),
 .UNSPECIFIED. ) ;
#1486 = EDGE_CURVE ( 'NONE', #1285, #2635, #1860, .T. ) ;
#1487 = ORIENTED_EDGE ( 'NONE', *, *, #942, .T. ) ;
#1488 = DIRECTION ( 'NONE',  ( 0.000000000000000000, 0.000000000000000000, 1.000000000000000000 ) ) ;
#1489 = CARTESIAN_POINT ( 'NONE',  ( 0.01411363876634534088, 0.003737446932428733354, -0.01093619409926058217 ) ) ;
#1490 = ADVANCED_FACE ( 'NONE', ( #340 ), #2749, .T. ) ;
#1491 = DIRECTION ( 'NONE',  ( 1.000000000000000000, 0.000000000000000000, 9.912705577010328508E-16 ) ) ;
#1492 = ORIENTED_EDGE ( 'NONE', *, *, #1018, .F. ) ;
#1493 = CARTESIAN_POINT ( 'NONE',  ( 0.01731895773171792871, 0.005253939516130522007, 0.001025922490841769215 ) ) ;
#1494 = FACE_OUTER_BOUND ( 'NONE', #2514, .T. ) ;
#1495 = CARTESIAN_POINT ( 'NONE',  ( 0.01411363876634534088, 0.002289999999999999935, -0.0007502057965684729574 ) ) ;
#1496 = LINE ( 'NONE', #1721, #98 ) ;
#1497 = CIRCLE ( 'NONE', #1258, 0.0005000000000000008778 ) ;
#1498 = CARTESIAN_POINT ( 'NONE',  ( 0.01246994860571397704, 0.004219520692335869232, -0.01206004079626399675 ) ) ;
#1499 = ORIENTED_EDGE ( 'NONE', *, *, #1438, .T. ) ;
#1500 = CARTESIAN_POINT ( 'NONE',  ( 0.01921578026605567924, 0.004290000000000000410, 0.0009877067691135279440 ) ) ;
#1501 = ORIENTED_EDGE ( 'NONE', *, *, #1179, .F. ) ;
#1502 = DIRECTION ( 'NONE',  ( 0.000000000000000000, 0.000000000000000000, 1.000000000000000000 ) ) ;
#1503 = DIRECTION ( 'NONE',  ( 0.0001382460888363357121, 0.000000000000000000, -0.9999999904440094456 ) ) ;
#1504 = ORIENTED_EDGE ( 'NONE', *, *, #2066, .T. ) ;
#1505 = DIRECTION ( 'NONE',  ( -0.000000000000000000, 1.000000000000000000, -0.000000000000000000 ) ) ;
#1506 = CARTESIAN_POINT ( 'NONE',  ( 0.01743305209949110035, 0.005428897407505453229, 0.0007589011419708736189 ) ) ;
#1507 = EDGE_CURVE ( 'NONE', #1756, #139, #280, .T. ) ;
#1508 = ADVANCED_FACE ( 'NONE', ( #2465 ), #988, .T. ) ;
#1509 = AXIS2_PLACEMENT_3D ( 'NONE', #660, #1778, #39 ) ;
#1510 = VECTOR ( 'NONE', #2504, 1.000000000000000000 ) ;
#1511 = ORIENTED_EDGE ( 'NONE', *, *, #844, .T. ) ;
#1512 = EDGE_CURVE ( 'NONE', #2315, #1883, #527, .T. ) ;
#1513 = DIRECTION ( 'NONE',  ( 0.000000000000000000, 0.000000000000000000, 1.000000000000000000 ) ) ;
#1514 = DIRECTION ( 'NONE',  ( 0.000000000000000000, 1.000000000000000000, -3.469446951953613418E-18 ) ) ;
#1515 = CARTESIAN_POINT ( 'NONE',  ( 0.01240964150757425076, 0.004564450784540823210, -0.01171004208632062116 ) ) ;
#1516 = CIRCLE ( 'NONE', #538, 0.001003468049019515425 ) ;
#1517 = DIRECTION ( 'NONE',  ( 0.000000000000000000, 1.000000000000000000, -3.469446951953613418E-18 ) ) ;
#1518 = CARTESIAN_POINT ( 'NONE',  ( 0.01250000000000000069, 0.004224855572858482455, -8.673617379884035472E-19 ) ) ;
#1519 = LINE ( 'NONE', #191, #106 ) ;
#1520 = ORIENTED_EDGE ( 'NONE', *, *, #1826, .T. ) ;
#1521 = CIRCLE ( 'NONE', #2356, 0.0005000000000000008778 ) ;
#1522 = DIRECTION ( 'NONE',  ( -0.9999999904440094456, 0.000000000000000000, -0.0001382460888363357121 ) ) ;
#1523 = ORIENTED_EDGE ( 'NONE', *, *, #2351, .F. ) ;
#1524 = LINE ( 'NONE', #848, #2720 ) ;
#1525 = EDGE_CURVE ( 'NONE', #1439, #898, #624, .T. ) ;
#1526 = VECTOR ( 'NONE', #675, 1.000000000000000000 ) ;
#1527 = EDGE_LOOP ( 'NONE', ( #2344, #1876, #2486, #1433 ) ) ;
#1528 = CARTESIAN_POINT ( 'NONE',  ( 0.01936578026462228153, 0.004290000000000000410, 0.0009876860322002023462 ) ) ;
#1529 = DIRECTION ( 'NONE',  ( 0.000000000000000000, 0.000000000000000000, 1.000000000000000000 ) ) ;
#1530 = VECTOR ( 'NONE', #229, 1.000000000000000000 ) ;
#1531 = EDGE_CURVE ( 'NONE', #417, #1817, #2132, .T. ) ;
#1532 = CIRCLE ( 'NONE', #872, 0.0005000000000000004441 ) ;
#1533 = CARTESIAN_POINT ( 'NONE',  ( 0.01339972460214248345, 0.004734827856431198141, -0.0003499999999999988038 ) ) ;
#1534 = DIRECTION ( 'NONE',  ( -1.000000000000000000, -0.000000000000000000, 2.876821684870326519E-16 ) ) ;
#1535 = CARTESIAN_POINT ( 'NONE',  ( 0.000000000000000000, 0.000000000000000000, 0.000000000000000000 ) ) ;
#1536 = ORIENTED_EDGE ( 'NONE', *, *, #2258, .T. ) ;
#1537 = CARTESIAN_POINT ( 'NONE',  ( 0.01056658513405242701, 0.003818628677851876319, -0.008387716188955588945 ) ) ;
#1538 = DIRECTION ( 'NONE',  ( 1.000000000000000000, 0.000000000000000000, 0.000000000000000000 ) ) ;
#1539 = DIRECTION ( 'NONE',  ( 0.000000000000000000, 0.000000000000000000, 1.000000000000000000 ) ) ;
#1540 =( BOUNDED_CURVE ( )  B_SPLINE_CURVE ( 3, ( #2722, #2256, #574, #1012 ),
 .UNSPECIFIED., .F., .T. ) 
 B_SPLINE_CURVE_WITH_KNOTS ( ( 4, 4 ),
 ( 1.570796326794896558, 4.712388980384689674 ),
 .UNSPECIFIED. ) 
 CURVE ( )  GEOMETRIC_REPRESENTATION_ITEM ( )  RATIONAL_B_SPLINE_CURVE ( ( 1.000000000000000000, 0.3333333333333333703, 0.3333333333333333703, 1.000000000000000000 ) ) 
 REPRESENTATION_ITEM ( '' )  );
#1541 = ORIENTED_EDGE ( 'NONE', *, *, #775, .T. ) ;
#1542 = CARTESIAN_POINT ( 'NONE',  ( 0.01421013349541096725, 0.01429000000000000062, -0.001829830253192691811 ) ) ;
#1543 = CARTESIAN_POINT ( 'NONE',  ( 0.01249999999999999722, 0.003737446932428733354, -0.01093619409926058217 ) ) ;
#1544 = DIRECTION ( 'NONE',  ( 0.000000000000000000, 0.000000000000000000, 1.000000000000000000 ) ) ;
#1545 = EDGE_CURVE ( 'NONE', #2622, #2519, #398, .T. ) ;
#1546 = ADVANCED_FACE ( 'NONE', ( #2333 ), #1911, .T. ) ;
#1547 = ORIENTED_EDGE ( 'NONE', *, *, #1525, .F. ) ;
#1548 = CARTESIAN_POINT ( 'NONE',  ( 0.01886529081886899328, 0.005429851651430998849, -0.008902674311657213235 ) ) ;
#1549 = ORIENTED_EDGE ( 'NONE', *, *, #517, .F. ) ;
#1550 = CARTESIAN_POINT ( 'NONE',  ( 0.01936577167511153996, 0.004352132034355965864, -0.01298555399843794901 ) ) ;
#1551 = CARTESIAN_POINT ( 'NONE',  ( 0.01299888323744652005, 0.003737446932428733354, -0.004559215549028380193 ) ) ;
#1552 = VERTEX_POINT ( 'NONE', #2146 ) ;
#1553 = LINE ( 'NONE', #49, #1335 ) ;
#1554 = LINE ( 'NONE', #2646, #1425 ) ;
#1555 = PLANE ( 'NONE',  #1509 ) ;
#1556 = AXIS2_PLACEMENT_3D ( 'NONE', #1558, #1154, #1803 ) ;
#1557 = ORIENTED_EDGE ( 'NONE', *, *, #844, .F. ) ;
#1558 = CARTESIAN_POINT ( 'NONE',  ( 0.01784079112209657411, 0.002289999999999999935, -0.01089157572767378984 ) ) ;
#1559 = EDGE_CURVE ( 'NONE', #2283, #2267, #992, .T. ) ;
#1560 = ORIENTED_EDGE ( 'NONE', *, *, #1665, .F. ) ;
#1561 = CARTESIAN_POINT ( 'NONE',  ( 0.01930364823086004947, 0.004290000000000000410, -0.01304769462171092263 ) ) ;
#1562 = EDGE_CURVE ( 'NONE', #1087, #131, #1268, .T. ) ;
#1563 = DIRECTION ( 'NONE',  ( 0.000000000000000000, 0.000000000000000000, 1.000000000000000000 ) ) ;
#1564 = ADVANCED_BREP_SHAPE_REPRESENTATION ( 'Sehll-Top', ( #217, #239 ), #2389 ) ;
#1565 = AXIS2_PLACEMENT_3D ( 'NONE', #2460, #1149, #2032 ) ;
#1566 = DIRECTION ( 'NONE',  ( -0.000000000000000000, -1.000000000000000000, -0.000000000000000000 ) ) ;
#1567 = ORIENTED_EDGE ( 'NONE', *, *, #532, .T. ) ;
#1568 = CYLINDRICAL_SURFACE ( 'NONE', #341, 0.0001500000000000008813 ) ;
#1569 = VECTOR ( 'NONE', #2732, 1.000000000000000000 ) ;
#1570 = DIRECTION ( 'NONE',  ( 0.000000000000000000, 0.000000000000000000, 1.000000000000000000 ) ) ;
#1571 = VECTOR ( 'NONE', #43, 1.000000000000000000 ) ;
#1572 =( BOUNDED_CURVE ( )  B_SPLINE_CURVE ( 3, ( #2768, #608, #2754, #842 ),
 .UNSPECIFIED., .F., .T. ) 
 B_SPLINE_CURVE_WITH_KNOTS ( ( 4, 4 ),
 ( 3.141592653589792672, 4.712388980384689674 ),
 .UNSPECIFIED. ) 
 CURVE ( )  GEOMETRIC_REPRESENTATION_ITEM ( )  RATIONAL_B_SPLINE_CURVE ( ( 1.000000000000000000, 0.8047378541243649375, 0.8047378541243649375, 1.000000000000000000 ) ) 
 REPRESENTATION_ITEM ( '' )  );
#1573 = AXIS2_PLACEMENT_3D ( 'NONE', #1084, #669, #1061 ) ;
#1574 = EDGE_LOOP ( 'NONE', ( #1541, #573, #2617, #1271 ) ) ;
#1575 = DIRECTION ( 'NONE',  ( 1.000000000000000000, 4.248847104521533693E-34, 1.224646799147353207E-16 ) ) ;
#1576 = VERTEX_POINT ( 'NONE', #2545 ) ;
#1577 = EDGE_CURVE ( 'NONE', #1397, #139, #2572, .T. ) ;
#1578 = LINE ( 'NONE', #560, #915 ) ;
#1579 = DIRECTION ( 'NONE',  ( 0.000000000000000000, 0.000000000000000000, 1.000000000000000000 ) ) ;
#1580 = VERTEX_POINT ( 'NONE', #2772 ) ;
#1581 = LINE ( 'NONE', #522, #1776 ) ;
#1582 = ORIENTED_EDGE ( 'NONE', *, *, #1161, .T. ) ;
#1583 = PLANE ( 'NONE',  #2410 ) ;
#1584 = EDGE_LOOP ( 'NONE', ( #2131, #1624, #1192, #1492, #2568 ) ) ;
#1585 = CARTESIAN_POINT ( 'NONE',  ( 0.01921543465083358840, 0.004790000000000000854, -0.01054770679300348103 ) ) ;
#1586 = ORIENTED_EDGE ( 'NONE', *, *, #126, .F. ) ;
#1587 = DIRECTION ( 'NONE',  ( 1.000000000000000000, 0.000000000000000000, -0.000000000000000000 ) ) ;
#1588 = CARTESIAN_POINT ( 'NONE',  ( 0.01731619488220841746, 0.005079851651431000967, -0.01316278641223576386 ) ) ;
#1589 = CARTESIAN_POINT ( 'NONE',  ( 0.009999999999999996739, 0.003818628677851876319, -0.002632283811044388785 ) ) ;
#1590 = CARTESIAN_POINT ( 'NONE',  ( 0.01886591655098298487, 0.004290000000000002145, -0.01407389542082615116 ) ) ;
#1591 = ORIENTED_EDGE ( 'NONE', *, *, #126, .T. ) ;
#1592 = EDGE_CURVE ( 'NONE', #1255, #2315, #451, .T. ) ;
#1593 = ADVANCED_FACE ( 'NONE', ( #611 ), #93, .T. ) ;
#1594 = CARTESIAN_POINT ( 'NONE',  ( 0.009999999999999996739, 0.003980000000000000031, -0.01176000000000000482 ) ) ;
#1595 = ORIENTED_EDGE ( 'NONE', *, *, #1998, .F. ) ;
#1596 = EDGE_CURVE ( 'NONE', #1006, #1978, #2734, .T. ) ;
#1597 = CARTESIAN_POINT ( 'NONE',  ( 0.01886588977075837753, 0.005399881926455417196, -0.01385257632966205472 ) ) ;
#1598 = AXIS2_PLACEMENT_3D ( 'NONE', #2193, #2632, #13 ) ;
#1599 = VERTEX_POINT ( 'NONE', #405 ) ;
#1600 = DIRECTION ( 'NONE',  ( 0.000000000000000000, 1.916305161557858496E-16, 1.000000000000000000 ) ) ;
#1601 = CYLINDRICAL_SURFACE ( 'NONE', #61, 0.01188814610068916408 ) ;
#1602 = CARTESIAN_POINT ( 'NONE',  ( 0.01921578026605567924, 0.004790000000000000854, -0.01304770676911350472 ) ) ;
#1603 = CARTESIAN_POINT ( 'NONE',  ( 0.01467131703687171197, 0.004290000000000002145, -0.002552674311657847969 ) ) ;
#1604 = EDGE_LOOP ( 'NONE', ( #594, #2155, #407, #952 ) ) ;
#1605 = CARTESIAN_POINT ( 'NONE',  ( 0.01249999999999999896, 0.004290000000000000410, -0.02308791746832725492 ) ) ;
#1606 = ORIENTED_EDGE ( 'NONE', *, *, #453, .T. ) ;
#1607 = EDGE_CURVE ( 'NONE', #2277, #734, #1642, .T. ) ;
#1608 = CARTESIAN_POINT ( 'NONE',  ( 0.01249999999999999722, 0.004540826062626598762, -0.01189412792598231947 ) ) ;
#1609 = ADVANCED_FACE ( 'NONE', ( #631 ), #601, .F. ) ;
#1610 = VERTEX_POINT ( 'NONE', #2535 ) ;
#1611 = CARTESIAN_POINT ( 'NONE',  ( 0.01784079112209657411, 0.003289999999999999956, -0.001171892321345702551 ) ) ;
#1612 = AXIS2_PLACEMENT_3D ( 'NONE', #1396, #2245, #315 ) ;
#1613 = CARTESIAN_POINT ( 'NONE',  ( 0.01344424140157891336, 0.002289999999999999935, 0.000000000000000000 ) ) ;
#1614 = CARTESIAN_POINT ( 'NONE',  ( 0.01231658513405242683, 0.001779999999999999898, -0.003672283811044389779 ) ) ;
#1615 = CIRCLE ( 'NONE', #1573, 0.0005000000000000008778 ) ;
#1616 = ORIENTED_EDGE ( 'NONE', *, *, #163, .F. ) ;
#1617 = CARTESIAN_POINT ( 'NONE',  ( 0.01411363876634534088, 0.004290000000000000410, -0.001339229838127078314 ) ) ;
#1618 = ORIENTED_EDGE ( 'NONE', *, *, #2082, .F. ) ;
#1619 = DIRECTION ( 'NONE',  ( 0.000000000000000000, 1.000000000000000000, 0.000000000000000000 ) ) ;
#1620 = ORIENTED_EDGE ( 'NONE', *, *, #253, .T. ) ;
#1621 = DIRECTION ( 'NONE',  ( -2.876821684870326519E-16, 0.000000000000000000, -1.000000000000000000 ) ) ;
#1622 = B_SPLINE_CURVE_WITH_KNOTS ( 'NONE', 3,
 ( #686, #2412, #1608, #800, #1182, #1685 ),
 .UNSPECIFIED., .F., .F.,
 ( 4, 2, 4 ),
 ( 0.000000000000000000, 0.0002753408275554642629, 0.0005506816551109285258 ),
 .UNSPECIFIED. ) ;
#1623 = CARTESIAN_POINT ( 'NONE',  ( 0.01249999999999999896, 0.002289999999999999935, -0.02308791746832725492 ) ) ;
#1624 = ORIENTED_EDGE ( 'NONE', *, *, #2690, .T. ) ;
#1625 = DIRECTION ( 'NONE',  ( -0.000000000000000000, 1.000000000000000000, 0.000000000000000000 ) ) ;
#1626 = ADVANCED_FACE ( 'NONE', ( #2138 ), #421, .F. ) ;
#1627 = EDGE_CURVE ( 'NONE', #2415, #1265, #1053, .T. ) ;
#1628 = CARTESIAN_POINT ( 'NONE',  ( 0.01616475678700930729, 0.005210644573154043710, 0.0001423037364298442801 ) ) ;
#1629 = FACE_OUTER_BOUND ( 'NONE', #926, .T. ) ;
#1630 = VERTEX_POINT ( 'NONE', #1292 ) ;
#1631 = FACE_OUTER_BOUND ( 'NONE', #125, .T. ) ;
#1632 = CARTESIAN_POINT ( 'NONE',  ( 0.01249999999999999896, 0.004290000000000000410, 0.01102791746832727793 ) ) ;
#1633 = ORIENTED_EDGE ( 'NONE', *, *, #1577, .F. ) ;
#1634 = CIRCLE ( 'NONE', #2558, 0.0009999999999999991535 ) ;
#1635 = DIRECTION ( 'NONE',  ( 0.000000000000000000, 1.000000000000000000, -1.916305161557858496E-16 ) ) ;
#1636 = VERTEX_POINT ( 'NONE', #1722 ) ;
#1637 = ORIENTED_EDGE ( 'NONE', *, *, #2780, .T. ) ;
#1638 = CARTESIAN_POINT ( 'NONE',  ( 0.01886591655098298487, 0.005079851651431002701, -0.01407389542082615116 ) ) ;
#1639 = ORIENTED_EDGE ( 'NONE', *, *, #1884, .F. ) ;
#1640 = CARTESIAN_POINT ( 'NONE',  ( 0.01421013349541096725, 0.004290000000000000410, -0.001829830253192691811 ) ) ;
#1641 = EDGE_CURVE ( 'NONE', #179, #2051, #1485, .T. ) ;
#1642 = CIRCLE ( 'NONE', #1910, 0.0002999999999999999195 ) ;
#1643 = CARTESIAN_POINT ( 'NONE',  ( 0.01299888323744652005, 0.008061269364971163781, -0.004559215549028381061 ) ) ;
#1644 = ORIENTED_EDGE ( 'NONE', *, *, #2373, .T. ) ;
#1645 = ORIENTED_EDGE ( 'NONE', *, *, #1438, .F. ) ;
#1646 = DIRECTION ( 'NONE',  ( -1.000000000000000000, 0.000000000000000000, -0.000000000000000000 ) ) ;
#1647 = EDGE_CURVE ( 'NONE', #1237, #1995, #544, .T. ) ;
#1648 = DIRECTION ( 'NONE',  ( -0.1695909001092043289, 0.9855145491570127536, 0.000000000000000000 ) ) ;
#1649 = VERTEX_POINT ( 'NONE', #1932 ) ;
#1650 = CARTESIAN_POINT ( 'NONE',  ( 0.01421013349541096725, 0.01429000000000000062, -0.01073016974680728562 ) ) ;
#1651 = EDGE_LOOP ( 'NONE', ( #2061, #1718, #450, #1329 ) ) ;
#1652 = AXIS2_PLACEMENT_3D ( 'NONE', #2072, #796, #1470 ) ;
#1653 = CARTESIAN_POINT ( 'NONE',  ( 0.01936543464940019416, 0.004290000000000000410, -0.01054768605609015565 ) ) ;
#1654 = AXIS2_PLACEMENT_3D ( 'NONE', #347, #756, #1202 ) ;
#1655 = CARTESIAN_POINT ( 'NONE',  ( 0.01921578026605567924, 0.004290000000000000410, -0.01304770676911350472 ) ) ;
#1656 = CARTESIAN_POINT ( 'NONE',  ( 0.01478956950253211902, 0.004973997382513670878, -0.0002359670289486220224 ) ) ;
#1657 = VERTEX_POINT ( 'NONE', #1037 ) ;
#1658 = ADVANCED_FACE ( 'NONE', ( #1918 ), #186, .T. ) ;
#1659 = DIRECTION ( 'NONE',  ( -3.562274262511086377E-16, -0.000000000000000000, -1.000000000000000000 ) ) ;
#1660 = STYLED_ITEM ( 'NONE', ( #2658 ), #217 ) ;
#1661 = VECTOR ( 'NONE', #269, 1.000000000000000000 ) ;
#1662 = LINE ( 'NONE', #1432, #1510 ) ;
#1663 = ORIENTED_EDGE ( 'NONE', *, *, #2724, .F. ) ;
#1664 = CARTESIAN_POINT ( 'NONE',  ( 0.01000000000000000368, 0.003818628677851876319, -0.003672283811044387176 ) ) ;
#1665 = EDGE_CURVE ( 'NONE', #1106, #859, #2097, .T. ) ;
#1666 = LINE ( 'NONE', #2675, #241 ) ;
#1667 = ORIENTED_EDGE ( 'NONE', *, *, #1545, .F. ) ;
#1668 = CARTESIAN_POINT ( 'NONE',  ( 0.01231658513405242683, 0.004279999999999999950, -0.008387716188955587210 ) ) ;
#1669 = ORIENTED_EDGE ( 'NONE', *, *, #639, .T. ) ;
#1670 = ORIENTED_EDGE ( 'NONE', *, *, #1559, .F. ) ;
#1671 = DIRECTION ( 'NONE',  ( 0.000000000000000000, 0.000000000000000000, 1.000000000000000000 ) ) ;
#1672 = LINE ( 'NONE', #1219, #286 ) ;
#1673 = ORIENTED_EDGE ( 'NONE', *, *, #1531, .T. ) ;
#1674 = CARTESIAN_POINT ( 'NONE',  ( 0.01000000000000000021, 0.002289999999999999935, -0.0003000000000000027926 ) ) ;
#1675 = EDGE_CURVE ( 'NONE', #2199, #1933, #2295, .T. ) ;
#1676 = DIRECTION ( 'NONE',  ( 0.0001382460888363357121, -0.000000000000000000, -0.9999999904440094456 ) ) ;
#1677 = ADVANCED_FACE ( 'NONE', ( #1690 ), #2644, .F. ) ;
#1678 = FACE_OUTER_BOUND ( 'NONE', #1066, .T. ) ;
#1679 = CARTESIAN_POINT ( 'NONE',  ( 0.01743305209949108300, 0.005428897407505450627, -0.01285925162814729496 ) ) ;
#1680 = ORIENTED_EDGE ( 'NONE', *, *, #1065, .F. ) ;
#1681 = CARTESIAN_POINT ( 'NONE',  ( 0.01421013349541096725, 0.004874285943359969037, -0.001329830253192690933 ) ) ;
#1682 = EDGE_LOOP ( 'NONE', ( #1109, #382 ) ) ;
#1683 = CARTESIAN_POINT ( 'NONE',  ( 0.01056658513405242701, 0.004279999999999999950, -0.002632283811044388785 ) ) ;
#1684 = EDGE_LOOP ( 'NONE', ( #153, #2041, #427, #2464 ) ) ;
#1685 = CARTESIAN_POINT ( 'NONE',  ( 0.01249999999999999722, 0.004224855572858478986, -0.01206000000000000127 ) ) ;
#1686 = DIRECTION ( 'NONE',  ( 1.000000000000000000, -0.000000000000000000, -2.876821684870326519E-16 ) ) ;
#1687 = DIRECTION ( 'NONE',  ( 0.000000000000000000, 0.000000000000000000, 1.000000000000000000 ) ) ;
#1688 = EDGE_CURVE ( 'NONE', #2051, #57, #2579, .T. ) ;
#1689 = CARTESIAN_POINT ( 'NONE',  ( 0.01936578026462228153, 0.004790000000000000854, 0.0009876860322002023462 ) ) ;
#1690 = FACE_OUTER_BOUND ( 'NONE', #1584, .T. ) ;
#1691 = EDGE_CURVE ( 'NONE', #2275, #1883, #1036, .T. ) ;
#1692 = ORIENTED_EDGE ( 'NONE', *, *, #1196, .F. ) ;
#1693 = CARTESIAN_POINT ( 'NONE',  ( 0.01467131703687171197, 0.004290000000000002145, -0.002552674311657847969 ) ) ;
#1694 = ORIENTED_EDGE ( 'NONE', *, *, #2490, .T. ) ;
#1695 = CARTESIAN_POINT ( 'NONE',  ( 0.01784079112209657411, 0.003289999999999999956, -0.001168424272326187147 ) ) ;
#1696 = VECTOR ( 'NONE', #590, 1.000000000000000000 ) ;
#1697 = ORIENTED_EDGE ( 'NONE', *, *, #826, .F. ) ;
#1698 = DIRECTION ( 'NONE',  ( 0.0001210027759790110053, -0.000000000000000000, -0.9999999926791640625 ) ) ;
#1699 = ORIENTED_EDGE ( 'NONE', *, *, #711, .F. ) ;
#1700 = AXIS2_PLACEMENT_3D ( 'NONE', #1082, #1129, #2196 ) ;
#1701 = CARTESIAN_POINT ( 'NONE',  ( 0.01299888323744652005, 0.003737446932428733354, -0.006059215549028381526 ) ) ;
#1702 = CARTESIAN_POINT ( 'NONE',  ( 0.01743859733376643475, 0.005429851651431001451, 0.0007329138522151746986 ) ) ;
#1703 = VECTOR ( 'NONE', #2651, 1.000000000000000000 ) ;
#1704 = VECTOR ( 'NONE', #2546, 1.000000000000000000 ) ;
#1705 = DIRECTION ( 'NONE',  ( -0.000000000000000000, -1.000000000000000000, -0.000000000000000000 ) ) ;
#1706 = DIRECTION ( 'NONE',  ( 0.000000000000000000, 1.000000000000000000, 3.469446951953614189E-18 ) ) ;
#1707 = CARTESIAN_POINT ( 'NONE',  ( 0.01660762688670609083, 0.004954062958827189916, -0.01281576896908254333 ) ) ;
#1708 = VERTEX_POINT ( 'NONE', #1139 ) ;
#1709 = EDGE_CURVE ( 'NONE', #535, #131, #2015, .T. ) ;
#1710 = EDGE_CURVE ( 'NONE', #2505, #81, #882, .T. ) ;
#1711 = ORIENTED_EDGE ( 'NONE', *, *, #2747, .T. ) ;
#1712 = CARTESIAN_POINT ( 'NONE',  ( 0.01056658513405242701, 0.004279999999999999950, -0.008387716188955588945 ) ) ;
#1713 = EDGE_CURVE ( 'NONE', #2004, #2595, #142, .T. ) ;
#1714 = FACE_OUTER_BOUND ( 'NONE', #838, .T. ) ;
#1715 = VERTEX_POINT ( 'NONE', #2025 ) ;
#1716 = CARTESIAN_POINT ( 'NONE',  ( 0.01411363876634534088, 0.004290000000000000410, -0.01130979420343150403 ) ) ;
#1717 = CARTESIAN_POINT ( 'NONE',  ( 0.01000000000000000021, 0.002289999999999999935, -0.0003000000000000027926 ) ) ;
#1718 = ORIENTED_EDGE ( 'NONE', *, *, #2672, .F. ) ;
#1719 = VECTOR ( 'NONE', #901, 1.000000000000000000 ) ;
#1720 = DIRECTION ( 'NONE',  ( 0.000000000000000000, -0.000000000000000000, 1.000000000000000000 ) ) ;
#1721 = CARTESIAN_POINT ( 'NONE',  ( 0.01056658513405242701, 0.003818628677851876319, -0.01109808699784054289 ) ) ;
#1722 = CARTESIAN_POINT ( 'NONE',  ( 0.009999999999999996739, 0.002289999999999999935, -0.01109808699784054289 ) ) ;
#1723 = ORIENTED_EDGE ( 'NONE', *, *, #1507, .T. ) ;
#1724 = SHAPE_DEFINITION_REPRESENTATION ( #2775, #1564 ) ;
#1725 = ORIENTED_EDGE ( 'NONE', *, *, #1018, .T. ) ;
#1726 = DIRECTION ( 'NONE',  ( -0.000000000000000000, -1.000000000000000000, -3.469446951953614189E-18 ) ) ;
#1727 = ORIENTED_EDGE ( 'NONE', *, *, #1199, .F. ) ;
#1728 = EDGE_CURVE ( 'NONE', #248, #2003, #934, .T. ) ;
#1729 = DIRECTION ( 'NONE',  ( 0.000000000000000000, 0.000000000000000000, -1.000000000000000000 ) ) ;
#1730 = ORIENTED_EDGE ( 'NONE', *, *, #2434, .T. ) ;
#1731 = CARTESIAN_POINT ( 'NONE',  ( 0.01736171905629681211, 0.005381838476998947185, 0.0009148247807861965017 ) ) ;
#1732 = PLANE ( 'NONE',  #1291 ) ;
#1733 = VECTOR ( 'NONE', #881, 1.000000000000000000 ) ;
#1734 = EDGE_CURVE ( 'NONE', #1657, #1748, #28, .T. ) ;
#1735 = ORIENTED_EDGE ( 'NONE', *, *, #696, .F. ) ;
#1736 = CARTESIAN_POINT ( 'NONE',  ( 0.01249999999999999896, 0.003737446932428733354, -0.004644607647383943577 ) ) ;
#1737 = CARTESIAN_POINT ( 'NONE',  ( 0.01921245177684850064, 0.004290000000000000410, 0.01102884543854079809 ) ) ;
#1738 = FACE_OUTER_BOUND ( 'NONE', #804, .T. ) ;
#1739 = ORIENTED_EDGE ( 'NONE', *, *, #999, .T. ) ;
#1740 = VERTEX_POINT ( 'NONE', #67 ) ;
#1741 = ORIENTED_EDGE ( 'NONE', *, *, #2553, .T. ) ;
#1742 = VECTOR ( 'NONE', #741, 1.000000000000000000 ) ;
#1743 = FACE_OUTER_BOUND ( 'NONE', #2235, .T. ) ;
#1744 = DIRECTION ( 'NONE',  ( -1.000000000000000000, 0.000000000000000000, 0.000000000000000000 ) ) ;
#1745 = ORIENTED_EDGE ( 'NONE', *, *, #70, .T. ) ;
#1746 = DIRECTION ( 'NONE',  ( 0.000000000000000000, 1.000000000000000000, -1.916305161557858496E-16 ) ) ;
#1747 = AXIS2_PLACEMENT_3D ( 'NONE', #384, #783, #1671 ) ;
#1748 = VERTEX_POINT ( 'NONE', #2437 ) ;
#1749 = EDGE_CURVE ( 'NONE', #437, #10, #2398, .T. ) ;
#1750 = DIRECTION ( 'NONE',  ( 0.000000000000000000, 0.000000000000000000, 1.000000000000000000 ) ) ;
#1751 = CARTESIAN_POINT ( 'NONE',  ( 0.01000000000000000021, 0.003818628677851876319, -0.0009646135390166705060 ) ) ;
#1752 = VECTOR ( 'NONE', #2222, 1.000000000000000000 ) ;
#1753 = VECTOR ( 'NONE', #2365, 1.000000000000000000 ) ;
#1754 = DIRECTION ( 'NONE',  ( 0.000000000000000000, 0.000000000000000000, -1.000000000000000000 ) ) ;
#1755 = DIRECTION ( 'NONE',  ( -0.000000000000000000, -1.000000000000000000, -0.000000000000000000 ) ) ;
#1756 = VERTEX_POINT ( 'NONE', #2426 ) ;
#1757 = EDGE_LOOP ( 'NONE', ( #1100, #1194, #627, #2700 ) ) ;
#1758 = DIRECTION ( 'NONE',  ( -1.000000000000000000, 0.000000000000000000, 2.876821684870326519E-16 ) ) ;
#1759 = DIRECTION ( 'NONE',  ( 0.000000000000000000, 0.000000000000000000, -1.000000000000000000 ) ) ;
#1760 = DIRECTION ( 'NONE',  ( 0.000000000000000000, 0.000000000000000000, 1.000000000000000000 ) ) ;
#1761 = ORIENTED_EDGE ( 'NONE', *, *, #334, .T. ) ;
#1762 = CARTESIAN_POINT ( 'NONE',  ( 0.01299888323744652005, 0.003818628677851876319, -0.006059215549028381526 ) ) ;
#1763 = DIRECTION ( 'NONE',  ( 0.006413265611796482857, 0.000000000000000000, -0.9999794348006325606 ) ) ;
#1764 = ADVANCED_FACE ( 'NONE', ( #910 ), #1791, .T. ) ;
#1765 = CARTESIAN_POINT ( 'NONE',  ( 0.01886543465417818075, 0.004790000000000002589, -0.001512244820865402389 ) ) ;
#1766 = EDGE_CURVE ( 'NONE', #268, #1255, #2610, .T. ) ;
#1767 = LINE ( 'NONE', #2175, #718 ) ;
#1768 = ORIENTED_EDGE ( 'NONE', *, *, #537, .T. ) ;
#1769 = EDGE_LOOP ( 'NONE', ( #213, #1853, #2731, #1547, #42, #358, #782, #2139, #442, #2599, #1606, #2206, #2728, #1906, #2077, #1761, #1644, #2714, #525, #932, #477, #316, #1384, #346 ) ) ;
#1770 = B_SPLINE_CURVE_WITH_KNOTS ( 'NONE', 3,
 ( #2368, #864, #2591, #1331 ),
 .UNSPECIFIED., .F., .F.,
 ( 4, 4 ),
 ( 0.000000000000000000, 5.080452658507251505E-06 ),
 .UNSPECIFIED. ) ;
#1771 = DIRECTION ( 'NONE',  ( 0.000000000000000000, 1.000000000000000000, -1.916305161557858496E-16 ) ) ;
#1772 = PLANE ( 'NONE',  #2209 ) ;
#1773 = LINE ( 'NONE', #1483, #1330 ) ;
#1774 = ORIENTED_EDGE ( 'NONE', *, *, #626, .F. ) ;
#1775 = DIRECTION ( 'NONE',  ( 0.000000000000000000, 0.000000000000000000, 1.000000000000000000 ) ) ;
#1776 = VECTOR ( 'NONE', #332, 1.000000000000000000 ) ;
#1777 = EDGE_CURVE ( 'NONE', #2033, #2311, #1767, .T. ) ;
#1778 = DIRECTION ( 'NONE',  ( 2.876821684870326519E-16, 0.000000000000000000, 1.000000000000000000 ) ) ;
#1779 = FACE_OUTER_BOUND ( 'NONE', #285, .T. ) ;
#1780 = ADVANCED_FACE ( 'NONE', ( #500 ), #2195, .F. ) ;
#1781 = ORIENTED_EDGE ( 'NONE', *, *, #1225, .T. ) ;
#1782 = CARTESIAN_POINT ( 'NONE',  ( 0.01886529081886899328, 0.005429851651430998849, -0.008902674311657213235 ) ) ;
#1783 = CARTESIAN_POINT ( 'NONE',  ( 0.01467131703687171197, 0.004953648071477488590, -0.008929571932645010562 ) ) ;
#1784 = DIRECTION ( 'NONE',  ( -0.000000000000000000, -1.000000000000000000, -0.000000000000000000 ) ) ;
#1785 = ORIENTED_EDGE ( 'NONE', *, *, #339, .T. ) ;
#1786 = DIRECTION ( 'NONE',  ( -0.000000000000000000, -1.000000000000000000, -3.469446951953613418E-18 ) ) ;
#1787 = B_SPLINE_CURVE_WITH_KNOTS ( 'NONE', 3,
 ( #1533, #273, #1137, #1997, #1110, #2384 ),
 .UNSPECIFIED., .F., .F.,
 ( 4, 2, 4 ),
 ( -1.300641372688863214E-05, 0.0002608303504820277128, 0.0005346671146909439797 ),
 .UNSPECIFIED. ) ;
#1788 = AXIS2_PLACEMENT_3D ( 'NONE', #575, #371, #1246 ) ;
#1789 = CARTESIAN_POINT ( 'NONE',  ( 0.01936545538631351607, 0.004640000000000000895, -0.001362313945343219699 ) ) ;
#1790 = AXIS2_PLACEMENT_3D ( 'NONE', #482, #1315, #2202 ) ;
#1791 = PLANE ( 'NONE',  #1958 ) ;
#1792 = ORIENTED_EDGE ( 'NONE', *, *, #2388, .T. ) ;
#1793 = EDGE_CURVE ( 'NONE', #2000, #610, #2089, .T. ) ;
#1794 = ADVANCED_FACE ( 'NONE', ( #243 ), #446, .F. ) ;
#1795 = CARTESIAN_POINT ( 'NONE',  ( 0.01411363876634534088, 0.002289999999999999935, -0.01130979420343150403 ) ) ;
#1796 = PLANE ( 'NONE',  #171 ) ;
#1797 = ADVANCED_FACE ( 'NONE', ( #1779 ), #688, .F. ) ;
#1798 = DIRECTION ( 'NONE',  ( -0.000000000000000000, 1.000000000000000000, -0.000000000000000000 ) ) ;
#1799 = EDGE_LOOP ( 'NONE', ( #1320, #755, #603, #2756 ) ) ;
#1800 = CARTESIAN_POINT ( 'NONE',  ( 0.01411363876634534088, 0.003818628677851876319, -0.0007502057965684729574 ) ) ;
#1801 = DIRECTION ( 'NONE',  ( 0.000000000000000000, 0.000000000000000000, 1.000000000000000000 ) ) ;
#1802 = EDGE_LOOP ( 'NONE', ( #63, #1962, #2612, #1618 ) ) ;
#1803 = DIRECTION ( 'NONE',  ( 0.000000000000000000, 0.000000000000000000, 1.000000000000000000 ) ) ;
#1804 = CARTESIAN_POINT ( 'NONE',  ( 0.01339972460214248345, 0.004734827856431198141, -0.0003499999999999988038 ) ) ;
#1805 = DIRECTION ( 'NONE',  ( 2.876821684870326519E-16, 0.000000000000000000, 1.000000000000000000 ) ) ;
#1806 = ADVANCED_FACE ( 'NONE', ( #313 ), #977, .T. ) ;
#1807 = DIRECTION ( 'NONE',  ( -0.000000000000000000, -1.000000000000000000, 3.469446951953613418E-18 ) ) ;
#1808 = ORIENTED_EDGE ( 'NONE', *, *, #1034, .F. ) ;
#1809 = CARTESIAN_POINT ( 'NONE',  ( 0.01784079112209657411, 0.004290000000000000410, -0.001168424272326187147 ) ) ;
#1810 = ORIENTED_EDGE ( 'NONE', *, *, #2184, .T. ) ;
#1811 = CARTESIAN_POINT ( 'NONE',  ( 0.01250000000000000069, 0.002289999999999999935, -0.0003000000000000034974 ) ) ;
#1812 = EDGE_CURVE ( 'NONE', #1310, #662, #141, .T. ) ;
#1813 = CARTESIAN_POINT ( 'NONE',  ( 0.01886591655098298140, 0.005182560076051864577, -0.01407389542082614943 ) ) ;
#1814 = CARTESIAN_POINT ( 'NONE',  ( 0.01249999999999999722, 0.003818628677851876319, -0.01109808699784054289 ) ) ;
#1815 = ORIENTED_EDGE ( 'NONE', *, *, #1545, .T. ) ;
#1816 = FACE_OUTER_BOUND ( 'NONE', #1818, .T. ) ;
#1817 = VERTEX_POINT ( 'NONE', #2498 ) ;
#1818 = EDGE_LOOP ( 'NONE', ( #956, #779, #2243, #526 ) ) ;
#1819 = LINE ( 'NONE', #1316, #2666 ) ;
#1820 = DIRECTION ( 'NONE',  ( 0.000000000000000000, -1.000000000000000000, 0.000000000000000000 ) ) ;
#1821 = ORIENTED_EDGE ( 'NONE', *, *, #22, .T. ) ;
#1822 = CARTESIAN_POINT ( 'NONE',  ( 0.01784079112209657411, 0.003289999999999999956, -0.002171892321345702571 ) ) ;
#1823 = VECTOR ( 'NONE', #2124, 1.000000000000000000 ) ;
#1824 = EDGE_CURVE ( 'NONE', #2678, #2277, #2254, .T. ) ;
#1825 = AXIS2_PLACEMENT_3D ( 'NONE', #267, #2338, #2762 ) ;
#1826 = EDGE_CURVE ( 'NONE', #2267, #333, #1927, .T. ) ;
#1827 = ORIENTED_EDGE ( 'NONE', *, *, #1347, .F. ) ;
#1828 = DIRECTION ( 'NONE',  ( 0.000000000000000000, 1.000000000000000000, -3.469446951953613418E-18 ) ) ;
#1829 = AXIS2_PLACEMENT_3D ( 'NONE', #1972, #1302, #929 ) ;
#1830 = EDGE_LOOP ( 'NONE', ( #2407, #802, #2480, #2178, #1810, #1200, #1209, #937, #1474, #397, #699, #2665 ) ) ;
#1831 = DIRECTION ( 'NONE',  ( 1.000000000000000000, -0.000000000000000000, -2.876821684870326519E-16 ) ) ;
#1832 = VECTOR ( 'NONE', #875, 1.000000000000000000 ) ;
#1833 = DIRECTION ( 'NONE',  ( -0.000000000000000000, -1.000000000000000000, -0.000000000000000000 ) ) ;
#1834 = DIRECTION ( 'NONE',  ( 0.000000000000000000, 1.000000000000000000, 0.000000000000000000 ) ) ;
#1835 = AXIS2_PLACEMENT_3D ( 'NONE', #1047, #2531, #625 ) ;
#1836 = ORIENTED_EDGE ( 'NONE', *, *, #1189, .F. ) ;
#1837 = CARTESIAN_POINT ( 'NONE',  ( 0.01743859733376643475, 0.005429851651431001451, 0.0007329138522151746986 ) ) ;
#1838 = LINE ( 'NONE', #2021, #2483 ) ;
#1839 = VERTEX_POINT ( 'NONE', #128 ) ;
#1840 = LINE ( 'NONE', #1594, #2451 ) ;
#1841 = ORIENTED_EDGE ( 'NONE', *, *, #198, .F. ) ;
#1842 = FACE_OUTER_BOUND ( 'NONE', #2352, .T. ) ;
#1843 = ADVANCED_FACE ( 'NONE', ( #546 ), #1423, .F. ) ;
#1844 = ORIENTED_EDGE ( 'NONE', *, *, #401, .F. ) ;
#1845 = DIRECTION ( 'NONE',  ( 0.000000000000000000, -0.000000000000000000, 1.000000000000000000 ) ) ;
#1846 = EDGE_CURVE ( 'NONE', #2272, #2073, #343, .T. ) ;
#1847 = LINE ( 'NONE', #1643, #2405 ) ;
#1848 = VERTEX_POINT ( 'NONE', #1858 ) ;
#1849 = CIRCLE ( 'NONE', #79, 0.001500000000000000465 ) ;
#1850 = VERTEX_POINT ( 'NONE', #778 ) ;
#1851 = FACE_OUTER_BOUND ( 'NONE', #638, .T. ) ;
#1852 = PLANE ( 'NONE',  #1355 ) ;
#1853 = ORIENTED_EDGE ( 'NONE', *, *, #1266, .T. ) ;
#1854 = VECTOR ( 'NONE', #454, 1.000000000000000000 ) ;
#1855 = CARTESIAN_POINT ( 'NONE',  ( 0.01743555414008947715, 0.005429327967680900105, -0.01285303343506403670 ) ) ;
#1856 = EDGE_LOOP ( 'NONE', ( #321, #815, #2433, #460 ) ) ;
#1857 = ORIENTED_EDGE ( 'NONE', *, *, #272, .T. ) ;
#1858 = CARTESIAN_POINT ( 'NONE',  ( 0.01886591655098298487, 0.005079851651431002701, -0.01407389542082615116 ) ) ;
#1859 = AXIS2_PLACEMENT_3D ( 'NONE', #1132, #1191, #2225 ) ;
#1860 = CIRCLE ( 'NONE', #2297, 0.001000000000000000021 ) ;
#1861 = EDGE_CURVE ( 'NONE', #1265, #662, #1666, .T. ) ;
#1862 = CARTESIAN_POINT ( 'NONE',  ( 0.01886587199572969248, 0.005429851651431000584, 0.001651255506797955942 ) ) ;
#1863 = ORIENTED_EDGE ( 'NONE', *, *, #468, .F. ) ;
#1864 = EDGE_LOOP ( 'NONE', ( #2710, #1499, #2079, #1252, #1841 ) ) ;
#1865 = LINE ( 'NONE', #1877, #201 ) ;
#1866 = ORIENTED_EDGE ( 'NONE', *, *, #2329, .F. ) ;
#1867 = CARTESIAN_POINT ( 'NONE',  ( 0.01250000000000000069, 0.003980000000000000031, -0.0003000000000000035516 ) ) ;
#1868 = EDGE_LOOP ( 'NONE', ( #2784, #1456, #1004, #1741 ) ) ;
#1869 = LINE ( 'NONE', #374, #958 ) ;
#1870 = VERTEX_POINT ( 'NONE', #2733 ) ;
#1871 = CARTESIAN_POINT ( 'NONE',  ( 0.01479235106493743263, 0.004631805710709697814, 0.0001153762947659941530 ) ) ;
#1872 = AXIS2_PLACEMENT_3D ( 'NONE', #1174, #2224, #2396 ) ;
#1873 = EDGE_LOOP ( 'NONE', ( #394, #2284, #1277, #2611, #2684, #1919, #2044 ) ) ;
#1874 = CARTESIAN_POINT ( 'NONE',  ( 0.01321013349541096463, 0.004702202334595117182, -0.002329830253192692689 ) ) ;
#1875 = VERTEX_POINT ( 'NONE', #2510 ) ;
#1876 = ORIENTED_EDGE ( 'NONE', *, *, #1347, .T. ) ;
#1877 = CARTESIAN_POINT ( 'NONE',  ( 0.01250000000000000069, 0.004579999999999999870, -0.02206000000000000322 ) ) ;
#1878 = EDGE_CURVE ( 'NONE', #2311, #1265, #1441, .T. ) ;
#1879 = AXIS2_PLACEMENT_3D ( 'NONE', #19, #1746, #2588 ) ;
#1880 = CARTESIAN_POINT ( 'NONE',  ( 0.01886578026940027158, 0.004290000000000000410, -0.005736837034635093244 ) ) ;
#1881 = ORIENTED_EDGE ( 'NONE', *, *, #435, .T. ) ;
#1882 = CARTESIAN_POINT ( 'NONE',  ( 0.01784079112209657411, 0.004290000000000000410, -0.01189504377669330440 ) ) ;
#1883 = VERTEX_POINT ( 'NONE', #571 ) ;
#1884 = EDGE_CURVE ( 'NONE', #1580, #2120, #752, .T. ) ;
#1885 = EDGE_LOOP ( 'NONE', ( #1723, #966, #2455, #2704, #2092, #588, #1348, #1201, #1016, #502 ) ) ;
#1886 = CARTESIAN_POINT ( 'NONE',  ( 0.01936578026462228153, 0.004790000000000000854, -0.01304768603220017933 ) ) ;
#1887 = DIRECTION ( 'NONE',  ( 0.000000000000000000, 1.000000000000000000, -3.207698735164214236E-17 ) ) ;
#1888 = CARTESIAN_POINT ( 'NONE',  ( 0.01299888323744652005, 0.003289999999999999522, -0.006059215549028381526 ) ) ;
#1889 = VERTEX_POINT ( 'NONE', #1169 ) ;
#1890 = DIRECTION ( 'NONE',  ( -1.000000000000000000, 0.000000000000000000, 0.000000000000000000 ) ) ;
#1891 = ORIENTED_EDGE ( 'NONE', *, *, #1189, .T. ) ;
#1892 = DIRECTION ( 'NONE',  ( 0.000000000000000000, 0.000000000000000000, -1.000000000000000000 ) ) ;
#1893 = CARTESIAN_POINT ( 'NONE',  ( 0.01250000000000000069, 0.02269383831432654486, -8.673617379884035472E-19 ) ) ;
#1894 = ORIENTED_EDGE ( 'NONE', *, *, #1393, .T. ) ;
#1895 = EDGE_CURVE ( 'NONE', #1112, #1889, #1009, .T. ) ;
#1896 = DIRECTION ( 'NONE',  ( 1.000000000000000000, -0.000000000000000000, -2.876821684870326519E-16 ) ) ;
#1897 = CARTESIAN_POINT ( 'NONE',  ( 0.01743827924737873306, 0.005429796913977507147, 0.0007396267151450801542 ) ) ;
#1898 = ORIENTED_EDGE ( 'NONE', *, *, #1359, .T. ) ;
#1899 = EDGE_CURVE ( 'NONE', #529, #2277, #326, .T. ) ;
#1900 = ORIENTED_EDGE ( 'NONE', *, *, #1734, .F. ) ;
#1901 = FACE_OUTER_BOUND ( 'NONE', #1769, .T. ) ;
#1902 = CARTESIAN_POINT ( 'NONE',  ( 0.01886591655098298487, 0.02269383831432654486, -0.01407389542082615116 ) ) ;
#1903 = DIRECTION ( 'NONE',  ( 0.000000000000000000, 0.000000000000000000, 1.000000000000000000 ) ) ;
#1904 = ORIENTED_EDGE ( 'NONE', *, *, #1081, .F. ) ;
#1905 = DIRECTION ( 'NONE',  ( 1.000000000000000000, -0.000000000000000000, 9.912705577010328508E-16 ) ) ;
#1906 = ORIENTED_EDGE ( 'NONE', *, *, #2370, .T. ) ;
#1907 = CARTESIAN_POINT ( 'NONE',  ( 0.01467131703687171197, 0.02269383831432654486, -0.008929571932645010562 ) ) ;
#1908 = CARTESIAN_POINT ( 'NONE',  ( 0.01886591655098298487, 0.002289999999999999935, -0.01407389542082615116 ) ) ;
#1909 = ORIENTED_EDGE ( 'NONE', *, *, #1415, .F. ) ;
#1910 = AXIS2_PLACEMENT_3D ( 'NONE', #2355, #392, #1903 ) ;
#1911 = PLANE ( 'NONE',  #1954 ) ;
#1912 = DIRECTION ( 'NONE',  ( 0.000000000000000000, 1.000000000000000000, -3.207698735164214236E-17 ) ) ;
#1913 = AXIS2_PLACEMENT_3D ( 'NONE', #2268, #1625, #1845 ) ;
#1914 = CARTESIAN_POINT ( 'NONE',  ( 0.01936543464940019069, 0.004640000000000000895, -0.01054768605609015565 ) ) ;
#1915 = EDGE_CURVE ( 'NONE', #342, #906, #2037, .T. ) ;
#1916 = EDGE_CURVE ( 'NONE', #1060, #2466, #1521, .T. ) ;
#1917 = FACE_OUTER_BOUND ( 'NONE', #1682, .T. ) ;
#1918 = FACE_OUTER_BOUND ( 'NONE', #2085, .T. ) ;
#1919 = ORIENTED_EDGE ( 'NONE', *, *, #1196, .T. ) ;
#1920 = DIRECTION ( 'NONE',  ( 0.000000000000000000, 1.000000000000000000, -3.469446951953613418E-18 ) ) ;
#1921 = AXIS2_PLACEMENT_3D ( 'NONE', #2020, #1763, #521 ) ;
#1922 = DIRECTION ( 'NONE',  ( 0.000000000000000000, 0.000000000000000000, 1.000000000000000000 ) ) ;
#1923 = ORIENTED_EDGE ( 'NONE', *, *, #945, .F. ) ;
#1924 = DIRECTION ( 'NONE',  ( 1.000000000000000000, -0.000000000000000000, -2.876821684870326519E-16 ) ) ;
#1925 = DIRECTION ( 'NONE',  ( -1.000000000000000000, 0.000000000000000000, -0.000000000000000000 ) ) ;
#1926 = CIRCLE ( 'NONE', #1479, 0.01106826795450370493 ) ;
#1927 =( BOUNDED_CURVE ( )  B_SPLINE_CURVE ( 3, ( #2453, #1224, #1871, #2719 ),
 .UNSPECIFIED., .F., .T. ) 
 B_SPLINE_CURVE_WITH_KNOTS ( ( 4, 4 ),
 ( 4.262200357886285929, 4.627013255090306032 ),
 .UNSPECIFIED. ) 
 CURVE ( )  GEOMETRIC_REPRESENTATION_ITEM ( )  RATIONAL_B_SPLINE_CURVE ( ( 1.000000000000000000, 0.9889400126811560554, 0.9889400126811560554, 1.000000000000000000 ) ) 
 REPRESENTATION_ITEM ( '' )  );
#1928 = VECTOR ( 'NONE', #1755, 1.000000000000000000 ) ;
#1929 = DIRECTION ( 'NONE',  ( -1.000000000000000000, 0.000000000000000000, 0.000000000000000000 ) ) ;
#1930 = CARTESIAN_POINT ( 'NONE',  ( 0.01784079112209657411, 0.002289999999999999935, -0.001168424272326187147 ) ) ;
#1931 = ADVANCED_FACE ( 'NONE', ( #354 ), #96, .F. ) ;
#1932 = CARTESIAN_POINT ( 'NONE',  ( 0.01886591655098298487, 0.002289999999999999935, -0.01407389542082615116 ) ) ;
#1933 = VERTEX_POINT ( 'NONE', #764 ) ;
#1934 = APPLICATION_PROTOCOL_DEFINITION ( 'draft international standard', 'automotive_design', 1998, #1979 ) ;
#1935 = EDGE_CURVE ( 'NONE', #763, #898, #2282, .T. ) ;
#1936 = LINE ( 'NONE', #1279, #868 ) ;
#1937 = VERTEX_POINT ( 'NONE', #1208 ) ;
#1938 = LINE ( 'NONE', #428, #1990 ) ;
#1939 = ORIENTED_EDGE ( 'NONE', *, *, #999, .F. ) ;
#1940 = AXIS2_PLACEMENT_3D ( 'NONE', #84, #488, #292 ) ;
#1941 = CARTESIAN_POINT ( 'NONE',  ( 0.01743305209949110035, 0.005428897407505453229, 0.0007589011419708736189 ) ) ;
#1942 = CARTESIAN_POINT ( 'NONE',  ( 0.01784079112209657411, 0.003289999999999999956, -0.009888107678654275284 ) ) ;
#1943 = EDGE_LOOP ( 'NONE', ( #1401, #1827 ) ) ;
#1944 = DIRECTION ( 'NONE',  ( 0.000000000000000000, 0.000000000000000000, 1.000000000000000000 ) ) ;
#1945 = CARTESIAN_POINT ( 'NONE',  ( 0.01731010863120787530, 0.005167647493848151648, -0.01315984500184868428 ) ) ;
#1946 = CARTESIAN_POINT ( 'NONE',  ( 0.01936545538631351607, 0.004640000000000000895, -0.001362313945343219699 ) ) ;
#1947 = CARTESIAN_POINT ( 'NONE',  ( 0.01467131703687171371, 0.004953648071477490325, -0.008929571932645010562 ) ) ;
#1948 = ORIENTED_EDGE ( 'NONE', *, *, #1161, .F. ) ;
#1949 = ADVANCED_FACE ( 'NONE', ( #2081 ), #2109, .F. ) ;
#1950 = CARTESIAN_POINT ( 'NONE',  ( 0.01250000000000000069, 0.003737446932428733354, -0.001196778500451627959 ) ) ;
#1951 = CARTESIAN_POINT ( 'NONE',  ( 0.01056658513405242701, 0.003818628677851876319, -0.003672283811044388044 ) ) ;
#1952 = ORIENTED_EDGE ( 'NONE', *, *, #1812, .F. ) ;
#1953 = DIRECTION ( 'NONE',  ( -1.000000000000000000, 0.000000000000000000, 2.876821684870326519E-16 ) ) ;
#1954 = AXIS2_PLACEMENT_3D ( 'NONE', #831, #1046, #1030 ) ;
#1955 = ORIENTED_EDGE ( 'NONE', *, *, #1846, .T. ) ;
#1956 = DIRECTION ( 'NONE',  ( -0.000000000000000000, -1.000000000000000000, -0.000000000000000000 ) ) ;
#1957 = FACE_OUTER_BOUND ( 'NONE', #331, .T. ) ;
#1958 = AXIS2_PLACEMENT_3D ( 'NONE', #725, #486, #1600 ) ;
#1959 = FACE_OUTER_BOUND ( 'NONE', #1024, .T. ) ;
#1960 = DIRECTION ( 'NONE',  ( -1.000000000000000000, 0.000000000000000000, 2.876821684870326519E-16 ) ) ;
#1961 = CARTESIAN_POINT ( 'NONE',  ( 0.01056658513405242701, 0.004279999999999999950, -0.008387716188955588945 ) ) ;
#1962 = ORIENTED_EDGE ( 'NONE', *, *, #707, .F. ) ;
#1963 = ORIENTED_EDGE ( 'NONE', *, *, #1641, .T. ) ;
#1964 = CYLINDRICAL_SURFACE ( 'NONE', #2537, 0.0002999999999999999195 ) ;
#1965 = CARTESIAN_POINT ( 'NONE',  ( 0.01784079112209657411, 0.004290000000000000410, -0.001168424272326187147 ) ) ;
#1966 = EDGE_CURVE ( 'NONE', #1848, #1649, #2186, .T. ) ;
#1967 = VECTOR ( 'NONE', #613, 1.000000000000000000 ) ;
#1968 = AXIS2_PLACEMENT_3D ( 'NONE', #2520, #2150, #1720 ) ;
#1969 = ORIENTED_EDGE ( 'NONE', *, *, #2706, .T. ) ;
#1970 = DIRECTION ( 'NONE',  ( 0.000000000000000000, 0.000000000000000000, -1.000000000000000000 ) ) ;
#1971 = EDGE_CURVE ( 'NONE', #1260, #552, #1983, .T. ) ;
#1972 = CARTESIAN_POINT ( 'NONE',  ( 0.01784079112209657411, 0.004290000000000000410, -0.001168424272326187147 ) ) ;
#1973 = CIRCLE ( 'NONE', #380, 0.001000000000000000021 ) ;
#1974 = DIRECTION ( 'NONE',  ( 2.876821684870326519E-16, -0.000000000000000000, 1.000000000000000000 ) ) ;
#1975 = CARTESIAN_POINT ( 'NONE',  ( 0.01231658513405242683, 0.001779999999999999898, -0.008387716188955587210 ) ) ;
#1976 = LINE ( 'NONE', #1064, #1050 ) ;
#1977 = CARTESIAN_POINT ( 'NONE',  ( 0.01936575952770895614, 0.004440000000000000370, 0.0008376860336336010337 ) ) ;
#1978 = VERTEX_POINT ( 'NONE', #1035 ) ;
#1979 = APPLICATION_CONTEXT ( 'automotive_design' ) ;
#1980 = DIRECTION ( 'NONE',  ( 1.000000000000000000, -0.000000000000000000, -2.876821684870326519E-16 ) ) ;
#1981 = CARTESIAN_POINT ( 'NONE',  ( 0.01299888323744652005, 0.003737446932428733354, -0.007559215549028382858 ) ) ;
#1982 = EDGE_CURVE ( 'NONE', #2203, #1237, #376, .T. ) ;
#1983 = LINE ( 'NONE', #47, #2441 ) ;
#1984 = ORIENTED_EDGE ( 'NONE', *, *, #1065, .T. ) ;
#1985 = LINE ( 'NONE', #1119, #695 ) ;
#1986 = ADVANCED_FACE ( 'NONE', ( #2561 ), #378, .T. ) ;
#1987 = DIRECTION ( 'NONE',  ( -0.0001382460888366148400, 0.000000000000000000, -0.9999999904440094456 ) ) ;
#1988 = ORIENTED_EDGE ( 'NONE', *, *, #290, .F. ) ;
#1989 = DIRECTION ( 'NONE',  ( 0.000000000000000000, -1.000000000000000000, 1.498089012032067810E-16 ) ) ;
#1990 = VECTOR ( 'NONE', #2130, 1.000000000000000000 ) ;
#1991 = EDGE_LOOP ( 'NONE', ( #127, #1180, #2738, #1808 ) ) ;
#1992 = CARTESIAN_POINT ( 'NONE',  ( 0.01249999999999999722, 0.02269383831432654486, -0.01206000000000000127 ) ) ;
#1993 = LINE ( 'NONE', #2040, #1719 ) ;
#1994 = CARTESIAN_POINT ( 'NONE',  ( 0.01784079112209657411, 0.003289999999999999956, -0.01089157572767378984 ) ) ;
#1995 = VERTEX_POINT ( 'NONE', #2198 ) ;
#1996 = DIRECTION ( 'NONE',  ( 1.000000000000000000, -0.000000000000000000, -2.876821684870326519E-16 ) ) ;
#1997 = CARTESIAN_POINT ( 'NONE',  ( 0.01341483382594186279, 0.004570706057339540135, -3.983588284295010612E-05 ) ) ;
#1998 = EDGE_CURVE ( 'NONE', #1552, #2466, #1344, .T. ) ;
#1999 = ADVANCED_FACE ( 'NONE', ( #1917 ), #470, .F. ) ;
#2000 = VERTEX_POINT ( 'NONE', #1117 ) ;
#2001 = DIRECTION ( 'NONE',  ( 2.876821684870326519E-16, -0.000000000000000000, 1.000000000000000000 ) ) ;
#2002 = AXIS2_PLACEMENT_3D ( 'NONE', #478, #1356, #2713 ) ;
#2003 = VERTEX_POINT ( 'NONE', #887 ) ;
#2004 = VERTEX_POINT ( 'NONE', #1328 ) ;
#2005 = CARTESIAN_POINT ( 'NONE',  ( 0.009999999999999996739, 0.003980000000000000031, -0.01146000000000000490 ) ) ;
#2006 = CARTESIAN_POINT ( 'NONE',  ( 0.009999999999999996739, 0.003818628677851876319, -0.01109808699784054289 ) ) ;
#2007 = ORIENTED_EDGE ( 'NONE', *, *, #1293, .T. ) ;
#2008 = CARTESIAN_POINT ( 'NONE',  ( 0.01467131703687171197, 0.005429851651431002318, -0.002552674311657847969 ) ) ;
#2009 = ORIENTED_EDGE ( 'NONE', *, *, #1728, .T. ) ;
#2010 = DIRECTION ( 'NONE',  ( -0.0001382460888363357121, -0.000000000000000000, -0.9999999904440094456 ) ) ;
#2011 = AXIS2_PLACEMENT_3D ( 'NONE', #1695, #1920, #2141 ) ;
#2012 = VECTOR ( 'NONE', #2391, 1.000000000000000000 ) ;
#2013 = VECTOR ( 'NONE', #2604, 0.9999999999999998890 ) ;
#2014 = ORIENTED_EDGE ( 'NONE', *, *, #2654, .T. ) ;
#2015 = LINE ( 'NONE', #301, #2482 ) ;
#2016 = ADVANCED_FACE ( 'NONE', ( #2324 ), #1088, .T. ) ;
#2017 = CARTESIAN_POINT ( 'NONE',  ( 0.01249999999999999722, 0.003980000000000000031, -0.01176000000000000482 ) ) ;
#2018 = ADVANCED_FACE ( 'NONE', ( #1678 ), #170, .F. ) ;
#2019 = CARTESIAN_POINT ( 'NONE',  ( 0.01411363876634534088, 0.004290000000000000410, -0.0007502057965684729574 ) ) ;
#2020 = CARTESIAN_POINT ( 'NONE',  ( 0.01886529081886899328, 0.02269383831432654486, -0.008902674311657213235 ) ) ;
#2021 = CARTESIAN_POINT ( 'NONE',  ( 0.01886548987822119980, 0.02269383831432654486, -0.01054775517150006656 ) ) ;
#2022 = ORIENTED_EDGE ( 'NONE', *, *, #1777, .F. ) ;
#2023 = DIRECTION ( 'NONE',  ( 0.000000000000000000, 1.000000000000000000, 0.000000000000000000 ) ) ;
#2024 = CARTESIAN_POINT ( 'NONE',  ( 0.01411363876634534088, 0.004290000000000000410, -0.01130979420343150403 ) ) ;
#2025 = CARTESIAN_POINT ( 'NONE',  ( 0.01249999999999999722, 0.004224855572858478986, -0.01206000000000000127 ) ) ;
#2026 = FILL_AREA_STYLE_COLOUR ( '', #1334 ) ;
#2027 = FACE_BOUND ( 'NONE', #2247, .T. ) ;
#2028 = ORIENTED_EDGE ( 'NONE', *, *, #826, .T. ) ;
#2029 = ORIENTED_EDGE ( 'NONE', *, *, #40, .F. ) ;
#2030 = CARTESIAN_POINT ( 'NONE',  ( 0.01000000000000000021, 0.004279999999999999950, -0.0006000000000000027664 ) ) ;
#2031 = EDGE_CURVE ( 'NONE', #270, #1296, #1773, .T. ) ;
#2032 = DIRECTION ( 'NONE',  ( 0.000000000000000000, 0.000000000000000000, -1.000000000000000000 ) ) ;
#2033 = VERTEX_POINT ( 'NONE', #2748 ) ;
#2034 = LINE ( 'NONE', #107, #919 ) ;
#2035 = ORIENTED_EDGE ( 'NONE', *, *, #740, .F. ) ;
#2036 = LINE ( 'NONE', #2117, #2524 ) ;
#2037 = LINE ( 'NONE', #1183, #2717 ) ;
#2038 = AXIS2_PLACEMENT_3D ( 'NONE', #1888, #367, #2792 ) ;
#2039 = LINE ( 'NONE', #1655, #2541 ) ;
#2040 = CARTESIAN_POINT ( 'NONE',  ( 0.009999999999999996739, 0.004279999999999999950, -0.01146000000000000490 ) ) ;
#2041 = ORIENTED_EDGE ( 'NONE', *, *, #1308, .T. ) ;
#2042 = CARTESIAN_POINT ( 'NONE',  ( 0.01249999999999999896, 0.005429851651430996247, -0.02312826795450370621 ) ) ;
#2043 = FACE_OUTER_BOUND ( 'NONE', #729, .T. ) ;
#2044 = ORIENTED_EDGE ( 'NONE', *, *, #605, .F. ) ;
#2045 = EDGE_CURVE ( 'NONE', #2272, #1262, #1465, .T. ) ;
#2046 = CARTESIAN_POINT ( 'NONE',  ( 0.01411363876634534088, 0.003818628677851876319, -0.007062868930823865826 ) ) ;
#2047 = ORIENTED_EDGE ( 'NONE', *, *, #38, .F. ) ;
#2048 = EDGE_CURVE ( 'NONE', #1870, #1060, #2776, .T. ) ;
#2049 = CARTESIAN_POINT ( 'NONE',  ( 0.01936575952770895614, 0.004440000000000000370, 0.0008376860336336010337 ) ) ;
#2050 = VECTOR ( 'NONE', #1058, 1.000000000000000000 ) ;
#2051 = VERTEX_POINT ( 'NONE', #808 ) ;
#2052 = DIRECTION ( 'NONE',  ( 0.000000000000000000, 0.000000000000000000, -1.000000000000000000 ) ) ;
#2053 = VECTOR ( 'NONE', #2582, 1.000000000000000000 ) ;
#2054 = AXIS2_PLACEMENT_3D ( 'NONE', #2444, #1389, #1371 ) ;
#2055 = DIRECTION ( 'NONE',  ( -0.000000000000000000, -1.000000000000000000, -3.469446951953614189E-18 ) ) ;
#2056 = CARTESIAN_POINT ( 'NONE',  ( 0.01321013349541096463, 0.004702202334595117182, -0.001329830253192690933 ) ) ;
#2057 = CIRCLE ( 'NONE', #824, 3.468049019515404008E-06 ) ;
#2058 = ORIENTED_EDGE ( 'NONE', *, *, #1607, .F. ) ;
#2059 = AXIS2_PLACEMENT_3D ( 'NONE', #1278, #2375, #1261 ) ;
#2060 = CARTESIAN_POINT ( 'NONE',  ( 0.01921545538774691378, 0.004290000000000000410, -0.01069770679157008159 ) ) ;
#2061 = ORIENTED_EDGE ( 'NONE', *, *, #370, .F. ) ;
#2062 = LINE ( 'NONE', #1590, #411 ) ;
#2063 = ORIENTED_EDGE ( 'NONE', *, *, #2781, .T. ) ;
#2064 = CARTESIAN_POINT ( 'NONE',  ( 0.01743484838058952102, 0.005429206518039227623, -0.01285515464792667296 ) ) ;
#2065 = ORIENTED_EDGE ( 'NONE', *, *, #626, .T. ) ;
#2066 = EDGE_CURVE ( 'NONE', #1006, #617, #1257, .T. ) ;
#2067 = CARTESIAN_POINT ( 'NONE',  ( 0.01000000000000000021, 0.003980000000000000031, -0.0006000000000000027664 ) ) ;
#2068 = EDGE_CURVE ( 'NONE', #1937, #2199, #599, .T. ) ;
#2069 = ORIENTED_EDGE ( 'NONE', *, *, #753, .F. ) ;
#2070 = CARTESIAN_POINT ( 'NONE',  ( 0.01886529081886899328, 0.004290000000000002145, -0.002552674311657847969 ) ) ;
#2071 = CARTESIAN_POINT ( 'NONE',  ( 0.01250000000000000069, 0.004279999999999999950, -0.0006000000000000035253 ) ) ;
#2072 = CARTESIAN_POINT ( 'NONE',  ( 0.01299888323744652005, 0.003289999999999999522, -0.006059215549028381526 ) ) ;
#2073 = VERTEX_POINT ( 'NONE', #185 ) ;
#2074 = ORIENTED_EDGE ( 'NONE', *, *, #1207, .T. ) ;
#2075 = DIRECTION ( 'NONE',  ( 0.000000000000000000, 0.000000000000000000, -1.000000000000000000 ) ) ;
#2076 = DIRECTION ( 'NONE',  ( -0.000000000000000000, -1.000000000000000000, -3.469446951953613418E-18 ) ) ;
#2077 = ORIENTED_EDGE ( 'NONE', *, *, #1916, .T. ) ;
#2078 = CARTESIAN_POINT ( 'NONE',  ( 0.01936564335077421012, 0.004640000000000000895, -2.677224476627597017E-06 ) ) ;
#2079 = ORIENTED_EDGE ( 'NONE', *, *, #1966, .T. ) ;
#2080 = VERTEX_POINT ( 'NONE', #1274 ) ;
#2081 = FACE_OUTER_BOUND ( 'NONE', #2752, .T. ) ;
#2082 = EDGE_CURVE ( 'NONE', #2033, #2415, #1496, .T. ) ;
#2083 = ADVANCED_FACE ( 'NONE', ( #2354 ), #2237, .T. ) ;
#2084 = VECTOR ( 'NONE', #1798, 1.000000000000000000 ) ;
#2085 = EDGE_LOOP ( 'NONE', ( #995, #1128, #758, #1211 ) ) ;
#2086 = CARTESIAN_POINT ( 'NONE',  ( 0.01421013349541096725, 0.004874285943359969037, -0.002329830253192692689 ) ) ;
#2087 = EDGE_CURVE ( 'NONE', #1220, #10, #2430, .T. ) ;
#2088 = EDGE_LOOP ( 'NONE', ( #409, #257, #1451, #856 ) ) ;
#2089 = CIRCLE ( 'NONE', #1078, 0.001000000000000000021 ) ;
#2090 = CARTESIAN_POINT ( 'NONE',  ( 0.01921578026605567924, 0.004790000000000000854, 0.0009877067691135279440 ) ) ;
#2091 = CARTESIAN_POINT ( 'NONE',  ( 0.01731619488220843481, 0.005079851651431004436, 0.001062435926059343170 ) ) ;
#2092 = ORIENTED_EDGE ( 'NONE', *, *, #272, .F. ) ;
#2093 = CARTESIAN_POINT ( 'NONE',  ( 0.01056658513405242701, 0.001779999999999999898, -0.008387716188955588945 ) ) ;
#2094 = VERTEX_POINT ( 'NONE', #719 ) ;
#2095 = DIRECTION ( 'NONE',  ( -0.9999999904440094456, -0.000000000000000000, -0.0001382460888366148400 ) ) ;
#2096 = DIRECTION ( 'NONE',  ( 1.000000000000000000, 0.000000000000000000, -9.912705577010328508E-16 ) ) ;
#2097 = LINE ( 'NONE', #1063, #1175 ) ;
#2098 = EDGE_CURVE ( 'NONE', #222, #2073, #1581, .T. ) ;
#2099 = CIRCLE ( 'NONE', #1788, 0.001003468049019514557 ) ;
#2100 = ORIENTED_EDGE ( 'NONE', *, *, #696, .T. ) ;
#2101 = CARTESIAN_POINT ( 'NONE',  ( 0.01612499382201052975, 0.004868383415578557243, 0.0004799329125236104655 ) ) ;
#2102 = DIRECTION ( 'NONE',  ( 0.0001382460888363357121, 0.000000000000000000, 0.9999999904440094456 ) ) ;
#2103 = AXIS2_PLACEMENT_3D ( 'NONE', #649, #1517, #2176 ) ;
#2104 = EDGE_CURVE ( 'NONE', #224, #610, #2648, .T. ) ;
#2105 = VECTOR ( 'NONE', #11, 1.000000000000000000 ) ;
#2106 = CARTESIAN_POINT ( 'NONE',  ( 0.01921578026605567924, 0.004790000000000000854, -0.01304770676911350472 ) ) ;
#2107 = EDGE_LOOP ( 'NONE', ( #2014, #1039, #2744, #152 ) ) ;
#2108 = FACE_OUTER_BOUND ( 'NONE', #2532, .T. ) ;
#2109 = PLANE ( 'NONE',  #1373 ) ;
#2110 = CARTESIAN_POINT ( 'NONE',  ( 0.01467131703687171197, 0.004290000000000002145, -0.008929571932645010562 ) ) ;
#2111 = ORIENTED_EDGE ( 'NONE', *, *, #339, .F. ) ;
#2112 = FACE_OUTER_BOUND ( 'NONE', #899, .T. ) ;
#2113 = PRODUCT_DEFINITION ( 'UNKNOWN', '', #276, #1152 ) ;
#2114 = DIRECTION ( 'NONE',  ( -0.000000000000000000, -1.000000000000000000, -0.000000000000000000 ) ) ;
#2115 = DIRECTION ( 'NONE',  ( 0.000000000000000000, 0.000000000000000000, 1.000000000000000000 ) ) ;
#2116 = ORIENTED_EDGE ( 'NONE', *, *, #2219, .F. ) ;
#2117 = CARTESIAN_POINT ( 'NONE',  ( 0.01886591655098299181, 0.02269383831432654486, 0.001973544934649728091 ) ) ;
#2118 = LINE ( 'NONE', #166, #1339 ) ;
#2119 = ADVANCED_FACE ( 'NONE', ( #2043 ), #1416, .F. ) ;
#2120 = VERTEX_POINT ( 'NONE', #1400 ) ;
#2121 = ADVANCED_FACE ( 'NONE', ( #539 ), #905, .F. ) ;
#2122 =( BOUNDED_CURVE ( )  B_SPLINE_CURVE ( 3, ( #2459, #2440, #1385, #2680 ),
 .UNSPECIFIED., .F., .T. ) 
 B_SPLINE_CURVE_WITH_KNOTS ( ( 4, 4 ),
 ( 4.712388980384689674, 6.283185307179585344 ),
 .UNSPECIFIED. ) 
 CURVE ( )  GEOMETRIC_REPRESENTATION_ITEM ( )  RATIONAL_B_SPLINE_CURVE ( ( 1.000000000000000000, 0.8047378541243649375, 0.8047378541243649375, 1.000000000000000000 ) ) 
 REPRESENTATION_ITEM ( '' )  );
#2123 = FACE_BOUND ( 'NONE', #2154, .T. ) ;
#2124 = DIRECTION ( 'NONE',  ( -0.000000000000000000, -1.000000000000000000, -0.000000000000000000 ) ) ;
#2125 = DIRECTION ( 'NONE',  ( 0.000000000000000000, -1.000000000000000000, 0.000000000000000000 ) ) ;
#2126 = ORIENTED_EDGE ( 'NONE', *, *, #2672, .T. ) ;
#2127 = CARTESIAN_POINT ( 'NONE',  ( 0.01930364823086004947, 0.004290000000000001278, 0.0009876946217109436928 ) ) ;
#2128 = DIRECTION ( 'NONE',  ( -0.000000000000000000, -0.000000000000000000, 1.000000000000000000 ) ) ;
#2129 = ORIENTED_EDGE ( 'NONE', *, *, #516, .T. ) ;
#2130 = DIRECTION ( 'NONE',  ( 0.000000000000000000, 0.000000000000000000, -1.000000000000000000 ) ) ;
#2131 = ORIENTED_EDGE ( 'NONE', *, *, #2098, .T. ) ;
#2132 = LINE ( 'NONE', #2348, #489 ) ;
#2133 = CYLINDRICAL_SURFACE ( 'NONE', #602, 0.001003468049019514557 ) ;
#2134 = EDGE_CURVE ( 'NONE', #1715, #179, #73, .T. ) ;
#2135 = LINE ( 'NONE', #819, #689 ) ;
#2136 = EDGE_CURVE ( 'NONE', #1370, #1087, #2681, .T. ) ;
#2137 = DIRECTION ( 'NONE',  ( 0.000000000000000000, -3.469446951953613418E-18, -1.000000000000000000 ) ) ;
#2138 = FACE_OUTER_BOUND ( 'NONE', #1651, .T. ) ;
#2139 = ORIENTED_EDGE ( 'NONE', *, *, #1846, .F. ) ;
#2140 = ORIENTED_EDGE ( 'NONE', *, *, #1325, .F. ) ;
#2141 = DIRECTION ( 'NONE',  ( 0.000000000000000000, 3.469446951953613418E-18, 1.000000000000000000 ) ) ;
#2142 = VECTOR ( 'NONE', #1215, 1.000000000000000000 ) ;
#2143 = PLANE ( 'NONE',  #2336 ) ;
#2144 = VERTEX_POINT ( 'NONE', #320 ) ;
#2145 = VECTOR ( 'NONE', #2585, 1.000000000000000000 ) ;
#2146 = CARTESIAN_POINT ( 'NONE',  ( 0.01421013349541096725, 0.004874285943359969037, -0.002329830253192692689 ) ) ;
#2147 = DIRECTION ( 'NONE',  ( -0.000000000000000000, 1.000000000000000000, -0.000000000000000000 ) ) ;
#2148 = AXIS2_PLACEMENT_3D ( 'NONE', #1762, #1108, #1775 ) ;
#2149 = VERTEX_POINT ( 'NONE', #747 ) ;
#2150 = DIRECTION ( 'NONE',  ( 0.000000000000000000, 1.000000000000000000, 0.000000000000000000 ) ) ;
#2151 = CARTESIAN_POINT ( 'NONE',  ( 0.01667816105914368685, 0.005298993033058217728, -0.01248966779176519451 ) ) ;
#2152 = EDGE_CURVE ( 'NONE', #222, #2332, #733, .T. ) ;
#2153 = CARTESIAN_POINT ( 'NONE',  ( 0.01936544323891093225, 0.004727867965644036267, -0.001450181910147589496 ) ) ;
#2154 = EDGE_LOOP ( 'NONE', ( #2140, #2029 ) ) ;
#2155 = ORIENTED_EDGE ( 'NONE', *, *, #1290, .T. ) ;
#2156 = LINE ( 'NONE', #193, #751 ) ;
#2157 = ORIENTED_EDGE ( 'NONE', *, *, #3, .T. ) ;
#2158 = CARTESIAN_POINT ( 'NONE',  ( 0.01411363876634534088, 0.003737446932428733354, -0.01093619409926058217 ) ) ;
#2159 = ORIENTED_EDGE ( 'NONE', *, *, #2373, .F. ) ;
#2160 = DIRECTION ( 'NONE',  ( -0.9999999904440093346, 0.000000000000000000, 0.0001382460888363353597 ) ) ;
#2161 = CARTESIAN_POINT ( 'NONE',  ( 0.01886585783873656955, 0.005429851651431003186, 0.001548851213793431703 ) ) ;
#2162 = CARTESIAN_POINT ( 'NONE',  ( 0.01411363876634534088, 0.003737446932428733354, -0.007062868930823865826 ) ) ;
#2163 = CARTESIAN_POINT ( 'NONE',  ( 0.01250000000000000069, 0.003818628677851876319, -0.0009646135390166712649 ) ) ;
#2164 = EDGE_CURVE ( 'NONE', #85, #248, #1176, .T. ) ;
#2165 = LINE ( 'NONE', #2636, #1288 ) ;
#2166 = EDGE_CURVE ( 'NONE', #898, #650, #1838, .T. ) ;
#2167 = LINE ( 'NONE', #2403, #1854 ) ;
#2168 = FACE_OUTER_BOUND ( 'NONE', #35, .T. ) ;
#2169 = AXIS2_PLACEMENT_3D ( 'NONE', #592, #543, #739 ) ;
#2170 = ORIENTED_EDGE ( 'NONE', *, *, #1749, .F. ) ;
#2171 = DIRECTION ( 'NONE',  ( 0.000000000000000000, 0.000000000000000000, -1.000000000000000000 ) ) ;
#2172 = CARTESIAN_POINT ( 'NONE',  ( 0.01411363876634534088, 0.003737446932428733354, -0.009739569331741672331 ) ) ;
#2173 = VECTOR ( 'NONE', #1831, 1.000000000000000000 ) ;
#2174 = LINE ( 'NONE', #1349, #580 ) ;
#2175 = CARTESIAN_POINT ( 'NONE',  ( 0.01056658513405242701, 0.001779999999999999898, -0.002632283811044388785 ) ) ;
#2176 = DIRECTION ( 'NONE',  ( 0.000000000000000000, 0.000000000000000000, 1.000000000000000000 ) ) ;
#2177 = DIRECTION ( 'NONE',  ( -0.9855145491570127536, -0.1695909001092043289, -9.052744464925339087E-16 ) ) ;
#2178 = ORIENTED_EDGE ( 'NONE', *, *, #2383, .T. ) ;
#2179 = EDGE_CURVE ( 'NONE', #1133, #2575, #2260, .T. ) ;
#2180 = AXIS2_PLACEMENT_3D ( 'NONE', #2308, #404, #2522 ) ;
#2181 = CARTESIAN_POINT ( 'NONE',  ( 0.009999999999999996739, 0.002289999999999999935, -0.01176000000000000482 ) ) ;
#2182 = CARTESIAN_POINT ( 'NONE',  ( 0.01784079112209657411, 0.004290000000000000410, -0.001168424272326187147 ) ) ;
#2183 = VECTOR ( 'NONE', #2128, 1.000000000000000000 ) ;
#2184 = EDGE_CURVE ( 'NONE', #2721, #1875, #2062, .T. ) ;
#2185 = CIRCLE ( 'NONE', #20, 3.468049019515404008E-06 ) ;
#2186 = LINE ( 'NONE', #1902, #863 ) ;
#2187 = ORIENTED_EDGE ( 'NONE', *, *, #707, .T. ) ;
#2188 = LINE ( 'NONE', #2408, #2013 ) ;
#2189 = ORIENTED_EDGE ( 'NONE', *, *, #1199, .T. ) ;
#2190 = VECTOR ( 'NONE', #1686, 1.000000000000000000 ) ;
#2191 = VECTOR ( 'NONE', #119, 1.000000000000000000 ) ;
#2192 = VECTOR ( 'NONE', #801, 1.000000000000000000 ) ;
#2193 = CARTESIAN_POINT ( 'NONE',  ( 0.01784079112209657411, 0.004290000000000000410, -0.01089157572767378984 ) ) ;
#2194 = ORIENTED_EDGE ( 'NONE', *, *, #1069, .F. ) ;
#2195 = PLANE ( 'NONE',  #1319 ) ;
#2196 = DIRECTION ( 'NONE',  ( 0.000000000000000000, 0.000000000000000000, 1.000000000000000000 ) ) ;
#2197 = CARTESIAN_POINT ( 'NONE',  ( 0.01886591655098298487, 0.004790000000000002589, -0.01407389542082615116 ) ) ;
#2198 = CARTESIAN_POINT ( 'NONE',  ( 0.01421013349541096725, 0.004290000000000000410, -0.009730169746807284734 ) ) ;
#2199 = VERTEX_POINT ( 'NONE', #1603 ) ;
#2200 = ADVANCED_FACE ( 'NONE', ( #104 ), #931, .T. ) ;
#2201 = EDGE_CURVE ( 'NONE', #745, #224, #1516, .T. ) ;
#2202 = DIRECTION ( 'NONE',  ( -1.000000000000000000, 0.000000000000000000, -9.185804991584198536E-16 ) ) ;
#2203 = VERTEX_POINT ( 'NONE', #920 ) ;
#2204 = ADVANCED_FACE ( 'NONE', ( #508 ), #2420, .F. ) ;
#2205 = FACE_OUTER_BOUND ( 'NONE', #2663, .T. ) ;
#2206 = ORIENTED_EDGE ( 'NONE', *, *, #2263, .T. ) ;
#2207 = DIRECTION ( 'NONE',  ( 0.0001382460888366148400, -0.000000000000000000, 0.9999999904440094456 ) ) ;
#2208 =( BOUNDED_CURVE ( )  B_SPLINE_CURVE ( 3, ( #1804, #743, #1628, #547 ),
 .UNSPECIFIED., .F., .T. ) 
 B_SPLINE_CURVE_WITH_KNOTS ( ( 4, 4 ),
 ( 1.654890759632989594, 2.023312645390035858 ),
 .UNSPECIFIED. ) 
 CURVE ( )  GEOMETRIC_REPRESENTATION_ITEM ( )  RATIONAL_B_SPLINE_CURVE ( ( 1.000000000000000000, 0.9887207259626046296, 0.9887207259626046296, 1.000000000000000000 ) ) 
 REPRESENTATION_ITEM ( '' )  );
#2209 = AXIS2_PLACEMENT_3D ( 'NONE', #668, #1538, #1729 ) ;
#2210 = DIRECTION ( 'NONE',  ( 1.000000000000000000, -0.000000000000000000, -2.876821684870326519E-16 ) ) ;
#2211 = CARTESIAN_POINT ( 'NONE',  ( 0.01784079112209657411, 0.002289999999999999935, -0.01089504377669330525 ) ) ;
#2212 = CARTESIAN_POINT ( 'NONE',  ( 0.01580797741516076771, 0.004812105006725247644, -0.01243388342694167099 ) ) ;
#2213 = ORIENTED_EDGE ( 'NONE', *, *, #961, .F. ) ;
#2214 = DIRECTION ( 'NONE',  ( -0.000000000000000000, -1.000000000000000000, -3.469446951953613418E-18 ) ) ;
#2215 = CIRCLE ( 'NONE', #985, 0.01188814610068916755 ) ;
#2216 = ADVANCED_FACE ( 'NONE', ( #1473 ), #1015, .F. ) ;
#2217 = AXIS2_PLACEMENT_3D ( 'NONE', #1623, #80, #497 ) ;
#2218 = CARTESIAN_POINT ( 'NONE',  ( 0.01249999999999999896, 0.003737446932428735089, -0.007473823450672819474 ) ) ;
#2219 = EDGE_CURVE ( 'NONE', #670, #1045, #1672, .T. ) ;
#2220 = EDGE_LOOP ( 'NONE', ( #1821, #1673, #2495, #2737, #540, #1567, #2477, #413, #2028, #2100 ) ) ;
#2221 = DIRECTION ( 'NONE',  ( -0.000000000000000000, -1.000000000000000000, -3.469446951953614189E-18 ) ) ;
#2222 = DIRECTION ( 'NONE',  ( 2.876821684870326519E-16, -0.000000000000000000, 1.000000000000000000 ) ) ;
#2223 = FACE_OUTER_BOUND ( 'NONE', #189, .T. ) ;
#2224 = DIRECTION ( 'NONE',  ( 1.000000000000000000, 0.000000000000000000, -2.876821684870326519E-16 ) ) ;
#2225 = DIRECTION ( 'NONE',  ( 0.000000000000000000, 0.000000000000000000, -1.000000000000000000 ) ) ;
#2226 = ORIENTED_EDGE ( 'NONE', *, *, #314, .F. ) ;
#2227 = DIRECTION ( 'NONE',  ( -0.000000000000000000, -1.000000000000000000, -0.000000000000000000 ) ) ;
#2228 = ORIENTED_EDGE ( 'NONE', *, *, #1531, .F. ) ;
#2229 = DIRECTION ( 'NONE',  ( -0.000000000000000000, -1.000000000000000000, -0.000000000000000000 ) ) ;
#2230 = CIRCLE ( 'NONE', #252, 0.01141826795450370455 ) ;
#2231 = DIRECTION ( 'NONE',  ( 3.423748989970010618E-16, 0.000000000000000000, 1.000000000000000000 ) ) ;
#2232 = EDGE_CURVE ( 'NONE', #1285, #2275, #852, .T. ) ;
#2233 = DIRECTION ( 'NONE',  ( 0.9854948647457599797, 0.1695875127446795361, 0.006320370306351435173 ) ) ;
#2234 = DIRECTION ( 'NONE',  ( 0.000000000000000000, 0.000000000000000000, -1.000000000000000000 ) ) ;
#2235 = EDGE_LOOP ( 'NONE', ( #2750, #161, #2590, #296 ) ) ;
#2236 = CYLINDRICAL_SURFACE ( 'NONE', #1829, 0.001003468049019515425 ) ;
#2237 = CYLINDRICAL_SURFACE ( 'NONE', #1565, 0.001500000000000000465 ) ;
#2238 = ORIENTED_EDGE ( 'NONE', *, *, #769, .T. ) ;
#2239 = DIRECTION ( 'NONE',  ( 0.000000000000000000, -1.000000000000000000, -0.000000000000000000 ) ) ;
#2240 = CARTESIAN_POINT ( 'NONE',  ( 0.01921575952914235386, 0.004290000000000000410, -0.01289770677054690416 ) ) ;
#2241 = ORIENTED_EDGE ( 'NONE', *, *, #1486, .T. ) ;
#2242 = DIRECTION ( 'NONE',  ( 0.000000000000000000, 0.000000000000000000, -1.000000000000000000 ) ) ;
#2243 = ORIENTED_EDGE ( 'NONE', *, *, #2136, .F. ) ;
#2244 = ADVANCED_FACE ( 'NONE', ( #122 ), #2274, .F. ) ;
#2245 = DIRECTION ( 'NONE',  ( 0.000000000000000000, -1.000000000000000000, -0.000000000000000000 ) ) ;
#2246 = VERTEX_POINT ( 'NONE', #359 ) ;
#2247 = EDGE_LOOP ( 'NONE', ( #50, #2074, #6, #1419 ) ) ;
#2248 = LINE ( 'NONE', #1543, #596 ) ;
#2249 = DIRECTION ( 'NONE',  ( 1.000000000000000000, 0.000000000000000000, -2.876821684870326519E-16 ) ) ;
#2250 = VERTEX_POINT ( 'NONE', #551 ) ;
#2251 = CARTESIAN_POINT ( 'NONE',  ( 0.01743859733376641741, 0.005429851651430998849, -0.01283326433839159474 ) ) ;
#2252 = ORIENTED_EDGE ( 'NONE', *, *, #2045, .T. ) ;
#2253 = DIRECTION ( 'NONE',  ( 0.000000000000000000, 1.000000000000000000, 0.000000000000000000 ) ) ;
#2254 = LINE ( 'NONE', #2294, #2173 ) ;
#2255 = DIRECTION ( 'NONE',  ( 0.1695909001092027191, -0.9855145491570129757, 0.000000000000000000 ) ) ;
#2256 = CARTESIAN_POINT ( 'NONE',  ( 0.01521013349541097161, 0.005046369552124820891, -0.01073016974680728562 ) ) ;
#2257 = ORIENTED_EDGE ( 'NONE', *, *, #2785, .F. ) ;
#2258 = EDGE_CURVE ( 'NONE', #1244, #1875, #1662, .T. ) ;
#2259 = CARTESIAN_POINT ( 'NONE',  ( 0.01000000000000000021, 0.004279999999999999950, -0.0006000000000000027664 ) ) ;
#2260 = LINE ( 'NONE', #76, #2084 ) ;
#2261 = ORIENTED_EDGE ( 'NONE', *, *, #2031, .T. ) ;
#2262 = CARTESIAN_POINT ( 'NONE',  ( 0.01231658513405242683, 0.004279999999999999950, -0.009427716188955588203 ) ) ;
#2263 = EDGE_CURVE ( 'NONE', #1095, #342, #2215, .T. ) ;
#2264 = EDGE_LOOP ( 'NONE', ( #2695, #2603, #2436, #2022 ) ) ;
#2265 = LINE ( 'NONE', #1153, #90 ) ;
#2266 = VECTOR ( 'NONE', #2503, 1.000000000000000000 ) ;
#2267 = VERTEX_POINT ( 'NONE', #2091 ) ;
#2268 = CARTESIAN_POINT ( 'NONE',  ( 0.01549999999999999642, 0.003737446932428733354, -0.01093619409926058217 ) ) ;
#2269 = VECTOR ( 'NONE', #1760, 1.000000000000000000 ) ;
#2270 = FACE_OUTER_BOUND ( 'NONE', #1856, .T. ) ;
#2271 = LINE ( 'NONE', #1693, #904 ) ;
#2272 = VERTEX_POINT ( 'NONE', #564 ) ;
#2273 = CARTESIAN_POINT ( 'NONE',  ( 0.01231658513405242683, 0.004279999999999999950, -0.002632283811044388785 ) ) ;
#2274 = PLANE ( 'NONE',  #895 ) ;
#2275 = VERTEX_POINT ( 'NONE', #986 ) ;
#2276 = LINE ( 'NONE', #1664, #158 ) ;
#2277 = VERTEX_POINT ( 'NONE', #1867 ) ;
#2278 = ADVANCED_FACE ( 'NONE', ( #385 ), #2755, .T. ) ;
#2279 = ADVANCED_FACE ( 'NONE', ( #1447 ), #1264, .T. ) ;
#2280 = ADVANCED_FACE ( 'NONE', ( #2528 ), #2727, .F. ) ;
#2281 = ORIENTED_EDGE ( 'NONE', *, *, #643, .T. ) ;
#2282 = LINE ( 'NONE', #1653, #501 ) ;
#2283 = VERTEX_POINT ( 'NONE', #2543 ) ;
#2284 = ORIENTED_EDGE ( 'NONE', *, *, #2608, .T. ) ;
#2285 = CARTESIAN_POINT ( 'NONE',  ( 0.01421013349541096725, 0.01429000000000000062, -0.01023016974680728518 ) ) ;
#2286 = ORIENTED_EDGE ( 'NONE', *, *, #1826, .F. ) ;
#2287 = ORIENTED_EDGE ( 'NONE', *, *, #1225, .F. ) ;
#2288 = PLANE ( 'NONE',  #2584 ) ;
#2289 = DIRECTION ( 'NONE',  ( 0.000000000000000000, 0.000000000000000000, 1.000000000000000000 ) ) ;
#2290 = ORIENTED_EDGE ( 'NONE', *, *, #1289, .T. ) ;
#2291 = CARTESIAN_POINT ( 'NONE',  ( 0.01411363876634534088, 0.004290000000000000410, -0.0007502057965684729574 ) ) ;
#2292 = CARTESIAN_POINT ( 'NONE',  ( 0.01921545538774691378, 0.000000000000000000, -0.001362293208429894318 ) ) ;
#2293 = EDGE_CURVE ( 'NONE', #2595, #1045, #1634, .T. ) ;
#2294 = CARTESIAN_POINT ( 'NONE',  ( 0.01000000000000000021, 0.003980000000000000031, -0.0003000000000000028469 ) ) ;
#2295 = LINE ( 'NONE', #2110, #991 ) ;
#2296 = EDGE_CURVE ( 'NONE', #2492, #2519, #279, .T. ) ;
#2297 = AXIS2_PLACEMENT_3D ( 'NONE', #113, #94, #1801 ) ;
#2298 = ORIENTED_EDGE ( 'NONE', *, *, #1379, .T. ) ;
#2299 = LINE ( 'NONE', #996, #1099 ) ;
#2300 = AXIS2_PLACEMENT_3D ( 'NONE', #925, #82, #1127 ) ;
#2301 = CARTESIAN_POINT ( 'NONE',  ( 0.01886578834657476680, 0.002289999999999993430, -0.01301437917219004821 ) ) ;
#2302 = CARTESIAN_POINT ( 'NONE',  ( 0.01784079112209657411, 0.003289999999999999956, -0.01089504377669330525 ) ) ;
#2303 = ORIENTED_EDGE ( 'NONE', *, *, #2371, .T. ) ;
#2304 = CARTESIAN_POINT ( 'NONE',  ( 0.01250000000000000069, 0.004279999999999999950, -0.0006000000000000035253 ) ) ;
#2305 = EDGE_LOOP ( 'NONE', ( #2380, #203, #2228, #972 ) ) ;
#2306 = CARTESIAN_POINT ( 'NONE',  ( 0.01921543465083358840, 0.004290000000000000410, -0.001512293206996495522 ) ) ;
#2307 = VECTOR ( 'NONE', #1051, 1.000000000000000000 ) ;
#2308 = CARTESIAN_POINT ( 'NONE',  ( 0.01299888323744652005, 0.002289999999999999935, -0.006059215549028381526 ) ) ;
#2309 = DIRECTION ( 'NONE',  ( 0.000000000000000000, 0.000000000000000000, -1.000000000000000000 ) ) ;
#2310 = AXIS2_PLACEMENT_3D ( 'NONE', #1223, #169, #582 ) ;
#2311 = VERTEX_POINT ( 'NONE', #1683 ) ;
#2312 = EDGE_CURVE ( 'NONE', #1756, #1649, #969, .T. ) ;
#2313 = ADVANCED_FACE ( 'NONE', ( #1203, #609, #2331 ), #1852, .T. ) ;
#2314 = CARTESIAN_POINT ( 'NONE',  ( 0.01886591655098299181, 0.005182931898476311576, 0.001973544934649727224 ) ) ;
#2315 = VERTEX_POINT ( 'NONE', #1981 ) ;
#2316 = CARTESIAN_POINT ( 'NONE',  ( 0.01936564335077421012, 0.000000000000000000, -2.677224476627597017E-06 ) ) ;
#2317 = VECTOR ( 'NONE', #2386, 1.000000000000000000 ) ;
#2318 = DIRECTION ( 'NONE',  ( -9.912705577010328508E-16, 0.000000000000000000, 1.000000000000000000 ) ) ;
#2319 = VERTEX_POINT ( 'NONE', #18 ) ;
#2320 = DIRECTION ( 'NONE',  ( 1.113589594797752128E-15, 1.916305161557858250E-16, 1.000000000000000000 ) ) ;
#2321 = CARTESIAN_POINT ( 'NONE',  ( 0.01921543465083358840, 0.004290000000000000410, -0.01054770679300348103 ) ) ;
#2322 = ORIENTED_EDGE ( 'NONE', *, *, #570, .F. ) ;
#2323 = CARTESIAN_POINT ( 'NONE',  ( 0.01421013349541096725, 0.004290000000000000410, -0.01073016974680728562 ) ) ;
#2324 = FACE_OUTER_BOUND ( 'NONE', #1405, .T. ) ;
#2325 = CARTESIAN_POINT ( 'NONE',  ( 0.01421013349541096725, 0.004290000000000000410, -0.01023016974680728518 ) ) ;
#2326 = ORIENTED_EDGE ( 'NONE', *, *, #480, .F. ) ;
#2327 =( LENGTH_UNIT ( ) NAMED_UNIT ( * ) SI_UNIT ( $, .METRE. ) );
#2328 = DIRECTION ( 'NONE',  ( 0.000000000000000000, -1.000000000000000000, 3.469446951953613033E-18 ) ) ;
#2329 = EDGE_CURVE ( 'NONE', #224, #745, #1402, .T. ) ;
#2330 = ORIENTED_EDGE ( 'NONE', *, *, #288, .T. ) ;
#2331 = FACE_OUTER_BOUND ( 'NONE', #678, .T. ) ;
#2332 = VERTEX_POINT ( 'NONE', #858 ) ;
#2333 = FACE_OUTER_BOUND ( 'NONE', #2220, .T. ) ;
#2334 = PLANE ( 'NONE',  #469 ) ;
#2335 = ADVANCED_FACE ( 'NONE', ( #2786 ), #2143, .F. ) ;
#2336 = AXIS2_PLACEMENT_3D ( 'NONE', #2770, #886, #1059 ) ;
#2337 = DIRECTION ( 'NONE',  ( -0.000000000000000000, -1.000000000000000000, -0.000000000000000000 ) ) ;
#2338 = DIRECTION ( 'NONE',  ( 0.000000000000000000, 1.000000000000000000, 3.469446951953613418E-18 ) ) ;
#2339 = CARTESIAN_POINT ( 'NONE',  ( 0.01736638730259150443, 0.005088762072136801019, -0.01318720009768521370 ) ) ;
#2340 = EDGE_LOOP ( 'NONE', ( #2502, #1428, #2649, #306, #2326, #549, #1422 ) ) ;
#2341 = VECTOR ( 'NONE', #26, 1.000000000000000000 ) ;
#2342 = APPLICATION_PROTOCOL_DEFINITION ( 'draft international standard', 'automotive_design', 1998, #891 ) ;
#2343 = AXIS2_PLACEMENT_3D ( 'NONE', #492, #2249, #2639 ) ;
#2344 = ORIENTED_EDGE ( 'NONE', *, *, #2048, .F. ) ;
#2345 = LINE ( 'NONE', #205, #2050 ) ;
#2346 = ORIENTED_EDGE ( 'NONE', *, *, #2494, .F. ) ;
#2347 = PRODUCT_RELATED_PRODUCT_CATEGORY ( 'part', '', ( #1243 ) ) ;
#2348 = CARTESIAN_POINT ( 'NONE',  ( 0.01000000000000000021, 0.004279999999999999950, -0.0006000000000000027664 ) ) ;
#2349 = CARTESIAN_POINT ( 'NONE',  ( 0.01784079112209657411, 0.004290000000000000410, -0.01089157572767378984 ) ) ;
#2350 = ORIENTED_EDGE ( 'NONE', *, *, #583, .T. ) ;
#2351 = EDGE_CURVE ( 'NONE', #2120, #1748, #32, .T. ) ;
#2352 = EDGE_LOOP ( 'NONE', ( #1424, #2213, #312, #2716 ) ) ;
#2353 = CARTESIAN_POINT ( 'NONE',  ( 0.01886591655098299181, 0.002289999999999999935, 0.001973544934649728091 ) ) ;
#2354 = FACE_OUTER_BOUND ( 'NONE', #137, .T. ) ;
#2355 = CARTESIAN_POINT ( 'NONE',  ( 0.01250000000000000069, 0.003980000000000000031, -0.0006000000000000035253 ) ) ;
#2356 = AXIS2_PLACEMENT_3D ( 'NONE', #1640, #793, #515 ) ;
#2357 = LINE ( 'NONE', #1097, #2587 ) ;
#2358 = ORIENTED_EDGE ( 'NONE', *, *, #2494, .T. ) ;
#2359 = CARTESIAN_POINT ( 'NONE',  ( 0.01421013349541096725, 0.004874285943359969037, -0.01073016974680728562 ) ) ;
#2360 = VERTEX_POINT ( 'NONE', #680 ) ;
#2361 = B_SPLINE_CURVE_WITH_KNOTS ( 'NONE', 3,
 ( #981, #1862, #766, #2501, #2314, #1444 ),
 .UNSPECIFIED., .F., .F.,
 ( 4, 2, 4 ),
 ( 1.734723475976807094E-18, 0.0003023906852423074868, 0.0006047813704846132388 ),
 .UNSPECIFIED. ) ;
#2362 = AXIS2_PLACEMENT_3D ( 'NONE', #1429, #2075, #1646 ) ;
#2363 = CARTESIAN_POINT ( 'NONE',  ( 0.01421013349541096725, 0.004290000000000000410, -0.001829830253192691811 ) ) ;
#2364 = ORIENTED_EDGE ( 'NONE', *, *, #1971, .T. ) ;
#2365 = DIRECTION ( 'NONE',  ( 3.423748989970010618E-16, 0.000000000000000000, 1.000000000000000000 ) ) ;
#2366 = VECTOR ( 'NONE', #441, 1.000000000000000000 ) ;
#2367 = ORIENTED_EDGE ( 'NONE', *, *, #1982, .T. ) ;
#2368 = CARTESIAN_POINT ( 'NONE',  ( 0.01344381384978368676, 0.004392406338598562991, -3.659984194700243833E-08 ) ) ;
#2369 = DIRECTION ( 'NONE',  ( -0.000000000000000000, -1.000000000000000000, 1.916305161557858496E-16 ) ) ;
#2370 = EDGE_CURVE ( 'NONE', #906, #1060, #1497, .T. ) ;
#2371 = EDGE_CURVE ( 'NONE', #1172, #906, #2167, .T. ) ;
#2372 = DIRECTION ( 'NONE',  ( 0.000000000000000000, 1.000000000000000000, 0.000000000000000000 ) ) ;
#2373 = EDGE_CURVE ( 'NONE', #120, #1106, #1938, .T. ) ;
#2374 = CARTESIAN_POINT ( 'NONE',  ( 0.01000000000000000021, 0.003980000000000000031, -0.0006000000000000027664 ) ) ;
#2375 = DIRECTION ( 'NONE',  ( 0.000000000000000000, -1.000000000000000000, 3.469446951953613033E-18 ) ) ;
#2376 = ORIENTED_EDGE ( 'NONE', *, *, #9, .T. ) ;
#2377 = CARTESIAN_POINT ( 'NONE',  ( 0.01000000000000000021, 0.002289999999999999935, -0.0003000000000000027926 ) ) ;
#2378 = FACE_OUTER_BOUND ( 'NONE', #2461, .T. ) ;
#2379 = CARTESIAN_POINT ( 'NONE',  ( 0.01411363876634534088, 0.004290000000000000410, -0.0007502057965684729574 ) ) ;
#2380 = ORIENTED_EDGE ( 'NONE', *, *, #219, .T. ) ;
#2381 = DIRECTION ( 'NONE',  ( 0.000000000000000000, -1.000000000000000000, 3.469446951953613033E-18 ) ) ;
#2382 = DIRECTION ( 'NONE',  ( -1.063476910878419575E-14, 2.278879094739470433E-16, 1.000000000000000000 ) ) ;
#2383 = EDGE_CURVE ( 'NONE', #2094, #2721, #2156, .T. ) ;
#2384 = CARTESIAN_POINT ( 'NONE',  ( 0.01344381384978368676, 0.004392406338598562991, -3.659984194700243833E-08 ) ) ;
#2385 = ORIENTED_EDGE ( 'NONE', *, *, #1709, .T. ) ;
#2386 = DIRECTION ( 'NONE',  ( 0.9999794348006325606, 1.228977399432711698E-18, 0.006413265611796482857 ) ) ;
#2387 = DIRECTION ( 'NONE',  ( 0.000000000000000000, 0.000000000000000000, 1.000000000000000000 ) ) ;
#2388 = EDGE_CURVE ( 'NONE', #342, #1220, #845, .T. ) ;
#2389 =( GEOMETRIC_REPRESENTATION_CONTEXT ( 3 ) GLOBAL_UNCERTAINTY_ASSIGNED_CONTEXT ( ( #2424 ) ) GLOBAL_UNIT_ASSIGNED_CONTEXT ( ( #2327, #1295, #1040 ) ) REPRESENTATION_CONTEXT ( 'NONE', 'WORKASPACE' ) );
#2390 = ORIENTED_EDGE ( 'NONE', *, *, #219, .F. ) ;
#2391 = DIRECTION ( 'NONE',  ( 0.000000000000000000, 0.000000000000000000, 1.000000000000000000 ) ) ;
#2392 = CYLINDRICAL_SURFACE ( 'NONE', #2687, 0.001003468049019515425 ) ;
#2393 = VECTOR ( 'NONE', #615, 1.000000000000000000 ) ;
#2394 = ORIENTED_EDGE ( 'NONE', *, *, #453, .F. ) ;
#2395 = CARTESIAN_POINT ( 'NONE',  ( 0.01299888323744652005, 0.002289999999999999935, -0.006059215549028381526 ) ) ;
#2396 = DIRECTION ( 'NONE',  ( -2.876821684870326519E-16, 0.000000000000000000, -1.000000000000000000 ) ) ;
#2397 = CARTESIAN_POINT ( 'NONE',  ( 0.01936578026462228153, 0.004290000000000000410, -0.01304768603220017933 ) ) ;
#2398 = LINE ( 'NONE', #461, #95 ) ;
#2399 = ORIENTED_EDGE ( 'NONE', *, *, #1665, .T. ) ;
#2400 = ADVANCED_FACE ( 'NONE', ( #829 ), #1772, .T. ) ;
#2401 = EDGE_CURVE ( 'NONE', #1095, #1462, #234, .T. ) ;
#2402 = DIRECTION ( 'NONE',  ( -0.0001382460888363357121, -0.000000000000000000, 0.9999999904440094456 ) ) ;
#2403 = CARTESIAN_POINT ( 'NONE',  ( 0.01411363876634534088, 0.01429000000000000062, -0.001339229838127078314 ) ) ;
#2404 = CIRCLE ( 'NONE', #1184, 0.001003468049019515425 ) ;
#2405 = VECTOR ( 'NONE', #2055, 1.000000000000000000 ) ;
#2406 = DIRECTION ( 'NONE',  ( 0.000000000000000000, 0.000000000000000000, 1.000000000000000000 ) ) ;
#2407 = ORIENTED_EDGE ( 'NONE', *, *, #1525, .T. ) ;
#2408 = CARTESIAN_POINT ( 'NONE',  ( 0.01886591655098298487, 0.005429851651430998849, -0.01407389542082614770 ) ) ;
#2409 = EDGE_LOOP ( 'NONE', ( #789, #1768, #1520, #849, #1739, #116 ) ) ;
#2410 = AXIS2_PLACEMENT_3D ( 'NONE', #1134, #1074, #36 ) ;
#2411 = VECTOR ( 'NONE', #15, 1.000000000000000000 ) ;
#2412 = CARTESIAN_POINT ( 'NONE',  ( 0.01250000000000000243, 0.004580000000000000737, -0.01180326323837722555 ) ) ;
#2413 = ORIENTED_EDGE ( 'NONE', *, *, #691, .T. ) ;
#2414 = CARTESIAN_POINT ( 'NONE',  ( 0.01936543464940019416, 0.004290000000000000410, -0.001512313943909821120 ) ) ;
#2415 = VERTEX_POINT ( 'NONE', #1951 ) ;
#2416 = B_SPLINE_CURVE_WITH_KNOTS ( 'NONE', 3,
 ( #1506, #989, #2729, #1897, #817, #593, #1702 ),
 .UNSPECIFIED., .F., .F.,
 ( 4, 3, 4 ),
 ( 2.767775123609894146E-17, 1.999089083543431297E-05, 2.662242131475640834E-05 ),
 .UNSPECIFIED. ) ;
#2417 = DIRECTION ( 'NONE',  ( 0.000000000000000000, 1.916305161557858496E-16, 1.000000000000000000 ) ) ;
#2418 = LINE ( 'NONE', #1589, #266 ) ;
#2419 = EDGE_CURVE ( 'NONE', #1817, #1370, #2606, .T. ) ;
#2420 = PLANE ( 'NONE',  #2002 ) ;
#2421 = ORIENTED_EDGE ( 'NONE', *, *, #1210, .F. ) ;
#2422 = PLANE ( 'NONE',  #1790 ) ;
#2423 = ADVANCED_FACE ( 'NONE', ( #1714 ), #2586, .F. ) ;
#2424 = UNCERTAINTY_MEASURE_WITH_UNIT (LENGTH_MEASURE( 1.000000000000000082E-05 ), #2327, 'distance_accuracy_value', 'NONE');
#2425 = LINE ( 'NONE', #287, #1526 ) ;
#2426 = CARTESIAN_POINT ( 'NONE',  ( 0.01886578632728074315, 0.002289999999999999935, -0.01304775515451157830 ) ) ;
#2427 = LINE ( 'NONE', #1992, #202 ) ;
#2428 = DIRECTION ( 'NONE',  ( 0.000000000000000000, -0.000000000000000000, 1.000000000000000000 ) ) ;
#2429 = EDGE_LOOP ( 'NONE', ( #1181, #1204, #1029, #791, #722, #1131, #1367, #1582 ) ) ;
#2430 = LINE ( 'NONE', #955, #2759 ) ;
#2431 = ORIENTED_EDGE ( 'NONE', *, *, #318, .F. ) ;
#2432 = DIRECTION ( 'NONE',  ( -0.000000000000000000, -1.000000000000000000, -0.000000000000000000 ) ) ;
#2433 = ORIENTED_EDGE ( 'NONE', *, *, #568, .T. ) ;
#2434 = EDGE_CURVE ( 'NONE', #1850, #1120, #393, .T. ) ;
#2435 = CYLINDRICAL_SURFACE ( 'NONE', #851, 0.0002999999999999999195 ) ;
#2436 = ORIENTED_EDGE ( 'NONE', *, *, #1878, .F. ) ;
#2437 = CARTESIAN_POINT ( 'NONE',  ( 0.01250000000000000069, 0.003818628677851876319, -0.0009646135390166712649 ) ) ;
#2438 = CARTESIAN_POINT ( 'NONE',  ( 0.009999999999999996739, 0.002289999999999999935, -0.01109808699784054289 ) ) ;
#2439 = DIRECTION ( 'NONE',  ( 1.000000000000000000, 0.000000000000000000, -2.876821684870326519E-16 ) ) ;
#2440 = CARTESIAN_POINT ( 'NONE',  ( 0.01936544323891093225, 0.004352132034355964997, -0.001450181910147589496 ) ) ;
#2441 = VECTOR ( 'NONE', #1706, 1.000000000000000000 ) ;
#2442 = DIRECTION ( 'NONE',  ( 0.000000000000000000, 0.000000000000000000, -1.000000000000000000 ) ) ;
#2443 = EDGE_LOOP ( 'NONE', ( #799, #485, #479, #1165, #68 ) ) ;
#2444 = CARTESIAN_POINT ( 'NONE',  ( 0.01936543464940019416, 0.004290000000000000410, -0.01054768605609015565 ) ) ;
#2445 = ORIENTED_EDGE ( 'NONE', *, *, #259, .F. ) ;
#2446 = VECTOR ( 'NONE', #866, 1.000000000000000000 ) ;
#2447 = EDGE_LOOP ( 'NONE', ( #1352, #665, #108, #2529, #1844, #1118 ) ) ;
#2448 = DIRECTION ( 'NONE',  ( 0.000000000000000000, 0.000000000000000000, -1.000000000000000000 ) ) ;
#2449 = AXIS2_PLACEMENT_3D ( 'NONE', #1326, #4, #916 ) ;
#2450 = ADVANCED_FACE ( 'NONE', ( #2378 ), #1070, .F. ) ;
#2451 = VECTOR ( 'NONE', #524, 1.000000000000000000 ) ;
#2452 = VERTEX_POINT ( 'NONE', #1551 ) ;
#2453 = CARTESIAN_POINT ( 'NONE',  ( 0.01731619488220843481, 0.005079851651431004436, 0.001062435926059343170 ) ) ;
#2454 = ADVANCED_FACE ( 'NONE', ( #1083 ), #2392, .T. ) ;
#2455 = ORIENTED_EDGE ( 'NONE', *, *, #55, .T. ) ;
#2456 =( LENGTH_UNIT ( ) NAMED_UNIT ( * ) SI_UNIT ( $, .METRE. ) );
#2457 = CYLINDRICAL_SURFACE ( 'NONE', #1940, 0.001500000000000000465 ) ;
#2458 = ORIENTED_EDGE ( 'NONE', *, *, #893, .T. ) ;
#2459 = CARTESIAN_POINT ( 'NONE',  ( 0.01936545538631351607, 0.004440000000000000370, -0.001362313945343219699 ) ) ;
#2460 = CARTESIAN_POINT ( 'NONE',  ( 0.01299888323744652005, 0.008061269364971163781, -0.006059215549028381526 ) ) ;
#2461 = EDGE_LOOP ( 'NONE', ( #2226, #2303, #493, #1792, #1478, #2170 ) ) ;
#2462 = DIRECTION ( 'NONE',  ( -0.000000000000000000, -1.000000000000000000, 1.916305161557858496E-16 ) ) ;
#2463 = ORIENTED_EDGE ( 'NONE', *, *, #144, .T. ) ;
#2464 = ORIENTED_EDGE ( 'NONE', *, *, #1207, .F. ) ;
#2465 = FACE_OUTER_BOUND ( 'NONE', #1445, .T. ) ;
#2466 = VERTEX_POINT ( 'NONE', #2601 ) ;
#2467 = CARTESIAN_POINT ( 'NONE',  ( 0.01056658513405242701, 0.004279999999999999950, -0.003672283811044388044 ) ) ;
#2468 = ADVANCED_FACE ( 'NONE', ( #1171, #2027, #59 ), #72, .F. ) ;
#2469 = AXIS2_PLACEMENT_3D ( 'NONE', #2182, #622, #466 ) ;
#2470 = CARTESIAN_POINT ( 'NONE',  ( 0.01784079112209657411, 0.002289999999999999935, -0.001168424272326187147 ) ) ;
#2471 = ADVANCED_FACE ( 'NONE', ( #2223 ), #706, .F. ) ;
#2472 = FACE_OUTER_BOUND ( 'NONE', #2429, .T. ) ;
#2473 = EDGE_LOOP ( 'NONE', ( #1904, #220, #1549, #386 ) ) ;
#2474 = DIRECTION ( 'NONE',  ( 0.000000000000000000, 0.000000000000000000, 1.000000000000000000 ) ) ;
#2475 = ORIENTED_EDGE ( 'NONE', *, *, #55, .F. ) ;
#2476 = CARTESIAN_POINT ( 'NONE',  ( 0.01249999999999999896, 0.002289999999999999935, -0.02312826795450370621 ) ) ;
#2477 = ORIENTED_EDGE ( 'NONE', *, *, #1884, .T. ) ;
#2478 = AXIS2_PLACEMENT_3D ( 'NONE', #149, #2076, #2289 ) ;
#2479 = LINE ( 'NONE', #1250, #1216 ) ;
#2480 = ORIENTED_EDGE ( 'NONE', *, *, #2593, .T. ) ;
#2481 = DIRECTION ( 'NONE',  ( -0.0001382460888363357121, 0.000000000000000000, 0.9999999904440094456 ) ) ;
#2482 = VECTOR ( 'NONE', #2001, 1.000000000000000000 ) ;
#2483 = VECTOR ( 'NONE', #1619, 1.000000000000000000 ) ;
#2484 = DIRECTION ( 'NONE',  ( 0.000000000000000000, -1.000000000000000000, 0.000000000000000000 ) ) ;
#2485 = DIRECTION ( 'NONE',  ( 0.0001382460888363357121, 0.000000000000000000, 0.9999999904440094456 ) ) ;
#2486 = ORIENTED_EDGE ( 'NONE', *, *, #1998, .T. ) ;
#2487 = ORIENTED_EDGE ( 'NONE', *, *, #790, .F. ) ;
#2488 = CARTESIAN_POINT ( 'NONE',  ( 0.01886578026940027158, 0.002289999999999999935, -0.01294762720901303232 ) ) ;
#2489 = EDGE_CURVE ( 'NONE', #1817, #1708, #1993, .T. ) ;
#2490 = EDGE_CURVE ( 'NONE', #2698, #2033, #2418, .T. ) ;
#2491 = DIRECTION ( 'NONE',  ( -0.9855145491570127536, -0.1695909001092043289, 0.000000000000000000 ) ) ;
#2492 = VERTEX_POINT ( 'NONE', #1602 ) ;
#2493 = DIRECTION ( 'NONE',  ( 0.000000000000000000, -1.000000000000000000, -3.469446951953613033E-18 ) ) ;
#2494 = EDGE_CURVE ( 'NONE', #1937, #2779, #694, .T. ) ;
#2495 = ORIENTED_EDGE ( 'NONE', *, *, #2419, .T. ) ;
#2496 = AXIS2_PLACEMENT_3D ( 'NONE', #2292, #2774, #1944 ) ;
#2497 = ORIENTED_EDGE ( 'NONE', *, *, #570, .T. ) ;
#2498 = CARTESIAN_POINT ( 'NONE',  ( 0.009999999999999996739, 0.004279999999999999950, -0.01146000000000000490 ) ) ;
#2499 = AXIS2_PLACEMENT_3D ( 'NONE', #2476, #2227, #494 ) ;
#2500 = CARTESIAN_POINT ( 'NONE',  ( 0.01255935681503820255, 0.004235069907795042422, -0.0003499999999999996170 ) ) ;
#2501 = CARTESIAN_POINT ( 'NONE',  ( 0.01886590838242807947, 0.005278743922203916333, 0.001914457875421358502 ) ) ;
#2502 = ORIENTED_EDGE ( 'NONE', *, *, #1592, .F. ) ;
#2503 = DIRECTION ( 'NONE',  ( -0.000000000000000000, -1.000000000000000000, -0.000000000000000000 ) ) ;
#2504 = DIRECTION ( 'NONE',  ( 0.000000000000000000, 1.000000000000000000, 0.000000000000000000 ) ) ;
#2505 = VERTEX_POINT ( 'NONE', #476 ) ;
#2506 = EDGE_CURVE ( 'NONE', #2517, #2452, #1849, .T. ) ;
#2507 = CARTESIAN_POINT ( 'NONE',  ( 0.009999999999999996739, 0.003818628677851876319, -0.01109808699784054289 ) ) ;
#2508 = ORIENTED_EDGE ( 'NONE', *, *, #1359, .F. ) ;
#2509 = ADVANCED_FACE ( 'NONE', ( #1629 ), #1382, .F. ) ;
#2510 = CARTESIAN_POINT ( 'NONE',  ( 0.01886578026940027158, 0.004290000000000001278, -0.01294762719587876261 ) ) ;
#2511 = DIRECTION ( 'NONE',  ( -0.9999999926791641736, 0.000000000000000000, -0.0001210027759790110189 ) ) ;
#2512 = ORIENTED_EDGE ( 'NONE', *, *, #463, .T. ) ;
#2513 = FACE_OUTER_BOUND ( 'NONE', #2723, .T. ) ;
#2514 = EDGE_LOOP ( 'NONE', ( #2187, #941, #1298, #1952 ) ) ;
#2515 = CARTESIAN_POINT ( 'NONE',  ( 0.01344424140157891336, 0.002289999999999999935, 0.000000000000000000 ) ) ;
#2516 = CARTESIAN_POINT ( 'NONE',  ( 0.01886529081886899328, 0.02269383831432654486, -0.002552674311657847969 ) ) ;
#2517 = VERTEX_POINT ( 'NONE', #1158 ) ;
#2518 = LINE ( 'NONE', #1674, #114 ) ;
#2519 = VERTEX_POINT ( 'NONE', #1366 ) ;
#2520 = CARTESIAN_POINT ( 'NONE',  ( 0.01249999999999999896, 0.002289999999999999935, -0.02312826795450370621 ) ) ;
#2521 = EDGE_CURVE ( 'NONE', #1112, #577, #918, .T. ) ;
#2522 = DIRECTION ( 'NONE',  ( 0.000000000000000000, -3.469446951953613418E-18, 1.000000000000000000 ) ) ;
#2523 = CARTESIAN_POINT ( 'NONE',  ( 0.01241056488468763978, 0.004564609682606746155, -0.01206020202927712663 ) ) ;
#2524 = VECTOR ( 'NONE', #2229, 1.000000000000000000 ) ;
#2525 = AXIS2_PLACEMENT_3D ( 'NONE', #1701, #2556, #210 ) ;
#2526 = ORIENTED_EDGE ( 'NONE', *, *, #1032, .F. ) ;
#2527 = CARTESIAN_POINT ( 'NONE',  ( 0.01421013349541096725, 0.004290000000000000410, -0.001329830253192690933 ) ) ;
#2528 = FACE_OUTER_BOUND ( 'NONE', #2566, .T. ) ;
#2529 = ORIENTED_EDGE ( 'NONE', *, *, #1710, .T. ) ;
#2530 = CARTESIAN_POINT ( 'NONE',  ( 0.01886587753422152430, 0.005429851651431001451, -0.01375145024664593298 ) ) ;
#2531 = DIRECTION ( 'NONE',  ( -0.000000000000000000, 1.000000000000000000, 0.000000000000000000 ) ) ;
#2532 = EDGE_LOOP ( 'NONE', ( #2570, #148, #325, #833 ) ) ;
#2533 = CARTESIAN_POINT ( 'NONE',  ( 0.01411363876634534088, 0.003737446932428733354, -0.001339229838127078314 ) ) ;
#2534 = DIRECTION ( 'NONE',  ( 0.000000000000000000, 1.000000000000000000, 3.469446951953613418E-18 ) ) ;
#2535 = CARTESIAN_POINT ( 'NONE',  ( 0.01411363876634534088, 0.003737446932428733354, -0.002320430668258305525 ) ) ;
#2536 = VECTOR ( 'NONE', #2726, 1.000000000000000000 ) ;
#2537 = AXIS2_PLACEMENT_3D ( 'NONE', #2005, #1980, #2613 ) ;
#2538 = ORIENTED_EDGE ( 'NONE', *, *, #1688, .T. ) ;
#2539 = ADVANCED_FACE ( 'NONE', ( #2472 ), #2457, .T. ) ;
#2540 = LINE ( 'NONE', #1712, #2183 ) ;
#2541 = VECTOR ( 'NONE', #2484, 1.000000000000000000 ) ;
#2542 = CIRCLE ( 'NONE', #1276, 0.01188814610068916755 ) ;
#2543 = CARTESIAN_POINT ( 'NONE',  ( 0.01743305209949110035, 0.005428897407505453229, 0.0007589011419708736189 ) ) ;
#2544 = EDGE_LOOP ( 'NONE', ( #1939, #1637, #1340, #1487 ) ) ;
#2545 = CARTESIAN_POINT ( 'NONE',  ( 0.01056658513405242701, 0.004279999999999999950, -0.009427716188955588203 ) ) ;
#2546 = DIRECTION ( 'NONE',  ( -0.000000000000000000, 1.000000000000000000, -0.000000000000000000 ) ) ;
#2547 = CARTESIAN_POINT ( 'NONE',  ( 0.01936545538631351607, 0.004640000000000000895, -0.01069768605465675620 ) ) ;
#2548 = CARTESIAN_POINT ( 'NONE',  ( 0.01886543465417818768, 0.004290000000000000410, -0.001512244820865402822 ) ) ;
#2549 = CARTESIAN_POINT ( 'NONE',  ( 0.01056658513405242701, 0.001779999999999999898, -0.003672283811044388044 ) ) ;
#2550 = ORIENTED_EDGE ( 'NONE', *, *, #199, .T. ) ;
#2551 = LINE ( 'NONE', #2782, #1928 ) ;
#2552 = CARTESIAN_POINT ( 'NONE',  ( 0.009999999999999996739, 0.002289999999999999935, -0.01176000000000000482 ) ) ;
#2553 = EDGE_CURVE ( 'NONE', #662, #1026, #2659, .T. ) ;
#2554 = CARTESIAN_POINT ( 'NONE',  ( 0.01936564335077421012, 0.000000000000000000, -0.01205732277552334919 ) ) ;
#2555 = ORIENTED_EDGE ( 'NONE', *, *, #2521, .T. ) ;
#2556 = DIRECTION ( 'NONE',  ( 0.000000000000000000, -1.000000000000000000, -0.000000000000000000 ) ) ;
#2557 = DIRECTION ( 'NONE',  ( -1.000000000000000000, -0.000000000000000000, 0.000000000000000000 ) ) ;
#2558 = AXIS2_PLACEMENT_3D ( 'NONE', #2302, #372, #1233 ) ;
#2559 = VERTEX_POINT ( 'NONE', #936 ) ;
#2560 = CARTESIAN_POINT ( 'NONE',  ( 0.01930330261563795863, 0.004790000000000000854, -0.01054769464560089721 ) ) ;
#2561 = FACE_OUTER_BOUND ( 'NONE', #1799, .T. ) ;
#2562 = CARTESIAN_POINT ( 'NONE',  ( 0.01585141389551945543, 0.005156723397605655207, -0.01219652583762002515 ) ) ;
#2563 = EDGE_LOOP ( 'NONE', ( #2009, #373, #1159, #713 ) ) ;
#2564 = CARTESIAN_POINT ( 'NONE',  ( 0.01886578026940027158, 0.004290000000000000410, -0.005736837034635093244 ) ) ;
#2565 = AXIS2_PLACEMENT_3D ( 'NONE', #814, #785, #1000 ) ;
#2566 = EDGE_LOOP ( 'NONE', ( #1923, #862, #146, #1955, #579, #636, #1969, #2766, #2065, #263 ) ) ;
#2567 = DIRECTION ( 'NONE',  ( 0.000000000000000000, 0.000000000000000000, 1.000000000000000000 ) ) ;
#2568 = ORIENTED_EDGE ( 'NONE', *, *, #2152, .F. ) ;
#2569 = CARTESIAN_POINT ( 'NONE',  ( 0.01321013349541096463, 0.004702202334595117182, -0.009730169746807284734 ) ) ;
#2570 = ORIENTED_EDGE ( 'NONE', *, *, #400, .F. ) ;
#2571 = B_SPLINE_CURVE_WITH_KNOTS ( 'NONE', 3,
 ( #2488, #797, #2301, #998 ),
 .UNSPECIFIED., .F., .F.,
 ( 4, 4 ),
 ( 0.000000000000000000, 1.000000000000000000 ),
 .UNSPECIFIED. ) ;
#2572 = LINE ( 'NONE', #1716, #938 ) ;
#2573 = CARTESIAN_POINT ( 'NONE',  ( 0.01249999999999999722, 0.003818628677851876319, -0.01109808699784054289 ) ) ;
#2574 = ADVANCED_FACE ( 'NONE', ( #1816 ), #1796, .F. ) ;
#2575 = VERTEX_POINT ( 'NONE', #728 ) ;
#2576 = CARTESIAN_POINT ( 'NONE',  ( 0.01249999999999999722, 0.003980000000000000031, -0.01176000000000000482 ) ) ;
#2577 = ADVANCED_FACE ( 'NONE', ( #1342 ), #503, .T. ) ;
#2578 = CYLINDRICAL_SURFACE ( 'NONE', #2496, 0.0001499999999999999598 ) ;
#2579 =( BOUNDED_CURVE ( )  B_SPLINE_CURVE ( 3, ( #676, #262, #1336, #2633 ),
 .UNSPECIFIED., .F., .T. ) 
 B_SPLINE_CURVE_WITH_KNOTS ( ( 4, 4 ),
 ( 4.259872661789552595, 4.707190549010019431 ),
 .UNSPECIFIED. ) 
 CURVE ( )  GEOMETRIC_REPRESENTATION_ITEM ( )  RATIONAL_B_SPLINE_CURVE ( ( 1.000000000000000000, 0.9833949524275684695, 0.9833949524275684695, 1.000000000000000000 ) ) 
 REPRESENTATION_ITEM ( '' )  );
#2580 = DIRECTION ( 'NONE',  ( -0.0001382460888363357121, 0.000000000000000000, 0.9999999904440094456 ) ) ;
#2581 = AXIS2_PLACEMENT_3D ( 'NONE', #949, #117, #962 ) ;
#2582 = DIRECTION ( 'NONE',  ( -0.9999999904440094456, -0.000000000000000000, 0.0001382460888366148400 ) ) ;
#2583 = ORIENTED_EDGE ( 'NONE', *, *, #994, .F. ) ;
#2584 = AXIS2_PLACEMENT_3D ( 'NONE', #1907, #2696, #2474 ) ;
#2585 = DIRECTION ( 'NONE',  ( 0.9855145491570127536, 0.1695909001092043289, 9.052744464925339087E-16 ) ) ;
#2586 = PLANE ( 'NONE',  #173 ) ;
#2587 = VECTOR ( 'NONE', #1534, 1.000000000000000000 ) ;
#2588 = DIRECTION ( 'NONE',  ( 0.000000000000000000, 1.916305161557858250E-16, 1.000000000000000000 ) ) ;
#2589 = EDGE_CURVE ( 'NONE', #2315, #1260, #467, .T. ) ;
#2590 = ORIENTED_EDGE ( 'NONE', *, *, #2419, .F. ) ;
#2591 = CARTESIAN_POINT ( 'NONE',  ( 0.01344424140157894458, 0.004389037525006868855, 1.200980716851585748E-18 ) ) ;
#2592 = DIRECTION ( 'NONE',  ( 0.9999794348006325606, -0.000000000000000000, 0.006413265611796482857 ) ) ;
#2593 = EDGE_CURVE ( 'NONE', #650, #2094, #1354, .T. ) ;
#2594 = LINE ( 'NONE', #1585, #294 ) ;
#2595 = VERTEX_POINT ( 'NONE', #2211 ) ;
#2596 = DIRECTION ( 'NONE',  ( 0.000000000000000000, 0.000000000000000000, 1.000000000000000000 ) ) ;
#2597 = LINE ( 'NONE', #2564, #697 ) ;
#2598 = VERTEX_POINT ( 'NONE', #278 ) ;
#2599 = ORIENTED_EDGE ( 'NONE', *, *, #2621, .T. ) ;
#2600 = CARTESIAN_POINT ( 'NONE',  ( 0.01936575952770895614, 0.004440000000000000370, -0.01289768603363357878 ) ) ;
#2601 = CARTESIAN_POINT ( 'NONE',  ( 0.01421013349541096725, 0.004290000000000000410, -0.002329830253192692689 ) ) ;
#2602 = DIRECTION ( 'NONE',  ( 0.000000000000000000, 0.000000000000000000, 1.000000000000000000 ) ) ;
#2603 = ORIENTED_EDGE ( 'NONE', *, *, #1627, .T. ) ;
#2604 = DIRECTION ( 'NONE',  ( 0.0001210027759790110189, -1.916305147528903083E-16, -0.9999999926791641736 ) ) ;
#2605 = DIRECTION ( 'NONE',  ( 0.000000000000000000, 0.000000000000000000, 1.000000000000000000 ) ) ;
#2606 = CIRCLE ( 'NONE', #177, 0.0002999999999999999195 ) ;
#2607 = CARTESIAN_POINT ( 'NONE',  ( 0.009999999999999996739, 0.003980000000000000031, -0.01176000000000000482 ) ) ;
#2608 = EDGE_CURVE ( 'NONE', #2517, #1610, #369, .T. ) ;
#2609 = CIRCLE ( 'NONE', #531, 0.001500000000000000465 ) ;
#2610 = LINE ( 'NONE', #1363, #491 ) ;
#2611 = ORIENTED_EDGE ( 'NONE', *, *, #314, .T. ) ;
#2612 = ORIENTED_EDGE ( 'NONE', *, *, #661, .F. ) ;
#2613 = DIRECTION ( 'NONE',  ( 0.000000000000000000, 0.000000000000000000, -1.000000000000000000 ) ) ;
#2614 = CARTESIAN_POINT ( 'NONE',  ( 0.009999999999999996739, 0.003980000000000000031, -0.01146000000000000490 ) ) ;
#2615 = AXIS2_PLACEMENT_3D ( 'NONE', #200, #2511, #187 ) ;
#2616 = DIRECTION ( 'NONE',  ( 0.000000000000000000, -1.000000000000000000, 0.000000000000000000 ) ) ;
#2617 = ORIENTED_EDGE ( 'NONE', *, *, #1728, .F. ) ;
#2618 = LINE ( 'NONE', #2262, #1703 ) ;
#2619 = DIRECTION ( 'NONE',  ( 0.000000000000000000, 1.000000000000000000, 3.469446951953614189E-18 ) ) ;
#2620 = DIRECTION ( 'NONE',  ( -0.000000000000000000, -1.000000000000000000, -0.000000000000000000 ) ) ;
#2621 = EDGE_CURVE ( 'NONE', #990, #2144, #2299, .T. ) ;
#2622 = VERTEX_POINT ( 'NONE', #1230 ) ;
#2623 = CARTESIAN_POINT ( 'NONE',  ( 0.01250000000000000069, 0.002289999999999999935, -8.673617379884035472E-19 ) ) ;
#2624 = EDGE_CURVE ( 'NONE', #1552, #1870, #1442, .T. ) ;
#2625 = DIRECTION ( 'NONE',  ( 0.000000000000000000, -1.000000000000000000, -0.000000000000000000 ) ) ;
#2626 = ORIENTED_EDGE ( 'NONE', *, *, #532, .F. ) ;
#2627 = AXIS2_PLACEMENT_3D ( 'NONE', #646, #597, #1513 ) ;
#2628 = DIRECTION ( 'NONE',  ( 0.000000000000000000, 0.000000000000000000, -1.000000000000000000 ) ) ;
#2629 = EDGE_LOOP ( 'NONE', ( #260, #2647, #274, #2111 ) ) ;
#2630 = CARTESIAN_POINT ( 'NONE',  ( 0.01936575952770895614, 0.000000000000000000, 0.0008376860336336010337 ) ) ;
#2631 = CIRCLE ( 'NONE', #1431, 0.01188814610068916408 ) ;
#2632 = DIRECTION ( 'NONE',  ( 0.000000000000000000, -1.000000000000000000, 0.000000000000000000 ) ) ;
#2633 = CARTESIAN_POINT ( 'NONE',  ( 0.01250000000000000069, 0.004579999999999999870, -0.01171015428151223753 ) ) ;
#2634 = ORIENTED_EDGE ( 'NONE', *, *, #1415, .T. ) ;
#2635 = VERTEX_POINT ( 'NONE', #1245 ) ;
#2636 = CARTESIAN_POINT ( 'NONE',  ( 0.01936543464940019416, 0.004790000000000000854, -0.01054768605609015565 ) ) ;
#2637 = DIRECTION ( 'NONE',  ( -1.000000000000000000, 0.000000000000000000, 0.000000000000000000 ) ) ;
#2638 = EDGE_CURVE ( 'NONE', #1262, #617, #548, .T. ) ;
#2639 = DIRECTION ( 'NONE',  ( -2.876821684870326519E-16, 0.000000000000000000, -1.000000000000000000 ) ) ;
#2640 = ORIENTED_EDGE ( 'NONE', *, *, #1173, .F. ) ;
#2641 = DIRECTION ( 'NONE',  ( 0.000000000000000000, 0.000000000000000000, -1.000000000000000000 ) ) ;
#2642 = AXIS2_PLACEMENT_3D ( 'NONE', #2006, #951, #1579 ) ;
#2643 = DIRECTION ( 'NONE',  ( 0.000000000000000000, 0.000000000000000000, 1.000000000000000000 ) ) ;
#2644 = PLANE ( 'NONE',  #681 ) ;
#2645 = DIRECTION ( 'NONE',  ( -1.000000000000000000, 0.000000000000000000, 0.000000000000000000 ) ) ;
#2646 = CARTESIAN_POINT ( 'NONE',  ( 0.01886529081886899328, 0.004290000000000002145, -0.008902674311657213235 ) ) ;
#2647 = ORIENTED_EDGE ( 'NONE', *, *, #1793, .T. ) ;
#2648 = LINE ( 'NONE', #308, #1408 ) ;
#2649 = ORIENTED_EDGE ( 'NONE', *, *, #1895, .F. ) ;
#2650 = ADVANCED_FACE ( 'NONE', ( #811 ), #328, .F. ) ;
#2651 = DIRECTION ( 'NONE',  ( -0.000000000000000000, -0.000000000000000000, -1.000000000000000000 ) ) ;
#2652 = ORIENTED_EDGE ( 'NONE', *, *, #822, .F. ) ;
#2653 = VECTOR ( 'NONE', #1924, 1.000000000000000000 ) ;
#2654 = EDGE_CURVE ( 'NONE', #1462, #1220, #2542, .T. ) ;
#2655 = CARTESIAN_POINT ( 'NONE',  ( 0.01886590955714264467, 0.005277560993467293390, -0.01401609641382818919 ) ) ;
#2656 = AXIS2_PLACEMENT_3D ( 'NONE', #1351, #2620, #1321 ) ;
#2657 = DIRECTION ( 'NONE',  ( 0.000000000000000000, 0.000000000000000000, -1.000000000000000000 ) ) ;
#2658 = PRESENTATION_STYLE_ASSIGNMENT (( #964 ) ) ;
#2659 = LINE ( 'NONE', #2677, #841 ) ;
#2660 = ORIENTED_EDGE ( 'NONE', *, *, #253, .F. ) ;
#2661 = DIRECTION ( 'NONE',  ( -1.000000000000000000, 0.000000000000000000, -0.000000000000000000 ) ) ;
#2662 = AXIS2_PLACEMENT_3D ( 'NONE', #256, #1105, #2406 ) ;
#2663 = EDGE_LOOP ( 'NONE', ( #504, #709, #542, #666 ) ) ;
#2664 = DIRECTION ( 'NONE',  ( -0.000000000000000000, -1.000000000000000000, 3.469446951953613418E-18 ) ) ;
#2665 = ORIENTED_EDGE ( 'NONE', *, *, #753, .T. ) ;
#2666 = VECTOR ( 'NONE', #2605, 1.000000000000000000 ) ;
#2667 = CARTESIAN_POINT ( 'NONE',  ( 0.01886578026940027158, 0.004790000000000002589, 0.0009877551552446204274 ) ) ;
#2668 = ADVANCED_FACE ( 'NONE', ( #2112 ), #1227, .T. ) ;
#2669 = VECTOR ( 'NONE', #2692, 1.000000000000000000 ) ;
#2670 = FACE_OUTER_BOUND ( 'NONE', #1300, .T. ) ;
#2671 = AXIS2_PLACEMENT_3D ( 'NONE', #124, #1635, #91 ) ;
#2672 = EDGE_CURVE ( 'NONE', #1120, #1850, #1540, .T. ) ;
#2673 = VECTOR ( 'NONE', #297, 1.000000000000000000 ) ;
#2674 = ORIENTED_EDGE ( 'NONE', *, *, #1691, .F. ) ;
#2675 = CARTESIAN_POINT ( 'NONE',  ( 0.01231658513405242683, 0.004279999999999999950, -0.003672283811044389779 ) ) ;
#2676 =( NAMED_UNIT ( * ) SI_UNIT ( $, .STERADIAN. ) SOLID_ANGLE_UNIT ( ) );
#2677 = CARTESIAN_POINT ( 'NONE',  ( 0.01231658513405242683, 0.004279999999999999950, -0.002632283811044388785 ) ) ;
#2678 = VERTEX_POINT ( 'NONE', #1025 ) ;
#2679 = B_SPLINE_CURVE_WITH_KNOTS ( 'NONE', 3,
 ( #2251, #322, #2683, #1855, #2064, #1435, #1178 ),
 .UNSPECIFIED., .F., .F.,
 ( 4, 3, 4 ),
 ( 0.000000000000000000, 2.000880945158513147E-05, 2.664052668026369104E-05 ),
 .UNSPECIFIED. ) ;
#2680 = CARTESIAN_POINT ( 'NONE',  ( 0.01921543465083358840, 0.004290000000000000410, -0.001512293206996495522 ) ) ;
#2681 = LINE ( 'NONE', #708, #629 ) ;
#2682 = ORIENTED_EDGE ( 'NONE', *, *, #1824, .F. ) ;
#2683 = CARTESIAN_POINT ( 'NONE',  ( 0.01743765663172866173, 0.005429689772029569310, -0.01284671423948975828 ) ) ;
#2684 = ORIENTED_EDGE ( 'NONE', *, *, #304, .T. ) ;
#2685 = ORIENTED_EDGE ( 'NONE', *, *, #180, .T. ) ;
#2686 = CARTESIAN_POINT ( 'NONE',  ( 0.01886529081886899328, 0.004290000000000002145, -0.008902674311657213235 ) ) ;
#2687 = AXIS2_PLACEMENT_3D ( 'NONE', #1965, #1104, #1759 ) ;
#2688 = DIRECTION ( 'NONE',  ( 0.9999999904440093346, 0.000000000000000000, 0.0001382460888358722970 ) ) ;
#2689 = EDGE_CURVE ( 'NONE', #2735, #2003, #160, .T. ) ;
#2690 = EDGE_CURVE ( 'NONE', #2073, #2199, #2271, .T. ) ;
#2691 = VECTOR ( 'NONE', #1698, 1.000000000000000222 ) ;
#2692 = DIRECTION ( 'NONE',  ( 0.000000000000000000, -1.000000000000000000, 0.000000000000000000 ) ) ;
#2693 = CARTESIAN_POINT ( 'NONE',  ( 0.01470707282103241378, 0.004959801055849427306, 9.636324603137670761E-05 ) ) ;
#2694 = ADVANCED_FACE ( 'NONE', ( #345 ), #1038, .T. ) ;
#2695 = ORIENTED_EDGE ( 'NONE', *, *, #2082, .T. ) ;
#2696 = DIRECTION ( 'NONE',  ( -1.000000000000000000, 0.000000000000000000, 0.000000000000000000 ) ) ;
#2697 = CARTESIAN_POINT ( 'NONE',  ( 0.01250000000000000069, 0.004579999999999999870, -0.02206000000000000322 ) ) ;
#2698 = VERTEX_POINT ( 'NONE', #780 ) ;
#2699 = CARTESIAN_POINT ( 'NONE',  ( 0.01886548987822120327, 0.004790000000000001722, -0.01054775517150006656 ) ) ;
#2700 = ORIENTED_EDGE ( 'NONE', *, *, #1179, .T. ) ;
#2701 = AXIS2_PLACEMENT_3D ( 'NONE', #892, #1987, #909 ) ;
#2702 = ORIENTED_EDGE ( 'NONE', *, *, #769, .F. ) ;
#2703 = AXIS2_PLACEMENT_3D ( 'NONE', #947, #1828, #1374 ) ;
#2704 = ORIENTED_EDGE ( 'NONE', *, *, #1710, .F. ) ;
#2705 = DIRECTION ( 'NONE',  ( 3.423748989970010618E-16, 0.000000000000000000, 1.000000000000000000 ) ) ;
#2706 = EDGE_CURVE ( 'NONE', #877, #1740, #2361, .T. ) ;
#2707 = VECTOR ( 'NONE', #88, 1.000000000000000000 ) ;
#2708 = LINE ( 'NONE', #2438, #598 ) ;
#2709 = CARTESIAN_POINT ( 'NONE',  ( 0.01886578026940027852, 0.004790000000000000854, 0.0009877551552446206442 ) ) ;
#2710 = ORIENTED_EDGE ( 'NONE', *, *, #2134, .T. ) ;
#2711 = FACE_OUTER_BOUND ( 'NONE', #355, .T. ) ;
#2712 = ADVANCED_FACE ( 'NONE', ( #2513 ), #1457, .F. ) ;
#2713 = DIRECTION ( 'NONE',  ( -0.000000000000000000, 0.000000000000000000, -1.000000000000000000 ) ) ;
#2714 = ORIENTED_EDGE ( 'NONE', *, *, #674, .F. ) ;
#2715 = DIRECTION ( 'NONE',  ( -0.000000000000000000, -1.000000000000000000, -3.469446951953613418E-18 ) ) ;
#2716 = ORIENTED_EDGE ( 'NONE', *, *, #1824, .T. ) ;
#2717 = VECTOR ( 'NONE', #2052, 1.000000000000000000 ) ;
#2718 = AXIS2_PLACEMENT_3D ( 'NONE', #53, #1318, #1754 ) ;
#2719 = CARTESIAN_POINT ( 'NONE',  ( 0.01344381384978368676, 0.004392406338598562991, -3.659984194700243833E-08 ) ) ;
#2720 = VECTOR ( 'NONE', #2602, 1.000000000000000000 ) ;
#2721 = VERTEX_POINT ( 'NONE', #870 ) ;
#2722 = CARTESIAN_POINT ( 'NONE',  ( 0.01421013349541096725, 0.004874285943359969037, -0.01073016974680728562 ) ) ;
#2723 = EDGE_LOOP ( 'NONE', ( #1071, #1449, #30, #827, #77, #2194, #247, #1595 ) ) ;
#2724 = EDGE_CURVE ( 'NONE', #987, #194, #2, .T. ) ;
#2725 = ORIENTED_EDGE ( 'NONE', *, *, #2589, .T. ) ;
#2726 = DIRECTION ( 'NONE',  ( -0.9855145491570127536, -0.1695909001092043289, 0.000000000000000000 ) ) ;
#2727 = PLANE ( 'NONE',  #620 ) ;
#2728 = ORIENTED_EDGE ( 'NONE', *, *, #1915, .T. ) ;
#2729 = CARTESIAN_POINT ( 'NONE',  ( 0.01743763612909788457, 0.005429686243862876481, 0.0007462583152152602213 ) ) ;
#2730 = EDGE_CURVE ( 'NONE', #1610, #1172, #1195, .T. ) ;
#2731 = ORIENTED_EDGE ( 'NONE', *, *, #1935, .T. ) ;
#2732 = DIRECTION ( 'NONE',  ( -1.000000000000000000, 0.000000000000000000, 0.000000000000000000 ) ) ;
#2733 = CARTESIAN_POINT ( 'NONE',  ( 0.01421013349541096725, 0.004874285943359969037, -0.001329830253192690933 ) ) ;
#2734 = LINE ( 'NONE', #1259, #2393 ) ;
#2735 = VERTEX_POINT ( 'NONE', #1961 ) ;
#2736 = CARTESIAN_POINT ( 'NONE',  ( 0.01618026529138703873, 0.005213313332553906956, 0.0001463847801662337533 ) ) ;
#2737 = ORIENTED_EDGE ( 'NONE', *, *, #2136, .T. ) ;
#2738 = ORIENTED_EDGE ( 'NONE', *, *, #1253, .T. ) ;
#2739 = FACE_OUTER_BOUND ( 'NONE', #1684, .T. ) ;
#2740 = CARTESIAN_POINT ( 'NONE',  ( 0.01930364823086004947, 0.004790000000000000854, -0.01304769462171092090 ) ) ;
#2741 = ORIENTED_EDGE ( 'NONE', *, *, #2654, .F. ) ;
#2742 = DIRECTION ( 'NONE',  ( -0.000000000000000000, -1.000000000000000000, -3.469446951953614189E-18 ) ) ;
#2743 = LINE ( 'NONE', #1283, #954 ) ;
#2744 = ORIENTED_EDGE ( 'NONE', *, *, #2263, .F. ) ;
#2745 = EDGE_CURVE ( 'NONE', #2779, #1933, #2551, .T. ) ;
#2746 = CARTESIAN_POINT ( 'NONE',  ( 0.01249999999999999896, 0.004290000000000000410, 0.01102791746832727793 ) ) ;
#2747 = EDGE_CURVE ( 'NONE', #1875, #545, #2597, .T. ) ;
#2748 = CARTESIAN_POINT ( 'NONE',  ( 0.01056658513405242701, 0.003818628677851876319, -0.002632283811044388785 ) ) ;
#2749 = TOROIDAL_SURFACE ( 'NONE', #2703, 3.468049019515404008E-06, 0.001000000000000000021 ) ;
#2750 = ORIENTED_EDGE ( 'NONE', *, *, #1032, .T. ) ;
#2751 = DIRECTION ( 'NONE',  ( 0.000000000000000000, 0.000000000000000000, 1.000000000000000000 ) ) ;
#2752 = EDGE_LOOP ( 'NONE', ( #1898, #2330 ) ) ;
#2753 = VECTOR ( 'NONE', #993, 1.000000000000000000 ) ;
#2754 = CARTESIAN_POINT ( 'NONE',  ( 0.01936577167511153996, 0.004727867965644036267, 0.0009255539984379713720 ) ) ;
#2755 = PLANE ( 'NONE',  #2565 ) ;
#2756 = ORIENTED_EDGE ( 'NONE', *, *, #1466, .F. ) ;
#2757 = DIRECTION ( 'NONE',  ( 0.0001210027759790110189, 0.000000000000000000, -0.9999999926791641736 ) ) ;
#2758 = CARTESIAN_POINT ( 'NONE',  ( 0.01250000000000000069, 0.004579999999999999870, -0.0003499999999999996170 ) ) ;
#2759 = VECTOR ( 'NONE', #2442, 1.000000000000000000 ) ;
#2760 = PLANE ( 'NONE',  #60 ) ;
#2761 = EDGE_CURVE ( 'NONE', #2635, #1883, #34, .T. ) ;
#2762 = DIRECTION ( 'NONE',  ( 0.000000000000000000, -3.469446951953613418E-18, 1.000000000000000000 ) ) ;
#2763 = CARTESIAN_POINT ( 'NONE',  ( 0.01409780573637357814, 0.004854956177220235564, -0.01214272652949450505 ) ) ;
#2764 = VECTOR ( 'NONE', #2095, 1.000000000000000000 ) ;
#2765 = EDGE_CURVE ( 'NONE', #2144, #1468, #683, .T. ) ;
#2766 = ORIENTED_EDGE ( 'NONE', *, *, #1453, .T. ) ;
#2767 = VERTEX_POINT ( 'NONE', #1323 ) ;
#2768 = CARTESIAN_POINT ( 'NONE',  ( 0.01921578026605567924, 0.004790000000000000854, 0.0009877067691135279440 ) ) ;
#2769 = CIRCLE ( 'NONE', #2499, 0.01106826795450370493 ) ;
#2770 = CARTESIAN_POINT ( 'NONE',  ( 0.01549999999999999989, 0.003737446932428733354, -0.001196778500451628827 ) ) ;
#2771 = EDGE_LOOP ( 'NONE', ( #1727, #1372, #2298, #495 ) ) ;
#2772 = CARTESIAN_POINT ( 'NONE',  ( 0.009999999999999996739, 0.003818628677851876319, -0.01109808699784054289 ) ) ;
#2773 = DIRECTION ( 'NONE',  ( -0.000000000000000000, 0.000000000000000000, 1.000000000000000000 ) ) ;
#2774 = DIRECTION ( 'NONE',  ( 0.000000000000000000, 1.000000000000000000, 0.000000000000000000 ) ) ;
#2775 = PRODUCT_DEFINITION_SHAPE ( 'NONE', 'NONE',  #2113 ) ;
#2776 = LINE ( 'NONE', #1022, #498 ) ;
#2777 =( BOUNDED_CURVE ( )  B_SPLINE_CURVE ( 3, ( #1472, #1458, #176, #1027 ),
 .UNSPECIFIED., .F., .T. ) 
 B_SPLINE_CURVE_WITH_KNOTS ( ( 4, 4 ),
 ( 4.712388980384689674, 6.283185307179585344 ),
 .UNSPECIFIED. ) 
 CURVE ( )  GEOMETRIC_REPRESENTATION_ITEM ( )  RATIONAL_B_SPLINE_CURVE ( ( 1.000000000000000000, 0.8047378541243649375, 0.8047378541243649375, 1.000000000000000000 ) ) 
 REPRESENTATION_ITEM ( '' )  );
#2778 = DIRECTION ( 'NONE',  ( -0.000000000000000000, 1.000000000000000000, -0.000000000000000000 ) ) ;
#2779 = VERTEX_POINT ( 'NONE', #1947 ) ;
#2780 = EDGE_CURVE ( 'NONE', #48, #987, #633, .T. ) ;
#2781 = EDGE_CURVE ( 'NONE', #987, #684, #1267, .T. ) ;
#2782 = CARTESIAN_POINT ( 'NONE',  ( 0.01467131703687171197, 0.02269383831432654486, -0.008929571932645010562 ) ) ;
#2783 = CARTESIAN_POINT ( 'NONE',  ( 0.01411363876634534088, 0.002289999999999999935, -0.01130979420343150403 ) ) ;
#2784 = ORIENTED_EDGE ( 'NONE', *, *, #740, .T. ) ;
#2785 = EDGE_CURVE ( 'NONE', #2080, #552, #2609, .T. ) ;
#2786 = FACE_OUTER_BOUND ( 'NONE', #970, .T. ) ;
#2787 = EDGE_LOOP ( 'NONE', ( #737, #471, #632, #1001 ) ) ;
#2788 = CARTESIAN_POINT ( 'NONE',  ( 0.01731619488220843481, 0.005079851651431004436, 0.001062435926059343170 ) ) ;
#2789 = CARTESIAN_POINT ( 'NONE',  ( 0.01784079112209657411, 0.003289999999999999956, -0.001164956223306671743 ) ) ;
#2790 = EDGE_LOOP ( 'NONE', ( #2640, #1836, #212, #1398 ) ) ;
#2791 = CARTESIAN_POINT ( 'NONE',  ( 0.01921543465083358840, 0.004790000000000000854, -0.01054770679300348103 ) ) ;
#2792 = DIRECTION ( 'NONE',  ( 0.000000000000000000, -3.469446951953613033E-18, 1.000000000000000000 ) ) ;
ENDSEC;
END-ISO-10303-21;
