ISO-10303-21;
HEADER;
FILE_DESCRIPTION (( 'STEP AP214' ),
    '1' );
FILE_NAME ('Shell-Bottom.STEP',
    '2025-12-25T10:02:51',
    ( '' ),
    ( '' ),
    'SwSTEP 2.0',
    'SolidWorks 2023',
    '' );
FILE_SCHEMA (( 'AUTOMOTIVE_DESIGN' ));
ENDSEC;

DATA;
#1 = FACE_OUTER_BOUND ( 'NONE', #2475, .T. ) ;
#2 = DIRECTION ( 'NONE',  ( -1.000000000000000000, 0.000000000000000000, 0.000000000000000000 ) ) ;
#3 = ORIENTED_EDGE ( 'NONE', *, *, #1237, .T. ) ;
#4 = ORIENTED_EDGE ( 'NONE', *, *, #699, .F. ) ;
#5 = CARTESIAN_POINT ( 'NONE',  ( 0.004523784715013114133, 0.0002999999999999999195, -0.003642581792655086304 ) ) ;
#6 = DIRECTION ( 'NONE',  ( 0.000000000000000000, 1.000000000000000000, 0.000000000000000000 ) ) ;
#7 = CARTESIAN_POINT ( 'NONE',  ( 0.008102269004763809623, 0.0002999999999999999195, -0.0007332206897967489395 ) ) ;
#8 = EDGE_CURVE ( 'NONE', #3586, #2716, #3537, .T. ) ;
#9 = EDGE_LOOP ( 'NONE', ( #605, #2904, #2522, #61 ) ) ;
#10 = ORIENTED_EDGE ( 'NONE', *, *, #250, .T. ) ;
#11 = LINE ( 'NONE', #2456, #1859 ) ;
#12 = DIRECTION ( 'NONE',  ( -1.000000000000000000, 0.000000000000000000, 0.000000000000000000 ) ) ;
#13 = CARTESIAN_POINT ( 'NONE',  ( 0.004523784715013114133, 0.004299999999999998268, -0.003642581792655086304 ) ) ;
#14 = VERTEX_POINT ( 'NONE', #1367 ) ;
#15 = DIRECTION ( 'NONE',  ( 1.000000000000000000, 0.000000000000000000, 0.000000000000000000 ) ) ;
#16 = ORIENTED_EDGE ( 'NONE', *, *, #1845, .F. ) ;
#17 = VECTOR ( 'NONE', #68, 1.000000000000000000 ) ;
#18 = EDGE_CURVE ( 'NONE', #2799, #2604, #3499, .T. ) ;
#19 = ORIENTED_EDGE ( 'NONE', *, *, #3872, .T. ) ;
#20 = LINE ( 'NONE', #3294, #1037 ) ;
#21 = ADVANCED_FACE ( 'NONE', ( #3781 ), #2623, .F. ) ;
#22 = ORIENTED_EDGE ( 'NONE', *, *, #2991, .F. ) ;
#23 = ORIENTED_EDGE ( 'NONE', *, *, #3808, .T. ) ;
#24 = DIRECTION ( 'NONE',  ( -1.003210504794081037E-17, 0.000000000000000000, 1.000000000000000000 ) ) ;
#25 = CARTESIAN_POINT ( 'NONE',  ( 0.01154974872040884920, 0.0002999999999999999195, -0.0008255689565281887354 ) ) ;
#26 = CARTESIAN_POINT ( 'NONE',  ( 0.02086591655098299358, 0.003429851651431000542, -0.01409084671280311230 ) ) ;
#27 = AXIS2_PLACEMENT_3D ( 'NONE', #3667, #973, #3372 ) ;
#28 = ORIENTED_EDGE ( 'NONE', *, *, #132, .F. ) ;
#29 = ORIENTED_EDGE ( 'NONE', *, *, #2690, .F. ) ;
#30 = CARTESIAN_POINT ( 'NONE',  ( 0.007476534587561001546, 0.0002999999999999999195, -0.007853343260645573309 ) ) ;
#31 = CARTESIAN_POINT ( 'NONE',  ( 0.01411606319764498185, 0.0002999999999999999195, -0.003129242418765665334 ) ) ;
#32 = VECTOR ( 'NONE', #859, 1.000000000000000000 ) ;
#33 = DIRECTION ( 'NONE',  ( 1.000000000000000000, 0.000000000000000000, 0.000000000000000000 ) ) ;
#34 = VERTEX_POINT ( 'NONE', #3840 ) ;
#35 = CIRCLE ( 'NONE', #2248, 0.0003499999999999996170 ) ;
#36 = CARTESIAN_POINT ( 'NONE',  ( 0.005831435004923647691, 0.0002999999999999999195, -0.006480299519805665653 ) ) ;
#37 = ORIENTED_EDGE ( 'NONE', *, *, #2282, .F. ) ;
#38 = ORIENTED_EDGE ( 'NONE', *, *, #3536, .T. ) ;
#39 = DIRECTION ( 'NONE',  ( 0.000000000000000000, 0.000000000000000000, -1.000000000000000000 ) ) ;
#40 = ORIENTED_EDGE ( 'NONE', *, *, #2001, .T. ) ;
#41 = CARTESIAN_POINT ( 'NONE',  ( 0.0006189165509829907402, 0.002289999999999999935, -0.006365815510203215108 ) ) ;
#42 = DIRECTION ( 'NONE',  ( 0.000000000000000000, -0.000000000000000000, -1.000000000000000000 ) ) ;
#43 = ADVANCED_FACE ( 'NONE', ( #1997 ), #2018, .T. ) ;
#44 = CARTESIAN_POINT ( 'NONE',  ( 0.01066677628386799095, 0.0006500000000000012712, -0.01136357386385252084 ) ) ;
#45 = VECTOR ( 'NONE', #865, 1.000000000000000000 ) ;
#46 = VERTEX_POINT ( 'NONE', #1138 ) ;
#47 = DIRECTION ( 'NONE',  ( -1.000000000000000000, 0.000000000000000000, 0.000000000000000000 ) ) ;
#48 = ADVANCED_FACE ( 'NONE', ( #3465 ), #234, .F. ) ;
#49 = CARTESIAN_POINT ( 'NONE',  ( 0.01154974872040884920, 0.001690559999999999806, -0.006365815510203215108 ) ) ;
#50 = VECTOR ( 'NONE', #2104, 1.000000000000000000 ) ;
#51 = EDGE_CURVE ( 'NONE', #2425, #917, #3518, .T. ) ;
#52 = AXIS2_PLACEMENT_3D ( 'NONE', #3178, #1709, #3769 ) ;
#53 = ORIENTED_EDGE ( 'NONE', *, *, #57, .T. ) ;
#54 = VECTOR ( 'NONE', #1404, 1.000000000000000000 ) ;
#55 = DIRECTION ( 'NONE',  ( 0.000000000000000000, 0.9999666393302120149, -0.008168245016021008498 ) ) ;
#56 = VERTEX_POINT ( 'NONE', #1957 ) ;
#57 = EDGE_CURVE ( 'NONE', #3082, #3526, #806, .T. ) ;
#58 = EDGE_CURVE ( 'NONE', #2999, #3066, #2035, .T. ) ;
#59 = ORIENTED_EDGE ( 'NONE', *, *, #2242, .T. ) ;
#60 = DIRECTION ( 'NONE',  ( -1.000000000000000000, 0.000000000000000000, 0.000000000000000000 ) ) ;
#61 = ORIENTED_EDGE ( 'NONE', *, *, #342, .F. ) ;
#62 = CARTESIAN_POINT ( 'NONE',  ( 0.01066677628386799095, 0.0006500000000000012712, -0.0006639159790157553483 ) ) ;
#63 = DIRECTION ( 'NONE',  ( 0.000000000000000000, 0.000000000000000000, 1.000000000000000000 ) ) ;
#64 = CARTESIAN_POINT ( 'NONE',  ( 0.01250000000000000243, 0.0002999999999999999195, -0.01136357386385252084 ) ) ;
#65 = EDGE_CURVE ( 'NONE', #830, #611, #3192, .T. ) ;
#66 = ORIENTED_EDGE ( 'NONE', *, *, #408, .T. ) ;
#67 = CARTESIAN_POINT ( 'NONE',  ( 0.02086591655098299358, 0.000000000000000000, -0.01372389542082615502 ) ) ;
#68 = DIRECTION ( 'NONE',  ( 0.000000000000000000, 3.469446951953613418E-18, -1.000000000000000000 ) ) ;
#69 = EDGE_CURVE ( 'NONE', #2090, #206, #527, .T. ) ;
#70 = VERTEX_POINT ( 'NONE', #3155 ) ;
#71 = DIRECTION ( 'NONE',  ( 0.000000000000000000, -0.000000000000000000, 1.000000000000000000 ) ) ;
#72 = ORIENTED_EDGE ( 'NONE', *, *, #3249, .F. ) ;
#73 = CYLINDRICAL_SURFACE ( 'NONE', #535, 0.0003500000000000000507 ) ;
#74 = AXIS2_PLACEMENT_3D ( 'NONE', #3354, #279, #2750 ) ;
#75 = PRODUCT_DEFINITION_SHAPE ( 'NONE', 'NONE',  #829 ) ;
#76 = VERTEX_POINT ( 'NONE', #3171 ) ;
#77 = LINE ( 'NONE', #1282, #331 ) ;
#78 = EDGE_LOOP ( 'NONE', ( #3034, #1612, #1552, #2577 ) ) ;
#79 = DIRECTION ( 'NONE',  ( -0.000000000000000000, 0.000000000000000000, 1.000000000000000000 ) ) ;
#80 = CARTESIAN_POINT ( 'NONE',  ( 0.0006189165509829907402, 0.001690560000000000673, -0.01171357386385252046 ) ) ;
#81 = CARTESIAN_POINT ( 'NONE',  ( 0.002856818845405680041, 0.004299999999999998268, -0.003642581792655086304 ) ) ;
#82 = VERTEX_POINT ( 'NONE', #3210 ) ;
#83 = FACE_OUTER_BOUND ( 'NONE', #1133, .T. ) ;
#84 = LINE ( 'NONE', #3689, #2041 ) ;
#85 = VECTOR ( 'NONE', #210, 1.000000000000000000 ) ;
#86 = CARTESIAN_POINT ( 'NONE',  ( 0.007380024444763835789, 0.004299999999999998268, -0.003766393599310413620 ) ) ;
#87 = EDGE_LOOP ( 'NONE', ( #1150, #619, #3459, #3257 ) ) ;
#88 = FACE_OUTER_BOUND ( 'NONE', #419, .T. ) ;
#89 = ORIENTED_EDGE ( 'NONE', *, *, #3205, .F. ) ;
#90 = VECTOR ( 'NONE', #1372, 1.000000000000000000 ) ;
#91 = VECTOR ( 'NONE', #775, 1.000000000000000000 ) ;
#92 = DIRECTION ( 'NONE',  ( 0.000000000000000000, 0.000000000000000000, 1.000000000000000000 ) ) ;
#93 = EDGE_CURVE ( 'NONE', #2388, #428, #475, .T. ) ;
#94 = VECTOR ( 'NONE', #763, 1.000000000000000000 ) ;
#95 = ORIENTED_EDGE ( 'NONE', *, *, #1131, .F. ) ;
#96 = ORIENTED_EDGE ( 'NONE', *, *, #2368, .F. ) ;
#97 = ADVANCED_FACE ( 'NONE', ( #1687 ), #1704, .T. ) ;
#98 = DIRECTION ( 'NONE',  ( 0.000000000000000000, -0.005398677016693511320, -0.9999854270370491793 ) ) ;
#99 = EDGE_CURVE ( 'NONE', #339, #795, #1079, .T. ) ;
#100 = EDGE_LOOP ( 'NONE', ( #1005, #2541, #521, #1985, #2891, #1559, #3570 ) ) ;
#101 = VERTEX_POINT ( 'NONE', #1483 ) ;
#102 = CARTESIAN_POINT ( 'NONE',  ( 0.008617972442110481690, 0.004299999999999998268, -0.0008255689565281887354 ) ) ;
#103 = CARTESIAN_POINT ( 'NONE',  ( 0.003946247949256829340, 0.0002999999999999999195, -0.001338141805341974688 ) ) ;
#104 = DIRECTION ( 'NONE',  ( 1.000000000000000000, 0.000000000000000000, 0.000000000000000000 ) ) ;
#105 = ORIENTED_EDGE ( 'NONE', *, *, #814, .T. ) ;
#106 = CARTESIAN_POINT ( 'NONE',  ( 0.01066677628386799095, 0.0006500000000000012712, -0.01171357386385252046 ) ) ;
#107 = DIRECTION ( 'NONE',  ( -0.000000000000000000, -1.000000000000000000, -0.000000000000000000 ) ) ;
#108 = VECTOR ( 'NONE', #2737, 1.000000000000000000 ) ;
#109 = AXIS2_PLACEMENT_3D ( 'NONE', #3439, #2915, #3797 ) ;
#110 = DIRECTION ( 'NONE',  ( 0.000000000000000000, 0.000000000000000000, 1.000000000000000000 ) ) ;
#111 = ORIENTED_EDGE ( 'NONE', *, *, #538, .F. ) ;
#112 = VECTOR ( 'NONE', #2138, 1.000000000000000000 ) ;
#113 = CARTESIAN_POINT ( 'NONE',  ( 0.01886591655098299181, 0.002289999999999993430, -0.01144767524308821366 ) ) ;
#114 = EDGE_LOOP ( 'NONE', ( #2328, #2427, #289, #2064, #966, #1380, #564 ) ) ;
#115 = VECTOR ( 'NONE', #3707, 1.000000000000000000 ) ;
#116 = CARTESIAN_POINT ( 'NONE',  ( 0.008617972442110481690, 0.0002999999999999999195, -0.002175653194538273993 ) ) ;
#117 = EDGE_CURVE ( 'NONE', #1528, #3697, #910, .T. ) ;
#118 = EDGE_CURVE ( 'NONE', #2990, #14, #1823, .T. ) ;
#119 = ORIENTED_EDGE ( 'NONE', *, *, #2480, .T. ) ;
#120 = ORIENTED_EDGE ( 'NONE', *, *, #1107, .T. ) ;
#121 = VECTOR ( 'NONE', #3757, 1.000000000000000000 ) ;
#122 = DIRECTION ( 'NONE',  ( 1.000000000000000000, 0.000000000000000000, 0.000000000000000000 ) ) ;
#123 = EDGE_CURVE ( 'NONE', #1370, #410, #2727, .T. ) ;
#124 = VERTEX_POINT ( 'NONE', #2408 ) ;
#125 = ORIENTED_EDGE ( 'NONE', *, *, #334, .T. ) ;
#126 = CARTESIAN_POINT ( 'NONE',  ( 0.01984691655098299104, 0.003429851651431000542, -0.0006526752430882133173 ) ) ;
#127 = DIRECTION ( 'NONE',  ( -1.000000000000000000, 0.000000000000000000, 0.000000000000000000 ) ) ;
#128 = FACE_OUTER_BOUND ( 'NONE', #723, .T. ) ;
#129 = LINE ( 'NONE', #2909, #2503 ) ;
#130 = ORIENTED_EDGE ( 'NONE', *, *, #2850, .F. ) ;
#131 = CARTESIAN_POINT ( 'NONE',  ( 0.02086591655098299358, 0.003429851651431000542, -0.01409084671280311230 ) ) ;
#132 = EDGE_CURVE ( 'NONE', #1800, #2716, #3597, .T. ) ;
#133 = DIRECTION ( 'NONE',  ( 0.9999999807842548938, 8.006560518343741914E-07, 0.0001960378766174143803 ) ) ;
#134 = ORIENTED_EDGE ( 'NONE', *, *, #1176, .T. ) ;
#135 = DIRECTION ( 'NONE',  ( 0.0001960378766174144074, -0.008168244859064711580, -0.9999666201154283618 ) ) ;
#136 = CARTESIAN_POINT ( 'NONE',  ( 0.01208551635339049496, 0.0002999999999999999195, -0.01002620511618236392 ) ) ;
#137 = DIRECTION ( 'NONE',  ( -1.000000000000000000, 0.000000000000000000, 0.000000000000000000 ) ) ;
#138 = VERTEX_POINT ( 'NONE', #2118 ) ;
#139 = DIRECTION ( 'NONE',  ( 0.000000000000000000, -1.000000000000000000, -3.469446951953613418E-18 ) ) ;
#140 = EDGE_CURVE ( 'NONE', #3714, #1370, #3019, .T. ) ;
#141 = ORIENTED_EDGE ( 'NONE', *, *, #2242, .F. ) ;
#142 = ORIENTED_EDGE ( 'NONE', *, *, #3665, .T. ) ;
#143 = LINE ( 'NONE', #2773, #2238 ) ;
#144 = DIRECTION ( 'NONE',  ( 0.000000000000000000, 0.000000000000000000, 1.000000000000000000 ) ) ;
#145 = DIRECTION ( 'NONE',  ( 1.000000000000000000, 0.000000000000000000, -0.000000000000000000 ) ) ;
#146 = EDGE_CURVE ( 'NONE', #1221, #410, #613, .T. ) ;
#147 = AXIS2_PLACEMENT_3D ( 'NONE', #3533, #2954, #1153 ) ;
#148 = CARTESIAN_POINT ( 'NONE',  ( 0.02086591655098299358, 0.005429851651431000584, -0.002552674351235214092 ) ) ;
#149 = VERTEX_POINT ( 'NONE', #3859 ) ;
#150 = DIRECTION ( 'NONE',  ( 1.000000000000000000, 0.000000000000000000, 0.000000000000000000 ) ) ;
#151 = VECTOR ( 'NONE', #738, 1.000000000000000000 ) ;
#152 = PLANE ( 'NONE',  #653 ) ;
#153 = ADVANCED_FACE ( 'NONE', ( #1219 ), #3038, .F. ) ;
#154 = ORIENTED_EDGE ( 'NONE', *, *, #1060, .F. ) ;
#155 = CARTESIAN_POINT ( 'NONE',  ( 0.001062852872235363344, 0.0002999999999999999195, -0.006559416273656193397 ) ) ;
#156 = FACE_OUTER_BOUND ( 'NONE', #2650, .T. ) ;
#157 = VECTOR ( 'NONE', #646, 1.000000000000000000 ) ;
#158 = DIRECTION ( 'NONE',  ( -0.000000000000000000, -0.000000000000000000, 1.000000000000000000 ) ) ;
#159 = VECTOR ( 'NONE', #1637, 1.000000000000000000 ) ;
#160 = DIRECTION ( 'NONE',  ( 0.000000000000000000, 3.469446951953613418E-18, -1.000000000000000000 ) ) ;
#161 = CARTESIAN_POINT ( 'NONE',  ( 0.01886529081886899328, 0.003429851651431000542, -0.002552674311657847969 ) ) ;
#162 = VECTOR ( 'NONE', #3421, 1.000000000000000000 ) ;
#163 = ORIENTED_EDGE ( 'NONE', *, *, #1456, .T. ) ;
#164 = AXIS2_PLACEMENT_3D ( 'NONE', #2324, #190, #2877 ) ;
#165 = ORIENTED_EDGE ( 'NONE', *, *, #416, .F. ) ;
#166 = ORIENTED_EDGE ( 'NONE', *, *, #1679, .F. ) ;
#167 = LINE ( 'NONE', #3451, #1681 ) ;
#168 = CARTESIAN_POINT ( 'NONE',  ( 0.01099415933008824481, 0.0002999999999999999195, -0.002175653194538273993 ) ) ;
#169 = CARTESIAN_POINT ( 'NONE',  ( 0.01886529081886899328, 0.004790000000000000854, 0.001973544934649726357 ) ) ;
#170 = PLANE ( 'NONE',  #3385 ) ;
#171 = ORIENTED_EDGE ( 'NONE', *, *, #1840, .F. ) ;
#172 = EDGE_CURVE ( 'NONE', #1837, #1233, #932, .T. ) ;
#173 = LINE ( 'NONE', #1376, #1623 ) ;
#174 = PLANE ( 'NONE',  #3292 ) ;
#175 = ORIENTED_EDGE ( 'NONE', *, *, #1860, .T. ) ;
#176 = EDGE_CURVE ( 'NONE', #3107, #3476, #570, .T. ) ;
#177 = DIRECTION ( 'NONE',  ( -1.000000000000000000, 0.000000000000000000, -0.000000000000000000 ) ) ;
#178 = CARTESIAN_POINT ( 'NONE',  ( 0.01886591655098299181, 0.005429851651431000584, -0.01374084671280311268 ) ) ;
#179 = EDGE_CURVE ( 'NONE', #1837, #1000, #1780, .T. ) ;
#180 = LINE ( 'NONE', #2332, #3321 ) ;
#181 = CIRCLE ( 'NONE', #491, 0.0003499999999999996170 ) ;
#182 = VERTEX_POINT ( 'NONE', #332 ) ;
#183 = PRODUCT_RELATED_PRODUCT_CATEGORY ( 'part', '', ( #1407 ) ) ;
#184 = VERTEX_POINT ( 'NONE', #1541 ) ;
#185 = CARTESIAN_POINT ( 'NONE',  ( 0.005831435004923647691, 0.004299999999999998268, -0.006480299519805665653 ) ) ;
#186 = FACE_OUTER_BOUND ( 'NONE', #385, .T. ) ;
#187 = DIRECTION ( 'NONE',  ( 0.000000000000000000, 0.000000000000000000, -1.000000000000000000 ) ) ;
#188 = CARTESIAN_POINT ( 'NONE',  ( 0.02086591655098299358, 0.003429851651431000542, -0.01409084671280311230 ) ) ;
#189 = ORIENTED_EDGE ( 'NONE', *, *, #3656, .F. ) ;
#190 = DIRECTION ( 'NONE',  ( -1.000000000000000000, 0.000000000000000000, 0.000000000000000000 ) ) ;
#191 = LINE ( 'NONE', #797, #3780 ) ;
#192 = ADVANCED_FACE ( 'NONE', ( #890 ), #2977, .F. ) ;
#193 = VERTEX_POINT ( 'NONE', #275 ) ;
#194 = CARTESIAN_POINT ( 'NONE',  ( 0.01886591655098299181, 0.002289999999999999935, -0.01144767524308821539 ) ) ;
#195 = LINE ( 'NONE', #1135, #2389 ) ;
#196 = CARTESIAN_POINT ( 'NONE',  ( 0.01886529081886899328, 0.005079851651431000967, -0.01409084671280311230 ) ) ;
#197 = EDGE_CURVE ( 'NONE', #1802, #2139, #256, .T. ) ;
#198 = LINE ( 'NONE', #1061, #1242 ) ;
#199 = VECTOR ( 'NONE', #500, 1.000000000000000000 ) ;
#200 = ORIENTED_EDGE ( 'NONE', *, *, #2895, .F. ) ;
#201 = ORIENTED_EDGE ( 'NONE', *, *, #2179, .T. ) ;
#202 = LINE ( 'NONE', #2607, #1425 ) ;
#203 = LINE ( 'NONE', #3469, #1160 ) ;
#204 = LINE ( 'NONE', #169, #3645 ) ;
#205 = CARTESIAN_POINT ( 'NONE',  ( 0.003595757357791493254, 0.001690559999999999806, -0.006365815510203215975 ) ) ;
#206 = VERTEX_POINT ( 'NONE', #2660 ) ;
#207 = CARTESIAN_POINT ( 'NONE',  ( 0.01250000000000000069, -0.01661751163414174060, -0.01171357386385252046 ) ) ;
#208 = CARTESIAN_POINT ( 'NONE',  ( 0.01886591655098299528, 0.0002553048281707994424, 0.001973544934649725923 ) ) ;
#209 = ORIENTED_EDGE ( 'NONE', *, *, #1526, .F. ) ;
#210 = DIRECTION ( 'NONE',  ( 0.000000000000000000, 0.000000000000000000, 1.000000000000000000 ) ) ;
#211 = FACE_OUTER_BOUND ( 'NONE', #1866, .T. ) ;
#212 = EDGE_CURVE ( 'NONE', #3102, #1046, #2957, .T. ) ;
#213 = CARTESIAN_POINT ( 'NONE',  ( 0.02086591655098299358, 0.005429851651431001451, 0.001623544934649726306 ) ) ;
#214 = DIRECTION ( 'NONE',  ( 0.000000000000000000, 1.000000000000000000, 0.000000000000000000 ) ) ;
#215 = DIRECTION ( 'NONE',  ( -0.000000000000000000, 0.000000000000000000, 1.000000000000000000 ) ) ;
#216 = ORIENTED_EDGE ( 'NONE', *, *, #2315, .T. ) ;
#217 = DIRECTION ( 'NONE',  ( 1.000000000000000000, -0.000000000000000000, 0.000000000000000000 ) ) ;
#218 = EDGE_CURVE ( 'NONE', #1688, #70, #2745, .T. ) ;
#219 = CARTESIAN_POINT ( 'NONE',  ( 0.01250000000000000069, 0.0003000000000000017627, -0.0006639159790157549146 ) ) ;
#220 = AXIS2_PLACEMENT_3D ( 'NONE', #791, #2924, #1277 ) ;
#221 = VECTOR ( 'NONE', #1902, 1.000000000000000000 ) ;
#222 = CARTESIAN_POINT ( 'NONE',  ( 0.01946529081886899312, 0.004790000000000000854, -0.001512313943909821120 ) ) ;
#223 = EDGE_CURVE ( 'NONE', #2822, #1900, #3578, .T. ) ;
#224 = VECTOR ( 'NONE', #2558, 1.000000000000000000 ) ;
#225 = DIRECTION ( 'NONE',  ( 0.000000000000000000, -1.000000000000000000, -3.469446951953613418E-18 ) ) ;
#226 = ORIENTED_EDGE ( 'NONE', *, *, #238, .T. ) ;
#227 = LINE ( 'NONE', #3218, #3180 ) ;
#228 = DIRECTION ( 'NONE',  ( 0.000000000000000000, 0.000000000000000000, -1.000000000000000000 ) ) ;
#229 = ORIENTED_EDGE ( 'NONE', *, *, #3106, .T. ) ;
#230 = FACE_OUTER_BOUND ( 'NONE', #639, .T. ) ;
#231 = LINE ( 'NONE', #2251, #2511 ) ;
#232 = CARTESIAN_POINT ( 'NONE',  ( 0.01886591655098299181, 0.000000000000000000, 0.000000000000000000 ) ) ;
#233 = LINE ( 'NONE', #526, #3500 ) ;
#234 = PLANE ( 'NONE',  #2828 ) ;
#235 = ORIENTED_EDGE ( 'NONE', *, *, #1357, .F. ) ;
#236 = AXIS2_PLACEMENT_3D ( 'NONE', #13, #3616, #3595 ) ;
#237 = AXIS2_PLACEMENT_3D ( 'NONE', #1361, #3207, #768 ) ;
#238 = EDGE_CURVE ( 'NONE', #970, #3513, #3289, .T. ) ;
#239 = VERTEX_POINT ( 'NONE', #1158 ) ;
#240 = CARTESIAN_POINT ( 'NONE',  ( 0.0006040828504758205542, 0.002289999999999999935, -0.0002999999999999999737 ) ) ;
#241 = CARTESIAN_POINT ( 'NONE',  ( 0.000000000000000000, 0.002289999999999999935, -0.006365815510203215108 ) ) ;
#242 = VECTOR ( 'NONE', #1088, 1.000000000000000000 ) ;
#243 = DIRECTION ( 'NONE',  ( -0.000000000000000000, -1.000000000000000000, -0.000000000000000000 ) ) ;
#244 = EDGE_CURVE ( 'NONE', #712, #2162, #591, .T. ) ;
#245 = VECTOR ( 'NONE', #1444, 1.000000000000000000 ) ;
#246 = PLANE ( 'NONE',  #2997 ) ;
#247 = EDGE_LOOP ( 'NONE', ( #3420, #1671, #3212, #572 ) ) ;
#248 = LINE ( 'NONE', #207, #3241 ) ;
#249 = DIRECTION ( 'NONE',  ( 0.000000000000000000, 0.000000000000000000, -1.000000000000000000 ) ) ;
#250 = EDGE_CURVE ( 'NONE', #3045, #1046, #3363, .T. ) ;
#251 = VERTEX_POINT ( 'NONE', #2518 ) ;
#252 = CARTESIAN_POINT ( 'NONE',  ( 0.01886591655098299181, 0.000000000000000000, 0.000000000000000000 ) ) ;
#253 = DIRECTION ( 'NONE',  ( -1.000000000000000000, -0.000000000000000000, -0.000000000000000000 ) ) ;
#254 = DIRECTION ( 'NONE',  ( 0.000000000000000000, 0.000000000000000000, 1.000000000000000000 ) ) ;
#255 = ORIENTED_EDGE ( 'NONE', *, *, #882, .F. ) ;
#256 = LINE ( 'NONE', #633, #1828 ) ;
#257 = ORIENTED_EDGE ( 'NONE', *, *, #1084, .F. ) ;
#258 = VECTOR ( 'NONE', #249, 1.000000000000000000 ) ;
#259 = ORIENTED_EDGE ( 'NONE', *, *, #2295, .F. ) ;
#260 = LINE ( 'NONE', #3025, #2679 ) ;
#261 = EDGE_CURVE ( 'NONE', #1000, #358, #1321, .T. ) ;
#262 = PLANE ( 'NONE',  #2289 ) ;
#263 = CARTESIAN_POINT ( 'NONE',  ( 0.01984691655098299104, 0.001690559999999999806, -0.001870313411187308344 ) ) ;
#264 = EDGE_LOOP ( 'NONE', ( #2617, #3077, #2687, #2437 ) ) ;
#265 = PLANE ( 'NONE',  #1561 ) ;
#266 = DIRECTION ( 'NONE',  ( 0.000000000000000000, 3.469446951953613418E-18, -1.000000000000000000 ) ) ;
#267 = EDGE_CURVE ( 'NONE', #393, #3121, #3659, .T. ) ;
#268 = LINE ( 'NONE', #3871, #3651 ) ;
#269 = ORIENTED_EDGE ( 'NONE', *, *, #3488, .F. ) ;
#270 = ORIENTED_EDGE ( 'NONE', *, *, #1107, .F. ) ;
#271 = PLANE ( 'NONE',  #2307 ) ;
#272 = CARTESIAN_POINT ( 'NONE',  ( 0.0006189165509829907402, 0.001690559999999999806, -0.006559416273656193397 ) ) ;
#273 = CARTESIAN_POINT ( 'NONE',  ( 0.005831435004923647691, 0.004299999999999998268, -0.007508100888992563782 ) ) ;
#274 = ORIENTED_EDGE ( 'NONE', *, *, #2564, .F. ) ;
#275 = CARTESIAN_POINT ( 'NONE',  ( 0.000000000000000000, 0.0006500000000000012712, -0.0003139159790157552976 ) ) ;
#276 = ORIENTED_EDGE ( 'NONE', *, *, #508, .F. ) ;
#277 = ORIENTED_EDGE ( 'NONE', *, *, #1163, .T. ) ;
#278 = DIRECTION ( 'NONE',  ( 1.000000000000000000, 0.000000000000000000, 0.000000000000000000 ) ) ;
#279 = DIRECTION ( 'NONE',  ( 1.000000000000000000, 0.000000000000000000, 0.000000000000000000 ) ) ;
#280 = CIRCLE ( 'NONE', #220, 0.0003499999999999996170 ) ;
#281 = FACE_OUTER_BOUND ( 'NONE', #3716, .T. ) ;
#282 = EDGE_LOOP ( 'NONE', ( #598, #3858, #3552, #1876 ) ) ;
#283 = LINE ( 'NONE', #1473, #356 ) ;
#284 = VECTOR ( 'NONE', #3222, 1.000000000000000000 ) ;
#285 = FACE_OUTER_BOUND ( 'NONE', #2443, .T. ) ;
#286 = LINE ( 'NONE', #26, #1261 ) ;
#287 = VECTOR ( 'NONE', #541, 1.000000000000000000 ) ;
#288 = ADVANCED_FACE ( 'NONE', ( #88 ), #2494, .F. ) ;
#289 = ORIENTED_EDGE ( 'NONE', *, *, #2352, .T. ) ;
#290 = ORIENTED_EDGE ( 'NONE', *, *, #1087, .F. ) ;
#291 = CARTESIAN_POINT ( 'NONE',  ( 0.02086591655098299358, 0.000000000000000000, -0.01407389542082615463 ) ) ;
#292 = DIRECTION ( 'NONE',  ( -1.000000000000000000, -0.000000000000000000, -0.000000000000000000 ) ) ;
#293 = DIRECTION ( 'NONE',  ( 0.000000000000000000, 0.000000000000000000, -1.000000000000000000 ) ) ;
#294 = ORIENTED_EDGE ( 'NONE', *, *, #3061, .T. ) ;
#295 = CARTESIAN_POINT ( 'NONE',  ( 0.008265290818868993236, 0.004290000000000000410, -0.001512313943909821120 ) ) ;
#296 = ORIENTED_EDGE ( 'NONE', *, *, #552, .F. ) ;
#297 = ORIENTED_EDGE ( 'NONE', *, *, #1958, .T. ) ;
#298 = FACE_OUTER_BOUND ( 'NONE', #3873, .T. ) ;
#299 = CARTESIAN_POINT ( 'NONE',  ( 0.01011191351183229892, 0.001690559999999999806, -0.006365815510203215108 ) ) ;
#300 = VECTOR ( 'NONE', #158, 1.000000000000000000 ) ;
#301 = ORIENTED_EDGE ( 'NONE', *, *, #844, .F. ) ;
#302 = VERTEX_POINT ( 'NONE', #1588 ) ;
#303 = LINE ( 'NONE', #1554, #1044 ) ;
#304 = CARTESIAN_POINT ( 'NONE',  ( 0.01250000000000000069, 0.0003000000000000001363, -0.01144850812889775492 ) ) ;
#305 = DIRECTION ( 'NONE',  ( 0.000000000000000000, 0.000000000000000000, 1.000000000000000000 ) ) ;
#306 = VERTEX_POINT ( 'NONE', #3112 ) ;
#307 = ORIENTED_EDGE ( 'NONE', *, *, #1350, .F. ) ;
#308 = DIRECTION ( 'NONE',  ( 0.000000000000000000, -1.000000000000000000, 0.000000000000000000 ) ) ;
#309 = CARTESIAN_POINT ( 'NONE',  ( 0.009437436128616104314, 0.0002999999999999999195, -0.003129242418765665334 ) ) ;
#310 = ADVANCED_FACE ( 'NONE', ( #411 ), #669, .F. ) ;
#311 = LINE ( 'NONE', #1137, #935 ) ;
#312 = ORIENTED_EDGE ( 'NONE', *, *, #3323, .F. ) ;
#313 = ORIENTED_EDGE ( 'NONE', *, *, #3096, .F. ) ;
#314 = CARTESIAN_POINT ( 'NONE',  ( 0.01011191351183229892, 0.004299999999999998268, -0.01002620511618236392 ) ) ;
#315 = ORIENTED_EDGE ( 'NONE', *, *, #2442, .T. ) ;
#316 = ADVANCED_FACE ( 'NONE', ( #967 ), #3350, .F. ) ;
#317 = ORIENTED_EDGE ( 'NONE', *, *, #1410, .T. ) ;
#318 = DIRECTION ( 'NONE',  ( 1.000000000000000000, 0.000000000000000000, 0.000000000000000000 ) ) ;
#319 = DIRECTION ( 'NONE',  ( -0.000000000000000000, 0.000000000000000000, 1.000000000000000000 ) ) ;
#320 = MANIFOLD_SOLID_BREP ( 'Cut-Extrude9', #2203 ) ;
#321 = ORIENTED_EDGE ( 'NONE', *, *, #2179, .F. ) ;
#322 = ORIENTED_EDGE ( 'NONE', *, *, #1526, .T. ) ;
#323 = DIRECTION ( 'NONE',  ( 0.000000000000000000, 0.000000000000000000, -1.000000000000000000 ) ) ;
#324 = CARTESIAN_POINT ( 'NONE',  ( 0.000000000000000000, 0.0002999999999999999195, 0.000000000000000000 ) ) ;
#325 = CARTESIAN_POINT ( 'NONE',  ( 0.01984691655098299104, 0.0006403213429142518009, -0.001870313411187311814 ) ) ;
#326 = ORIENTED_EDGE ( 'NONE', *, *, #1446, .F. ) ;
#327 = ORIENTED_EDGE ( 'NONE', *, *, #1868, .T. ) ;
#328 = CARTESIAN_POINT ( 'NONE',  ( 0.005688779228269089105, 0.004299999999999998268, -0.005740431678123325554 ) ) ;
#329 = DIRECTION ( 'NONE',  ( -1.000000000000000000, -0.000000000000000000, -0.000000000000000000 ) ) ;
#330 = EDGE_LOOP ( 'NONE', ( #1921, #3131, #2682, #2264 ) ) ;
#331 = VECTOR ( 'NONE', #2481, 1.000000000000000000 ) ;
#332 = CARTESIAN_POINT ( 'NONE',  ( 0.01886529081886899328, 0.004232692592046320527, -0.01304383542317132279 ) ) ;
#333 = ORIENTED_EDGE ( 'NONE', *, *, #3655, .T. ) ;
#334 = EDGE_CURVE ( 'NONE', #3380, #3003, #433, .T. ) ;
#335 = EDGE_LOOP ( 'NONE', ( #3427, #23, #1832, #3638, #3491, #418 ) ) ;
#336 = AXIS2_PLACEMENT_3D ( 'NONE', #2207, #468, #2579 ) ;
#337 = LINE ( 'NONE', #1546, #1783 ) ;
#338 = ADVANCED_FACE ( 'NONE', ( #2474 ), #1298, .F. ) ;
#339 = VERTEX_POINT ( 'NONE', #113 ) ;
#340 = ORIENTED_EDGE ( 'NONE', *, *, #2515, .F. ) ;
#341 = DIRECTION ( 'NONE',  ( -1.000000000000000000, 0.000000000000000000, -1.003210504794081037E-17 ) ) ;
#342 = EDGE_CURVE ( 'NONE', #3652, #3701, #3674, .T. ) ;
#343 = CARTESIAN_POINT ( 'NONE',  ( 0.000000000000000000, 0.003429851651431000542, 0.000000000000000000 ) ) ;
#344 = AXIS2_PLACEMENT_3D ( 'NONE', #1872, #3035, #2404 ) ;
#345 = CARTESIAN_POINT ( 'NONE',  ( 0.01886591655098299181, -0.02113176284409280098, -0.01294667524308821226 ) ) ;
#346 = VECTOR ( 'NONE', #2280, 1.000000000000000000 ) ;
#347 = VECTOR ( 'NONE', #3747, 1.000000000000000000 ) ;
#349 = ORIENTED_EDGE ( 'NONE', *, *, #3699, .T. ) ;
#348 = VECTOR ( 'NONE', #3043, 1.000000000000000000 ) ;
#350 = CARTESIAN_POINT ( 'NONE',  ( 0.003791532590698178107, 0.0002999999999999999195, -0.009084714650391781041 ) ) ;
#351 = LINE ( 'NONE', #665, #2535 ) ;
#352 = VECTOR ( 'NONE', #2819, 1.000000000000000000 ) ;
#353 = AXIS2_PLACEMENT_3D ( 'NONE', #1413, #3216, #1434 ) ;
#354 = CARTESIAN_POINT ( 'NONE',  ( 0.01984691655098299104, 0.003429851651431000542, -0.002552674351235214092 ) ) ;
#355 = EDGE_LOOP ( 'NONE', ( #931, #1224, #2433, #3879, #3690, #2341, #340, #1009 ) ) ;
#356 = VECTOR ( 'NONE', #2668, 1.000000000000000000 ) ;
#357 = CARTESIAN_POINT ( 'NONE',  ( 0.005813831172303636843, 0.004299999999999998268, -0.009084714650391781041 ) ) ;
#358 = VERTEX_POINT ( 'NONE', #3382 ) ;
#359 = ORIENTED_EDGE ( 'NONE', *, *, #2850, .T. ) ;
#360 = DIRECTION ( 'NONE',  ( -0.000000000000000000, 0.000000000000000000, 1.000000000000000000 ) ) ;
#361 = EDGE_CURVE ( 'NONE', #3117, #2178, #1341, .T. ) ;
#362 = VERTEX_POINT ( 'NONE', #1001 ) ;
#363 = CARTESIAN_POINT ( 'NONE',  ( 0.02086591655098299358, 0.0003499999999999996170, 0.001623544934649726306 ) ) ;
#364 = FACE_OUTER_BOUND ( 'NONE', #1207, .T. ) ;
#365 = LINE ( 'NONE', #3048, #3584 ) ;
#366 = EDGE_CURVE ( 'NONE', #3057, #3526, #3400, .T. ) ;
#367 = VECTOR ( 'NONE', #3685, 1.000000000000000000 ) ;
#368 = VERTEX_POINT ( 'NONE', #2290 ) ;
#369 = CARTESIAN_POINT ( 'NONE',  ( 0.008102269004763809623, 0.0002999999999999999195, -0.003642581792655086304 ) ) ;
#370 = CARTESIAN_POINT ( 'NONE',  ( 0.01066677628386799095, 0.0006500000000000012712, -0.0003139159790157552976 ) ) ;
#371 = VECTOR ( 'NONE', #465, 1.000000000000000000 ) ;
#372 = CARTESIAN_POINT ( 'NONE',  ( 0.01886529081886899328, 0.004290000000000000410, 0.0009876860322002023462 ) ) ;
#373 = ORIENTED_EDGE ( 'NONE', *, *, #93, .T. ) ;
#374 =( NAMED_UNIT ( * ) SI_UNIT ( $, .STERADIAN. ) SOLID_ANGLE_UNIT ( ) );
#375 = EDGE_LOOP ( 'NONE', ( #3349, #652, #377, #3230 ) ) ;
#376 = AXIS2_PLACEMENT_3D ( 'NONE', #3629, #3343, #2871 ) ;
#377 = ORIENTED_EDGE ( 'NONE', *, *, #3254, .F. ) ;
#378 = DIRECTION ( 'NONE',  ( -0.0001960378766174142990, 0.008168244859064706376, 0.9999666201154282508 ) ) ;
#379 = ORIENTED_EDGE ( 'NONE', *, *, #3096, .T. ) ;
#380 = CARTESIAN_POINT ( 'NONE',  ( 0.003791532590698178107, 0.001690559999999999806, -0.01122197249498291249 ) ) ;
#381 = AXIS2_PLACEMENT_3D ( 'NONE', #454, #1668, #2863 ) ;
#382 = DIRECTION ( 'NONE',  ( 1.000000000000000000, 0.000000000000000000, 0.000000000000000000 ) ) ;
#383 = CARTESIAN_POINT ( 'NONE',  ( 0.01984691655098299104, 0.0006403213429142518009, -0.01002733767805662202 ) ) ;
#384 = VECTOR ( 'NONE', #1125, 1.000000000000000000 ) ;
#385 = EDGE_LOOP ( 'NONE', ( #2123, #1534, #166, #3571 ) ) ;
#386 = ADVANCED_FACE ( 'NONE', ( #211 ), #3478, .F. ) ;
#387 = LINE ( 'NONE', #67, #417 ) ;
#388 = FACE_BOUND ( 'NONE', #904, .T. ) ;
#389 = PLANE ( 'NONE',  #2824 ) ;
#390 = ORIENTED_EDGE ( 'NONE', *, *, #2116, .T. ) ;
#391 = ADVANCED_FACE ( 'NONE', ( #488 ), #3496, .T. ) ;
#392 = DIRECTION ( 'NONE',  ( 1.000000000000000000, 0.000000000000000000, 0.000000000000000000 ) ) ;
#393 = VERTEX_POINT ( 'NONE', #1420 ) ;
#394 = CARTESIAN_POINT ( 'NONE',  ( 0.01411606319764498185, 0.004299999999999998268, -0.008842395677957748390 ) ) ;
#395 = EDGE_CURVE ( 'NONE', #585, #3473, #231, .T. ) ;
#396 = VECTOR ( 'NONE', #1192, 1.000000000000000000 ) ;
#397 = VERTEX_POINT ( 'NONE', #1400 ) ;
#398 = DIRECTION ( 'NONE',  ( -0.000000000000000000, -1.000000000000000000, -0.000000000000000000 ) ) ;
#399 = ORIENTED_EDGE ( 'NONE', *, *, #1628, .F. ) ;
#400 = ORIENTED_EDGE ( 'NONE', *, *, #1412, .F. ) ;
#401 = LINE ( 'NONE', #1028, #531 ) ;
#402 = APPLICATION_CONTEXT ( 'automotive_design' ) ;
#403 = FACE_OUTER_BOUND ( 'NONE', #1328, .T. ) ;
#404 = LINE ( 'NONE', #2551, #1252 ) ;
#405 = ORIENTED_EDGE ( 'NONE', *, *, #1983, .T. ) ;
#406 = DIRECTION ( 'NONE',  ( 0.000000000000000000, 0.000000000000000000, 1.000000000000000000 ) ) ;
#407 = LINE ( 'NONE', #3416, #1539 ) ;
#408 = EDGE_CURVE ( 'NONE', #2604, #1947, #2030, .T. ) ;
#409 =( NAMED_UNIT ( * ) PLANE_ANGLE_UNIT ( ) SI_UNIT ( $, .RADIAN. ) );
#410 = VERTEX_POINT ( 'NONE', #3734 ) ;
#411 = FACE_OUTER_BOUND ( 'NONE', #3683, .T. ) ;
#412 = ORIENTED_EDGE ( 'NONE', *, *, #1350, .T. ) ;
#413 = AXIS2_PLACEMENT_3D ( 'NONE', #3462, #769, #785 ) ;
#414 = VECTOR ( 'NONE', #1725, 1.000000000000000000 ) ;
#415 = LINE ( 'NONE', #2520, #854 ) ;
#416 = EDGE_CURVE ( 'NONE', #1119, #3383, #2881, .T. ) ;
#417 = VECTOR ( 'NONE', #150, 1.000000000000000000 ) ;
#418 = ORIENTED_EDGE ( 'NONE', *, *, #117, .F. ) ;
#419 = EDGE_LOOP ( 'NONE', ( #2146, #1937, #1573, #130 ) ) ;
#420 = DIRECTION ( 'NONE',  ( 0.000000000000000000, 0.7625317487668725747, -0.6469507957507550922 ) ) ;
#421 = EDGE_CURVE ( 'NONE', #3771, #101, #1992, .T. ) ;
#422 = ORIENTED_EDGE ( 'NONE', *, *, #2611, .T. ) ;
#423 = ORIENTED_EDGE ( 'NONE', *, *, #1796, .F. ) ;
#424 = CARTESIAN_POINT ( 'NONE',  ( 0.01886591655098299181, 0.002289999999999999935, -0.01407389542082615463 ) ) ;
#425 = CARTESIAN_POINT ( 'NONE',  ( 0.01066677628386799095, 0.001690559999999999806, -0.003642581792655086304 ) ) ;
#426 = CARTESIAN_POINT ( 'NONE',  ( 0.01886529081886899328, 0.004290000000000000410, 0.001973544934649726357 ) ) ;
#427 = DIRECTION ( 'NONE',  ( 8.006560518343741914E-07, 0.9999666393311735790, -0.008168244859064709845 ) ) ;
#428 = VERTEX_POINT ( 'NONE', #1058 ) ;
#429 = FACE_OUTER_BOUND ( 'NONE', #1168, .T. ) ;
#430 = LINE ( 'NONE', #1645, #3415 ) ;
#431 = VECTOR ( 'NONE', #2094, 1.000000000000000000 ) ;
#432 = EDGE_LOOP ( 'NONE', ( #939, #1393, #1861, #1782, #2752, #1646 ) ) ;
#433 = LINE ( 'NONE', #3094, #1320 ) ;
#434 = EDGE_CURVE ( 'NONE', #2153, #2152, #1039, .T. ) ;
#435 = PLANE ( 'NONE',  #666 ) ;
#436 = CARTESIAN_POINT ( 'NONE',  ( 0.005813831172303636843, 0.0002999999999999999195, -0.009084714650391781041 ) ) ;
#437 = ORIENTED_EDGE ( 'NONE', *, *, #65, .T. ) ;
#438 = EDGE_CURVE ( 'NONE', #2590, #3553, #2601, .T. ) ;
#439 = LINE ( 'NONE', #3664, #2683 ) ;
#440 = ORIENTED_EDGE ( 'NONE', *, *, #892, .T. ) ;
#441 = ORIENTED_EDGE ( 'NONE', *, *, #2567, .T. ) ;
#442 = LINE ( 'NONE', #1309, #726 ) ;
#443 = LINE ( 'NONE', #3703, #3691 ) ;
#444 = CARTESIAN_POINT ( 'NONE',  ( 0.01066677628386799095, 0.001690559999999999806, -0.005740431678123325554 ) ) ;
#445 = CARTESIAN_POINT ( 'NONE',  ( 0.003595757357791493254, 0.004299999999999998268, -0.006559416273656193397 ) ) ;
#446 = ORIENTED_EDGE ( 'NONE', *, *, #3731, .T. ) ;
#447 = CARTESIAN_POINT ( 'NONE',  ( 0.01886591655098299181, 0.005429851651431000584, -0.002552674351235214092 ) ) ;
#448 = DIRECTION ( 'NONE',  ( -1.000000000000000000, 0.000000000000000000, 0.000000000000000000 ) ) ;
#449 = EDGE_LOOP ( 'NONE', ( #3820, #3147, #1566, #1910, #1319, #3355 ) ) ;
#450 = CARTESIAN_POINT ( 'NONE',  ( 0.008265290818868993236, 0.004790000000000000854, 0.0009876860322002023462 ) ) ;
#451 = DIRECTION ( 'NONE',  ( -0.000000000000000000, -1.000000000000000000, -0.000000000000000000 ) ) ;
#452 = DIRECTION ( 'NONE',  ( 1.000000000000000000, 0.000000000000000000, 0.000000000000000000 ) ) ;
#453 = CARTESIAN_POINT ( 'NONE',  ( 0.01066677628386799095, 0.002289999999999999935, -0.01171357386385252046 ) ) ;
#454 = CARTESIAN_POINT ( 'NONE',  ( 0.005688779228269089105, 0.004299999999999998268, -0.003766393599310413620 ) ) ;
#455 = PRODUCT_DEFINITION_CONTEXT ( 'detailed design', #883, 'design' ) ;
#456 = ADVANCED_FACE ( 'NONE', ( #1114 ), #1718, .T. ) ;
#457 = EDGE_CURVE ( 'NONE', #251, #2438, #2330, .T. ) ;
#458 = ORIENTED_EDGE ( 'NONE', *, *, #869, .F. ) ;
#459 = EDGE_LOOP ( 'NONE', ( #3860, #1369, #1344, #2753 ) ) ;
#460 = CARTESIAN_POINT ( 'NONE',  ( 0.004523784715013114133, 0.001690559999999999806, -0.003642581792655086304 ) ) ;
#461 = DIRECTION ( 'NONE',  ( -0.000000000000000000, -1.000000000000000000, -0.000000000000000000 ) ) ;
#462 = LINE ( 'NONE', #716, #2770 ) ;
#463 = ADVANCED_FACE ( 'NONE', ( #824 ), #2310, .T. ) ;
#464 = EDGE_CURVE ( 'NONE', #1516, #362, #2934, .T. ) ;
#465 = DIRECTION ( 'NONE',  ( 0.000000000000000000, -1.000000000000000000, -3.469446951953613418E-18 ) ) ;
#466 = VERTEX_POINT ( 'NONE', #2537 ) ;
#467 = CARTESIAN_POINT ( 'NONE',  ( 0.01886591655098299181, 0.000000000000000000, 0.000000000000000000 ) ) ;
#468 = DIRECTION ( 'NONE',  ( 1.000000000000000000, 0.000000000000000000, -0.000000000000000000 ) ) ;
#469 = EDGE_CURVE ( 'NONE', #124, #3351, #784, .T. ) ;
#470 = ORIENTED_EDGE ( 'NONE', *, *, #2458, .T. ) ;
#471 = CARTESIAN_POINT ( 'NONE',  ( 0.008266176305633490817, 0.004253104718145898390, -0.01054599662863793530 ) ) ;
#472 = FACE_OUTER_BOUND ( 'NONE', #2864, .T. ) ;
#473 = CARTESIAN_POINT ( 'NONE',  ( 0.02086591655098299358, 0.005429851651431000584, -0.008902674351234214634 ) ) ;
#474 = VECTOR ( 'NONE', #595, 1.000000000000000000 ) ;
#475 = LINE ( 'NONE', #453, #2580 ) ;
#476 = ORIENTED_EDGE ( 'NONE', *, *, #568, .T. ) ;
#477 = CARTESIAN_POINT ( 'NONE',  ( 0.02086591655098299358, 0.000000000000000000, 0.001623544934649726740 ) ) ;
#478 = CARTESIAN_POINT ( 'NONE',  ( 0.000000000000000000, 0.0006500000000000012712, -0.0006639159790157553483 ) ) ;
#479 = EDGE_CURVE ( 'NONE', #3577, #2165, #1701, .T. ) ;
#480 = FACE_OUTER_BOUND ( 'NONE', #671, .T. ) ;
#481 = CARTESIAN_POINT ( 'NONE',  ( 0.009437436128616104314, 0.004299999999999998268, -0.008842395677957748390 ) ) ;
#482 = ORIENTED_EDGE ( 'NONE', *, *, #2710, .F. ) ;
#483 = FACE_OUTER_BOUND ( 'NONE', #3647, .T. ) ;
#484 = ADVANCED_FACE ( 'NONE', ( #802 ), #2898, .F. ) ;
#485 = CARTESIAN_POINT ( 'NONE',  ( 0.03114140839448971410, 0.0006403213429142518009, -0.01144767524308821539 ) ) ;
#486 = VERTEX_POINT ( 'NONE', #1973 ) ;
#487 = LINE ( 'NONE', #823, #1485 ) ;
#488 = FACE_OUTER_BOUND ( 'NONE', #2507, .T. ) ;
#489 = DIRECTION ( 'NONE',  ( 1.000000000000000000, 0.000000000000000000, -0.000000000000000000 ) ) ;
#490 = CARTESIAN_POINT ( 'NONE',  ( 0.01411606319764498185, 0.0006403213429142518009, -0.0006526752430882135341 ) ) ;
#491 = AXIS2_PLACEMENT_3D ( 'NONE', #1686, #2841, #2292 ) ;
#492 = DIRECTION ( 'NONE',  ( -1.000000000000000000, 0.000000000000000000, 0.000000000000000000 ) ) ;
#493 = ORIENTED_EDGE ( 'NONE', *, *, #3755, .F. ) ;
#494 = LINE ( 'NONE', #2887, #1548 ) ;
#495 = LINE ( 'NONE', #2573, #346 ) ;
#496 = DIRECTION ( 'NONE',  ( 0.000000000000000000, -1.000000000000000000, 0.000000000000000000 ) ) ;
#497 = CARTESIAN_POINT ( 'NONE',  ( 0.02086591655098299358, 0.005429851651431000584, -0.008902674351234214634 ) ) ;
#498 = ORIENTED_EDGE ( 'NONE', *, *, #1604, .T. ) ;
#499 = FACE_OUTER_BOUND ( 'NONE', #3696, .T. ) ;
#500 = DIRECTION ( 'NONE',  ( -0.000000000000000000, -1.000000000000000000, -0.000000000000000000 ) ) ;
#501 = EDGE_CURVE ( 'NONE', #101, #149, #195, .T. ) ;
#502 = ORIENTED_EDGE ( 'NONE', *, *, #2673, .T. ) ;
#503 = LINE ( 'NONE', #3188, #2994 ) ;
#504 = DIRECTION ( 'NONE',  ( 0.000000000000000000, 0.000000000000000000, -1.000000000000000000 ) ) ;
#505 = CARTESIAN_POINT ( 'NONE',  ( 0.002484595167507867852, 0.0002999999999999999195, -0.001887931587602142969 ) ) ;
#506 = AXIS2_PLACEMENT_3D ( 'NONE', #1106, #3215, #1727 ) ;
#507 = CARTESIAN_POINT ( 'NONE',  ( 0.004523784715013114133, 0.001690559999999999806, -0.0007332206897967489395 ) ) ;
#508 = EDGE_CURVE ( 'NONE', #1471, #1398, #3837, .T. ) ;
#509 = EDGE_CURVE ( 'NONE', #2048, #3082, #2638, .T. ) ;
#510 = DIRECTION ( 'NONE',  ( -1.000000000000000000, 0.000000000000000000, 0.000000000000000000 ) ) ;
#511 = EDGE_LOOP ( 'NONE', ( #1322, #2378, #3313, #2599 ) ) ;
#512 = ORIENTED_EDGE ( 'NONE', *, *, #2275, .F. ) ;
#513 = LINE ( 'NONE', #2866, #414 ) ;
#514 = DIRECTION ( 'NONE',  ( 0.000000000000000000, -3.469446951953613418E-18, 1.000000000000000000 ) ) ;
#515 = DIRECTION ( 'NONE',  ( 0.000000000000000000, 0.000000000000000000, 1.000000000000000000 ) ) ;
#516 = CARTESIAN_POINT ( 'NONE',  ( 0.003791532590698178107, 0.004299999999999998268, -0.01122197249498291249 ) ) ;
#517 = ORIENTED_EDGE ( 'NONE', *, *, #2777, .F. ) ;
#518 = DIRECTION ( 'NONE',  ( 1.000000000000000000, 0.000000000000000000, 0.000000000000000000 ) ) ;
#519 = CARTESIAN_POINT ( 'NONE',  ( 0.008266176705961515020, 0.004753088037811485644, -0.01055008075106746677 ) ) ;
#520 = VECTOR ( 'NONE', #2457, 1.000000000000000000 ) ;
#521 = ORIENTED_EDGE ( 'NONE', *, *, #1915, .T. ) ;
#522 = DIRECTION ( 'NONE',  ( 0.000000000000000000, -1.000000000000000000, 0.000000000000000000 ) ) ;
#523 = CARTESIAN_POINT ( 'NONE',  ( 0.01984691655098299104, 0.003429851651431000542, -0.01294667524308821226 ) ) ;
#524 = CARTESIAN_POINT ( 'NONE',  ( 0.003791532590698178107, 0.004299999999999998268, -0.01122197249498291249 ) ) ;
#525 = EDGE_CURVE ( 'NONE', #851, #1109, #778, .T. ) ;
#526 = CARTESIAN_POINT ( 'NONE',  ( 0.01250000000000000069, 0.001690560000000000673, -0.0006639159790157550230 ) ) ;
#527 = LINE ( 'NONE', #1740, #245 ) ;
#528 = ORIENTED_EDGE ( 'NONE', *, *, #3110, .F. ) ;
#529 = EDGE_CURVE ( 'NONE', #46, #3334, #1968, .T. ) ;
#530 = VECTOR ( 'NONE', #2309, 1.000000000000000000 ) ;
#531 = VECTOR ( 'NONE', #657, 1.000000000000000000 ) ;
#532 = ORIENTED_EDGE ( 'NONE', *, *, #3336, .F. ) ;
#533 = DIRECTION ( 'NONE',  ( 0.000000000000000000, 0.000000000000000000, -1.000000000000000000 ) ) ;
#534 = CARTESIAN_POINT ( 'NONE',  ( 0.008102269004763809623, 0.001690559999999999806, -0.0007332206897967489395 ) ) ;
#535 = AXIS2_PLACEMENT_3D ( 'NONE', #2355, #278, #2783 ) ;
#536 = AXIS2_PLACEMENT_3D ( 'NONE', #3831, #3548, #2578 ) ;
#537 = LINE ( 'NONE', #1391, #766 ) ;
#538 = EDGE_CURVE ( 'NONE', #2876, #3795, #3181, .T. ) ;
#539 = DIRECTION ( 'NONE',  ( 1.000000000000000000, 0.000000000000000000, -0.000000000000000000 ) ) ;
#540 = ORIENTED_EDGE ( 'NONE', *, *, #2561, .F. ) ;
#541 = DIRECTION ( 'NONE',  ( 0.000000000000000000, 3.469446951953613418E-18, -1.000000000000000000 ) ) ;
#542 = LINE ( 'NONE', #3813, #580 ) ;
#543 = VERTEX_POINT ( 'NONE', #2852 ) ;
#544 = CARTESIAN_POINT ( 'NONE',  ( 0.002856818845405680041, 0.0002999999999999999195, -0.003642581792655086304 ) ) ;
#545 = DIRECTION ( 'NONE',  ( 0.000000000000000000, -0.000000000000000000, 1.000000000000000000 ) ) ;
#546 = FACE_OUTER_BOUND ( 'NONE', #2788, .T. ) ;
#547 = ADVANCED_FACE ( 'NONE', ( #3199 ), #2554, .F. ) ;
#548 = ADVANCED_FACE ( 'NONE', ( #3455 ), #170, .F. ) ;
#549 = DIRECTION ( 'NONE',  ( -0.000000000000000000, -1.000000000000000000, -0.000000000000000000 ) ) ;
#550 = ORIENTED_EDGE ( 'NONE', *, *, #18, .T. ) ;
#551 = VECTOR ( 'NONE', #1778, 1.000000000000000000 ) ;
#552 = EDGE_CURVE ( 'NONE', #3611, #866, #2875, .T. ) ;
#553 = ORIENTED_EDGE ( 'NONE', *, *, #2135, .F. ) ;
#554 = LINE ( 'NONE', #853, #2748 ) ;
#555 = DIRECTION ( 'NONE',  ( -0.000000000000000000, -1.000000000000000000, -0.000000000000000000 ) ) ;
#556 = AXIS2_PLACEMENT_3D ( 'NONE', #357, #71, #2158 ) ;
#557 = FACE_BOUND ( 'NONE', #728, .T. ) ;
#558 = EDGE_LOOP ( 'NONE', ( #3158, #3142, #2948, #2028 ) ) ;
#559 = VECTOR ( 'NONE', #881, 1.000000000000000000 ) ;
#560 = DIRECTION ( 'NONE',  ( -1.003210504794081037E-17, 0.000000000000000000, 1.000000000000000000 ) ) ;
#561 = DIRECTION ( 'NONE',  ( 0.000000000000000000, 0.000000000000000000, -1.000000000000000000 ) ) ;
#562 = DIRECTION ( 'NONE',  ( 0.000000000000000000, 0.000000000000000000, -1.000000000000000000 ) ) ;
#563 = VERTEX_POINT ( 'NONE', #188 ) ;
#564 = ORIENTED_EDGE ( 'NONE', *, *, #745, .F. ) ;
#565 = DIRECTION ( 'NONE',  ( 0.000000000000000000, 1.000000000000000000, 0.000000000000000000 ) ) ;
#566 = PLANE ( 'NONE',  #1278 ) ;
#567 = CARTESIAN_POINT ( 'NONE',  ( 0.005688779228269089105, 0.004299999999999998268, -0.005740431678123325554 ) ) ;
#568 = EDGE_CURVE ( 'NONE', #486, #3345, #1710, .T. ) ;
#569 = VERTEX_POINT ( 'NONE', #3472 ) ;
#570 = LINE ( 'NONE', #1759, #3828 ) ;
#571 = ORIENTED_EDGE ( 'NONE', *, *, #2192, .F. ) ;
#572 = ORIENTED_EDGE ( 'NONE', *, *, #3655, .F. ) ;
#573 = DIRECTION ( 'NONE',  ( 0.000000000000000000, 0.000000000000000000, -1.000000000000000000 ) ) ;
#574 = CARTESIAN_POINT ( 'NONE',  ( 0.001062852872235363344, 0.004299999999999998268, -0.006559416273656193397 ) ) ;
#575 = EDGE_CURVE ( 'NONE', #3632, #3481, #735, .T. ) ;
#576 = DIRECTION ( 'NONE',  ( 0.000000000000000000, 1.000000000000000000, 0.000000000000000000 ) ) ;
#577 = EDGE_LOOP ( 'NONE', ( #134, #3687, #3494, #1961 ) ) ;
#578 = DIRECTION ( 'NONE',  ( -0.000000000000000000, -1.000000000000000000, -0.000000000000000000 ) ) ;
#579 = DIRECTION ( 'NONE',  ( -0.000000000000000000, -1.000000000000000000, -0.000000000000000000 ) ) ;
#580 = VECTOR ( 'NONE', #562, 1.000000000000000000 ) ;
#581 = DIRECTION ( 'NONE',  ( 0.000000000000000000, 0.000000000000000000, 1.000000000000000000 ) ) ;
#582 = EDGE_CURVE ( 'NONE', #634, #2438, #1984, .T. ) ;
#583 = AXIS2_PLACEMENT_3D ( 'NONE', #1938, #2769, #139 ) ;
#584 = ADVANCED_FACE ( 'NONE', ( #1374 ), #1070, .F. ) ;
#585 = VERTEX_POINT ( 'NONE', #2301 ) ;
#586 = ORIENTED_EDGE ( 'NONE', *, *, #2552, .F. ) ;
#587 = DIRECTION ( 'NONE',  ( 0.000000000000000000, 0.000000000000000000, -1.000000000000000000 ) ) ;
#588 = DIRECTION ( 'NONE',  ( 0.000000000000000000, 0.000000000000000000, 1.000000000000000000 ) ) ;
#589 = DIRECTION ( 'NONE',  ( -0.000000000000000000, -3.469446951953613418E-18, 1.000000000000000000 ) ) ;
#590 = ORIENTED_EDGE ( 'NONE', *, *, #2078, .F. ) ;
#591 = LINE ( 'NONE', #2372, #2894 ) ;
#592 = ORIENTED_EDGE ( 'NONE', *, *, #1084, .T. ) ;
#593 = VECTOR ( 'NONE', #2657, 1.000000000000000000 ) ;
#594 = EDGE_LOOP ( 'NONE', ( #423, #2959, #2216, #1426 ) ) ;
#595 = DIRECTION ( 'NONE',  ( -0.000000000000000000, 3.469446951953613418E-18, -1.000000000000000000 ) ) ;
#596 = DIRECTION ( 'NONE',  ( -0.000000000000000000, -0.000000000000000000, -1.000000000000000000 ) ) ;
#597 = FACE_BOUND ( 'NONE', #1018, .T. ) ;
#598 = ORIENTED_EDGE ( 'NONE', *, *, #172, .T. ) ;
#599 = EDGE_CURVE ( 'NONE', #2711, #3577, #129, .T. ) ;
#600 = PLANE ( 'NONE',  #2122 ) ;
#601 = FACE_OUTER_BOUND ( 'NONE', #958, .T. ) ;
#602 = DIRECTION ( 'NONE',  ( 0.000000000000000000, 1.916305161557858496E-16, 1.000000000000000000 ) ) ;
#603 = AXIS2_PLACEMENT_3D ( 'NONE', #3148, #3377, #3671 ) ;
#604 = ORIENTED_EDGE ( 'NONE', *, *, #2772, .T. ) ;
#605 = ORIENTED_EDGE ( 'NONE', *, *, #3179, .T. ) ;
#606 = ADVANCED_FACE ( 'NONE', ( #2576 ), #3770, .F. ) ;
#607 = FACE_OUTER_BOUND ( 'NONE', #2057, .T. ) ;
#608 = AXIS2_PLACEMENT_3D ( 'NONE', #2717, #323, #1811 ) ;
#609 = CARTESIAN_POINT ( 'NONE',  ( 0.003946247949256829340, 0.001690559999999999806, -0.001338141805341974688 ) ) ;
#610 = LINE ( 'NONE', #2369, #2630 ) ;
#611 = VERTEX_POINT ( 'NONE', #1946 ) ;
#612 = EDGE_CURVE ( 'NONE', #2296, #2178, #3139, .T. ) ;
#613 = LINE ( 'NONE', #3269, #2639 ) ;
#614 = EDGE_LOOP ( 'NONE', ( #1525, #3547, #592, #1438 ) ) ;
#615 = ORIENTED_EDGE ( 'NONE', *, *, #1628, .T. ) ;
#616 = CARTESIAN_POINT ( 'NONE',  ( 0.01984691655098299104, 0.003429851651431000542, -0.008902674351234214634 ) ) ;
#617 = VECTOR ( 'NONE', #2603, 1.000000000000000000 ) ;
#618 = CARTESIAN_POINT ( 'NONE',  ( 0.005688779228269089105, 0.001690559999999999806, -0.006365815510203215108 ) ) ;
#619 = ORIENTED_EDGE ( 'NONE', *, *, #529, .T. ) ;
#620 = ORIENTED_EDGE ( 'NONE', *, *, #2504, .T. ) ;
#621 = LINE ( 'NONE', #2148, #2620 ) ;
#622 = CARTESIAN_POINT ( 'NONE',  ( 0.009437436128616104314, 0.001690559999999999806, -0.003129242418765665334 ) ) ;
#623 = CARTESIAN_POINT ( 'NONE',  ( 0.003946247949256829340, 0.001690559999999999806, -0.006365815510203215108 ) ) ;
#624 = ORIENTED_EDGE ( 'NONE', *, *, #146, .F. ) ;
#625 = ORIENTED_EDGE ( 'NONE', *, *, #1768, .T. ) ;
#626 = DIRECTION ( 'NONE',  ( 0.000000000000000000, -0.000000000000000000, -1.000000000000000000 ) ) ;
#627 = AXIS2_PLACEMENT_3D ( 'NONE', #2562, #504, #177 ) ;
#628 = CARTESIAN_POINT ( 'NONE',  ( 0.0006189165509829907402, 0.002289999999999999935, -0.01171357386385252046 ) ) ;
#629 = EDGE_CURVE ( 'NONE', #3697, #2165, #1692, .T. ) ;
#630 = DIRECTION ( 'NONE',  ( 0.000000000000000000, 0.000000000000000000, -1.000000000000000000 ) ) ;
#631 = ORIENTED_EDGE ( 'NONE', *, *, #988, .F. ) ;
#632 = VECTOR ( 'NONE', #2299, 1.000000000000000000 ) ;
#633 = CARTESIAN_POINT ( 'NONE',  ( 0.01066677628386799095, 0.001690559999999999806, -0.003766393599310413620 ) ) ;
#634 = VERTEX_POINT ( 'NONE', #1014 ) ;
#635 = VECTOR ( 'NONE', #971, 1.000000000000000000 ) ;
#636 = EDGE_CURVE ( 'NONE', #3279, #2446, #3411, .T. ) ;
#637 = EDGE_LOOP ( 'NONE', ( #125, #1634, #3596, #1172 ) ) ;
#638 = CARTESIAN_POINT ( 'NONE',  ( 0.01886591655098299181, 0.001690559999999999806, -0.01002733767805662202 ) ) ;
#639 = EDGE_LOOP ( 'NONE', ( #1458, #1857, #767, #2792 ) ) ;
#640 = VERTEX_POINT ( 'NONE', #3127 ) ;
#641 = FACE_OUTER_BOUND ( 'NONE', #3004, .T. ) ;
#642 = PLANE ( 'NONE',  #3074 ) ;
#643 = DIRECTION ( 'NONE',  ( 0.000000000000000000, 0.008168244859067327543, 0.9999666393314942114 ) ) ;
#644 = ORIENTED_EDGE ( 'NONE', *, *, #3535, .F. ) ;
#645 = ORIENTED_EDGE ( 'NONE', *, *, #3731, .F. ) ;
#646 = DIRECTION ( 'NONE',  ( 0.000000000000000000, -0.000000000000000000, 1.000000000000000000 ) ) ;
#647 = DIRECTION ( 'NONE',  ( 1.000000000000000000, 0.000000000000000000, 0.000000000000000000 ) ) ;
#648 = ORIENTED_EDGE ( 'NONE', *, *, #1351, .T. ) ;
#649 = DIRECTION ( 'NONE',  ( -1.000000000000000000, -0.000000000000000000, -0.000000000000000000 ) ) ;
#650 = ORIENTED_EDGE ( 'NONE', *, *, #2102, .T. ) ;
#651 = ADVANCED_FACE ( 'NONE', ( #2531 ), #3727, .F. ) ;
#652 = ORIENTED_EDGE ( 'NONE', *, *, #1402, .F. ) ;
#653 = AXIS2_PLACEMENT_3D ( 'NONE', #1662, #1377, #1601 ) ;
#654 = EDGE_CURVE ( 'NONE', #2153, #713, #813, .T. ) ;
#655 = LINE ( 'NONE', #3602, #3059 ) ;
#656 = VERTEX_POINT ( 'NONE', #857 ) ;
#657 = DIRECTION ( 'NONE',  ( 0.000000000000000000, 0.9999666393302120149, -0.008168245016021008498 ) ) ;
#658 = CARTESIAN_POINT ( 'NONE',  ( 0.01886591655098299181, 0.002289999999999999935, -0.01144767524308821539 ) ) ;
#659 = CARTESIAN_POINT ( 'NONE',  ( 0.008617972442110481690, 0.004299999999999998268, -0.0008255689565281887354 ) ) ;
#660 = ADVANCED_FACE ( 'NONE', ( #2963 ), #1787, .F. ) ;
#661 = VECTOR ( 'NONE', #1067, 1.000000000000000000 ) ;
#663 = ORIENTED_EDGE ( 'NONE', *, *, #2110, .F. ) ;
#662 = VECTOR ( 'NONE', #3623, 1.000000000000000000 ) ;
#664 = LINE ( 'NONE', #2154, #3736 ) ;
#665 = CARTESIAN_POINT ( 'NONE',  ( 0.01886591655098299181, 0.001690559999999999806, -0.0006526752430882135341 ) ) ;
#666 = AXIS2_PLACEMENT_3D ( 'NONE', #1974, #1040, #1685 ) ;
#667 = TOROIDAL_SURFACE ( 'NONE', #1931, 0.01141826795450370455, 0.0003499999999999999964 ) ;
#668 = ORIENTED_EDGE ( 'NONE', *, *, #3755, .T. ) ;
#669 = PLANE ( 'NONE',  #556 ) ;
#670 = ORIENTED_EDGE ( 'NONE', *, *, #2968, .T. ) ;
#671 = EDGE_LOOP ( 'NONE', ( #307, #119, #2996, #1414, #725, #1129, #1586, #141, #313, #405, #1346, #2495 ) ) ;
#672 = LINE ( 'NONE', #3080, #1022 ) ;
#673 = EDGE_CURVE ( 'NONE', #82, #2876, #3278, .T. ) ;
#674 = ORIENTED_EDGE ( 'NONE', *, *, #2941, .F. ) ;
#675 = LINE ( 'NONE', #3083, #3740 ) ;
#676 = CARTESIAN_POINT ( 'NONE',  ( 0.0006040828504758188194, 0.004299999999999998268, -0.006559416273656193397 ) ) ;
#677 = FACE_OUTER_BOUND ( 'NONE', #2784, .T. ) ;
#678 = AXIS2_PLACEMENT_3D ( 'NONE', #3374, #974, #2528 ) ;
#679 = ORIENTED_EDGE ( 'NONE', *, *, #1405, .T. ) ;
#680 = DIRECTION ( 'NONE',  ( 0.000000000000000000, -3.469446951953613418E-18, 1.000000000000000000 ) ) ;
#681 = DIRECTION ( 'NONE',  ( 0.000000000000000000, -1.000000000000000000, 0.000000000000000000 ) ) ;
#682 = CARTESIAN_POINT ( 'NONE',  ( 0.005688779228269089105, 0.0002999999999999999195, -0.005740431678123325554 ) ) ;
#683 = ORIENTED_EDGE ( 'NONE', *, *, #3179, .F. ) ;
#684 = VECTOR ( 'NONE', #549, 1.000000000000000000 ) ;
#685 = DIRECTION ( 'NONE',  ( 0.000000000000000000, 1.000000000000000000, 0.000000000000000000 ) ) ;
#686 = ORIENTED_EDGE ( 'NONE', *, *, #3394, .T. ) ;
#687 = DIRECTION ( 'NONE',  ( 0.000000000000000000, 0.000000000000000000, 1.000000000000000000 ) ) ;
#688 = ORIENTED_EDGE ( 'NONE', *, *, #3201, .F. ) ;
#689 = DIRECTION ( 'NONE',  ( 0.000000000000000000, 0.9999854270370491793, -0.005398677016693511320 ) ) ;
#690 = UNCERTAINTY_MEASURE_WITH_UNIT (LENGTH_MEASURE( 1.000000000000000082E-05 ), #1565, 'distance_accuracy_value', 'NONE');
#691 = ORIENTED_EDGE ( 'NONE', *, *, #457, .T. ) ;
#692 = DIRECTION ( 'NONE',  ( 1.000000000000000000, -0.000000000000000000, 0.000000000000000000 ) ) ;
#693 = LINE ( 'NONE', #1903, #1568 ) ;
#694 = ADVANCED_FACE ( 'NONE', ( #3585, #2982, #2042, #1489, #3867, #597, #3235, #3887, #557, #2083 ), #2377, .F. ) ;
#695 = DIRECTION ( 'NONE',  ( -0.000000000000000000, 0.6469507957507550922, 0.7625317487668725747 ) ) ;
#696 = VECTOR ( 'NONE', #1773, 1.000000000000000000 ) ;
#697 = ORIENTED_EDGE ( 'NONE', *, *, #1462, .F. ) ;
#698 = CARTESIAN_POINT ( 'NONE',  ( 0.009437436128616104314, 0.0002999999999999999195, -0.008842395677957748390 ) ) ;
#699 = EDGE_CURVE ( 'NONE', #2414, #3423, #2947, .T. ) ;
#700 = FACE_OUTER_BOUND ( 'NONE', #87, .T. ) ;
#701 = EDGE_LOOP ( 'NONE', ( #3658, #2067, #1285, #1770 ) ) ;
#702 = CARTESIAN_POINT ( 'NONE',  ( 0.01208551635339049496, 0.001690559999999999806, -0.006365815510203215108 ) ) ;
#703 = ORIENTED_EDGE ( 'NONE', *, *, #3580, .T. ) ;
#704 = ADVANCED_FACE ( 'NONE', ( #2063 ), #1470, .F. ) ;
#705 = CARTESIAN_POINT ( 'NONE',  ( 0.01154974872040884920, 0.0002999999999999999195, -0.002299908472888967381 ) ) ;
#706 = EDGE_CURVE ( 'NONE', #3113, #466, #2693, .T. ) ;
#707 = ORIENTED_EDGE ( 'NONE', *, *, #3134, .F. ) ;
#708 = ORIENTED_EDGE ( 'NONE', *, *, #2484, .F. ) ;
#709 = AXIS2_PLACEMENT_3D ( 'NONE', #3378, #1196, #979 ) ;
#710 = DIRECTION ( 'NONE',  ( 0.9999999807842548938, 8.006560518343741914E-07, 0.0001960378766174143803 ) ) ;
#711 = VECTOR ( 'NONE', #292, 1.000000000000000000 ) ;
#712 = VERTEX_POINT ( 'NONE', #1809 ) ;
#713 = VERTEX_POINT ( 'NONE', #1167 ) ;
#714 = LINE ( 'NONE', #102, #1738 ) ;
#715 = CARTESIAN_POINT ( 'NONE',  ( 0.007476534587561001546, 0.0002999999999999999195, -0.007853343260645573309 ) ) ;
#716 = CARTESIAN_POINT ( 'NONE',  ( 0.01066677628386799095, 0.001690559999999999806, -0.006559416273656193397 ) ) ;
#717 = EDGE_CURVE ( 'NONE', #3301, #1610, #2927, .T. ) ;
#718 = CARTESIAN_POINT ( 'NONE',  ( 0.008617972442110481690, 0.001690559999999999806, -0.006365815510203215108 ) ) ;
#719 = ORIENTED_EDGE ( 'NONE', *, *, #575, .T. ) ;
#720 = DIRECTION ( 'NONE',  ( 1.000000000000000000, 0.000000000000000000, 0.000000000000000000 ) ) ;
#721 = DIRECTION ( 'NONE',  ( 0.000000000000000000, 3.469446951953613418E-18, -1.000000000000000000 ) ) ;
#722 = ADVANCED_FACE ( 'NONE', ( #281 ), #246, .F. ) ;
#723 = EDGE_LOOP ( 'NONE', ( #446, #216, #312, #72 ) ) ;
#724 = DIRECTION ( 'NONE',  ( -1.000000000000000000, 0.000000000000000000, -0.000000000000000000 ) ) ;
#725 = ORIENTED_EDGE ( 'NONE', *, *, #1284, .T. ) ;
#726 = VECTOR ( 'NONE', #1655, 1.000000000000000000 ) ;
#727 = DIRECTION ( 'NONE',  ( -0.000000000000000000, -0.000000000000000000, 1.000000000000000000 ) ) ;
#728 = EDGE_LOOP ( 'NONE', ( #2111, #229, #3598, #1429 ) ) ;
#729 = LINE ( 'NONE', #1262, #820 ) ;
#730 = VERTEX_POINT ( 'NONE', #2612 ) ;
#731 = VERTEX_POINT ( 'NONE', #2631 ) ;
#732 = FACE_OUTER_BOUND ( 'NONE', #9, .T. ) ;
#733 = CARTESIAN_POINT ( 'NONE',  ( 0.01249999999999999896, 0.000000000000000000, -0.02312826795450370621 ) ) ;
#734 = CARTESIAN_POINT ( 'NONE',  ( 0.005688779228269089105, 0.0002999999999999999195, -0.005740431678123325554 ) ) ;
#735 = LINE ( 'NONE', #1642, #371 ) ;
#736 = ORIENTED_EDGE ( 'NONE', *, *, #3303, .T. ) ;
#737 = LINE ( 'NONE', #2533, #3680 ) ;
#738 = DIRECTION ( 'NONE',  ( 1.000000000000000000, 0.000000000000000000, 0.000000000000000000 ) ) ;
#739 = VECTOR ( 'NONE', #3124, 1.000000000000000000 ) ;
#740 = EDGE_LOOP ( 'NONE', ( #828, #59, #1198, #2127 ) ) ;
#741 = CARTESIAN_POINT ( 'NONE',  ( 0.03114140839448971410, 0.0003499999999999999964, -0.01372389542082615502 ) ) ;
#742 = AXIS2_PLACEMENT_3D ( 'NONE', #2357, #2397, #835 ) ;
#743 = CARTESIAN_POINT ( 'NONE',  ( 0.007476534587561001546, 0.0002999999999999999195, -0.009084714650391781041 ) ) ;
#744 = EDGE_CURVE ( 'NONE', #3010, #2037, #3810, .T. ) ;
#745 = EDGE_CURVE ( 'NONE', #2363, #3102, #1728, .T. ) ;
#746 = CARTESIAN_POINT ( 'NONE',  ( 0.01250000000000000069, 0.001690560000000000673, -0.0006639159790157550230 ) ) ;
#747 = VECTOR ( 'NONE', #1180, 1.000000000000000000 ) ;
#748 = AXIS2_PLACEMENT_3D ( 'NONE', #1639, #1352, #145 ) ;
#749 = ORIENTED_EDGE ( 'NONE', *, *, #117, .T. ) ;
#750 = ADVANCED_FACE ( 'NONE', ( #1452 ), #3525, .F. ) ;
#751 = FACE_OUTER_BOUND ( 'NONE', #2842, .T. ) ;
#752 = VERTEX_POINT ( 'NONE', #263 ) ;
#753 = EDGE_CURVE ( 'NONE', #1528, #2543, #737, .T. ) ;
#754 = VERTEX_POINT ( 'NONE', #3396 ) ;
#755 = ORIENTED_EDGE ( 'NONE', *, *, #771, .F. ) ;
#756 = VECTOR ( 'NONE', #2833, 1.000000000000000000 ) ;
#757 = LINE ( 'NONE', #3160, #1036 ) ;
#758 = DIRECTION ( 'NONE',  ( 0.000000000000000000, 0.000000000000000000, -1.000000000000000000 ) ) ;
#759 = CARTESIAN_POINT ( 'NONE',  ( 0.003595757357791493254, 0.001690559999999999806, -0.006559416273656193397 ) ) ;
#760 = ADVANCED_FACE ( 'NONE', ( #2837 ), #3729, .F. ) ;
#761 = DIRECTION ( 'NONE',  ( 0.000000000000000000, -1.000000000000000000, 0.000000000000000000 ) ) ;
#762 = VERTEX_POINT ( 'NONE', #3688 ) ;
#763 = DIRECTION ( 'NONE',  ( 1.000000000000000000, 0.000000000000000000, 0.000000000000000000 ) ) ;
#764 = FACE_BOUND ( 'NONE', #1650, .T. ) ;
#765 = AXIS2_PLACEMENT_3D ( 'NONE', #519, #1493, #643 ) ;
#766 = VECTOR ( 'NONE', #2648, 1.000000000000000000 ) ;
#767 = ORIENTED_EDGE ( 'NONE', *, *, #3665, .F. ) ;
#768 = DIRECTION ( 'NONE',  ( 0.000000000000000000, 0.000000000000000000, -1.000000000000000000 ) ) ;
#769 = DIRECTION ( 'NONE',  ( 0.000000000000000000, 0.000000000000000000, -1.000000000000000000 ) ) ;
#770 = LINE ( 'NONE', #3191, #1115 ) ;
#771 = EDGE_CURVE ( 'NONE', #752, #3803, #3088, .T. ) ;
#772 = DIRECTION ( 'NONE',  ( 0.000000000000000000, 3.469446951953613418E-18, -1.000000000000000000 ) ) ;
#773 = EDGE_CURVE ( 'NONE', #2257, #1325, #1053, .T. ) ;
#774 = ORIENTED_EDGE ( 'NONE', *, *, #896, .T. ) ;
#775 = DIRECTION ( 'NONE',  ( -8.006560518343741914E-07, -0.9999666393311735790, 0.008168244859064709845 ) ) ;
#776 = DIRECTION ( 'NONE',  ( 0.000000000000000000, -0.9999666393302120149, 0.008168245016021008498 ) ) ;
#777 = CARTESIAN_POINT ( 'NONE',  ( 0.008265290818868993236, 0.004790000000000000854, -0.001512313943909821120 ) ) ;
#778 = LINE ( 'NONE', #148, #115 ) ;
#779 = VERTEX_POINT ( 'NONE', #2514 ) ;
#780 = DIRECTION ( 'NONE',  ( 0.000000000000000000, 0.000000000000000000, -1.000000000000000000 ) ) ;
#781 = LINE ( 'NONE', #2045, #2591 ) ;
#782 = ORIENTED_EDGE ( 'NONE', *, *, #3418, .T. ) ;
#783 = LINE ( 'NONE', #1134, #1989 ) ;
#784 = LINE ( 'NONE', #2013, #3193 ) ;
#785 = DIRECTION ( 'NONE',  ( -1.000000000000000000, 0.000000000000000000, -0.000000000000000000 ) ) ;
#786 = CARTESIAN_POINT ( 'NONE',  ( 0.005831435004923647691, 0.0002999999999999999195, -0.006480299519805665653 ) ) ;
#787 = AXIS2_PLACEMENT_3D ( 'NONE', #3843, #852, #2645 ) ;
#788 = ORIENTED_EDGE ( 'NONE', *, *, #1591, .T. ) ;
#789 = ORIENTED_EDGE ( 'NONE', *, *, #65, .F. ) ;
#790 = FACE_OUTER_BOUND ( 'NONE', #2922, .T. ) ;
#791 = CARTESIAN_POINT ( 'NONE',  ( 0.02086591655098299358, 0.005079851651431000967, -0.01374084671280311268 ) ) ;
#792 = CARTESIAN_POINT ( 'NONE',  ( 0.01984691655098299104, -0.02113176284409280098, -0.0006526752430882133173 ) ) ;
#793 = ADVANCED_FACE ( 'NONE', ( #429 ), #667, .T. ) ;
#794 = DIRECTION ( 'NONE',  ( 1.000000000000000000, -0.000000000000000000, 0.000000000000000000 ) ) ;
#795 = VERTEX_POINT ( 'NONE', #1929 ) ;
#796 = PLANE ( 'NONE',  #1555 ) ;
#797 = CARTESIAN_POINT ( 'NONE',  ( 0.005282099801380564508, 0.004299999999999998268, -0.004444143617096329990 ) ) ;
#798 = EDGE_CURVE ( 'NONE', #563, #3117, #2471, .T. ) ;
#799 = EDGE_CURVE ( 'NONE', #779, #428, #998, .T. ) ;
#800 = ORIENTED_EDGE ( 'NONE', *, *, #3662, .T. ) ;
#801 = DIRECTION ( 'NONE',  ( -1.000000000000000000, 0.000000000000000000, 0.000000000000000000 ) ) ;
#802 = FACE_OUTER_BOUND ( 'NONE', #2676, .T. ) ;
#803 = DIRECTION ( 'NONE',  ( 1.000000000000000000, 0.000000000000000000, -0.000000000000000000 ) ) ;
#804 = LINE ( 'NONE', #2016, #2070 ) ;
#805 = VECTOR ( 'NONE', #1216, 1.000000000000000000 ) ;
#806 = LINE ( 'NONE', #3761, #3573 ) ;
#807 = AXIS2_PLACEMENT_3D ( 'NONE', #2274, #215, #827 ) ;
#808 = EDGE_LOOP ( 'NONE', ( #1858, #2076, #38, #2815, #359 ) ) ;
#809 = AXIS2_PLACEMENT_3D ( 'NONE', #2816, #135, #55 ) ;
#810 = DIRECTION ( 'NONE',  ( 1.000000000000000000, 0.000000000000000000, 0.000000000000000000 ) ) ;
#811 = DIRECTION ( 'NONE',  ( 0.0001960378766174142990, -0.008168244859064706376, -0.9999666201154282508 ) ) ;
#812 = CARTESIAN_POINT ( 'NONE',  ( 0.02086591655098299358, -0.01159174901508180922, -0.01407389542082615463 ) ) ;
#813 = LINE ( 'NONE', #3546, #50 ) ;
#814 = EDGE_CURVE ( 'NONE', #762, #3107, #1644, .T. ) ;
#815 = EDGE_LOOP ( 'NONE', ( #962, #1741, #1706, #2709 ) ) ;
#816 = EDGE_CURVE ( 'NONE', #2858, #1506, #1338, .T. ) ;
#817 = CARTESIAN_POINT ( 'NONE',  ( 0.01886529081886899328, 0.004790000000000000854, -0.001512313943909821337 ) ) ;
#818 = B_SPLINE_CURVE_WITH_KNOTS ( 'NONE', 3,
 ( #3832, #208, #819, #838, #1696, #1091 ),
 .UNSPECIFIED., .F., .F.,
 ( 4, 2, 4 ),
 ( 0.000000000000000000, 0.0002799700541266781739, 0.0005599401082533563478 ),
 .UNSPECIFIED. ) ;
#819 = CARTESIAN_POINT ( 'NONE',  ( 0.01887864111528285774, 0.0001634459543695847077, 0.001933386836375329716 ) ) ;
#820 = VECTOR ( 'NONE', #1006, 1.000000000000000000 ) ;
#821 = ORIENTED_EDGE ( 'NONE', *, *, #2504, .F. ) ;
#822 = EDGE_CURVE ( 'NONE', #2999, #1109, #1660, .T. ) ;
#823 = CARTESIAN_POINT ( 'NONE',  ( 0.007496184346508165397, 0.001690559999999999806, -0.006365815510203215108 ) ) ;
#824 = FACE_OUTER_BOUND ( 'NONE', #2767, .T. ) ;
#825 = DIRECTION ( 'NONE',  ( -0.000000000000000000, 1.000000000000000000, 3.469446951953613418E-18 ) ) ;
#826 = FACE_OUTER_BOUND ( 'NONE', #1972, .T. ) ;
#827 = DIRECTION ( 'NONE',  ( 1.000000000000000000, 0.000000000000000000, 0.000000000000000000 ) ) ;
#828 = ORIENTED_EDGE ( 'NONE', *, *, #2901, .F. ) ;
#829 = PRODUCT_DEFINITION ( 'UNKNOWN', '', #1640, #455 ) ;
#830 = VERTEX_POINT ( 'NONE', #3108 ) ;
#831 = LINE ( 'NONE', #3502, #91 ) ;
#832 = DIRECTION ( 'NONE',  ( -0.0001960378766174144074, 0.008168244859064711580, 0.9999666201154283618 ) ) ;
#833 = CARTESIAN_POINT ( 'NONE',  ( 0.01249999999999999896, 0.0003499999999999996170, -0.02312826795450370621 ) ) ;
#834 = ORIENTED_EDGE ( 'NONE', *, *, #3336, .T. ) ;
#835 = DIRECTION ( 'NONE',  ( 0.000000000000000000, 0.000000000000000000, -1.000000000000000000 ) ) ;
#836 = ORIENTED_EDGE ( 'NONE', *, *, #1177, .T. ) ;
#837 = CARTESIAN_POINT ( 'NONE',  ( 0.009437436128616104314, 0.004299999999999998268, -0.003129242418765665334 ) ) ;
#838 = CARTESIAN_POINT ( 'NONE',  ( 0.01891965443263804794, 3.603152914877853335E-05, 0.001803067120792161207 ) ) ;
#839 = EDGE_CURVE ( 'NONE', #1743, #2358, #2265, .T. ) ;
#840 = VECTOR ( 'NONE', #133, 1.000000000000000000 ) ;
#841 = ORIENTED_EDGE ( 'NONE', *, *, #2736, .T. ) ;
#842 = DIRECTION ( 'NONE',  ( -0.000000000000000000, -0.000000000000000000, 1.000000000000000000 ) ) ;
#843 = DIRECTION ( 'NONE',  ( -0.000000000000000000, 0.9999854270370491793, -0.005398677016693512187 ) ) ;
#844 = EDGE_CURVE ( 'NONE', #3874, #731, #2224, .T. ) ;
#845 = LINE ( 'NONE', #2115, #431 ) ;
#846 = DIRECTION ( 'NONE',  ( -1.000000000000000000, -0.000000000000000000, -0.000000000000000000 ) ) ;
#847 = ORIENTED_EDGE ( 'NONE', *, *, #2656, .T. ) ;
#848 = VECTOR ( 'NONE', #47, 1.000000000000000000 ) ;
#849 = EDGE_CURVE ( 'NONE', #1788, #3835, #387, .T. ) ;
#850 = AXIS2_PLACEMENT_3D ( 'NONE', #1068, #832, #776 ) ;
#851 = VERTEX_POINT ( 'NONE', #2246 ) ;
#852 = DIRECTION ( 'NONE',  ( 0.000000000000000000, 1.000000000000000000, -0.000000000000000000 ) ) ;
#853 = CARTESIAN_POINT ( 'NONE',  ( 0.03114140839448971410, 0.000000000000000000, -0.0003500000000000001591 ) ) ;
#854 = VECTOR ( 'NONE', #3717, 1.000000000000000000 ) ;
#855 = VECTOR ( 'NONE', #406, 1.000000000000000000 ) ;
#856 = CARTESIAN_POINT ( 'NONE',  ( 0.02086591655098299358, 0.0003499999999999999964, -0.01372389542082615502 ) ) ;
#857 = CARTESIAN_POINT ( 'NONE',  ( 0.001062852872235363344, 0.001690559999999999806, -0.006559416273656193397 ) ) ;
#858 = ORIENTED_EDGE ( 'NONE', *, *, #1523, .F. ) ;
#859 = DIRECTION ( 'NONE',  ( -1.000000000000000000, -0.000000000000000000, -0.000000000000000000 ) ) ;
#860 = CARTESIAN_POINT ( 'NONE',  ( 0.007380024444763835789, 0.0002999999999999999195, -0.003766393599310413620 ) ) ;
#861 = ORIENTED_EDGE ( 'NONE', *, *, #1365, .F. ) ;
#862 = ORIENTED_EDGE ( 'NONE', *, *, #1472, .F. ) ;
#863 = DIRECTION ( 'NONE',  ( 0.000000000000000000, 0.000000000000000000, -1.000000000000000000 ) ) ;
#864 = CARTESIAN_POINT ( 'NONE',  ( 0.01099415933008824481, 0.004299999999999998268, -0.002175653194538273993 ) ) ;
#865 = DIRECTION ( 'NONE',  ( 0.000000000000000000, -3.469446951953613418E-18, 1.000000000000000000 ) ) ;
#866 = VERTEX_POINT ( 'NONE', #1970 ) ;
#867 = CARTESIAN_POINT ( 'NONE',  ( 0.03114140839448971410, 0.0006403213429142518009, -0.008842395677957748390 ) ) ;
#868 = ORIENTED_EDGE ( 'NONE', *, *, #3788, .F. ) ;
#869 = EDGE_CURVE ( 'NONE', #239, #2781, #2793, .T. ) ;
#870 = AXIS2_PLACEMENT_3D ( 'NONE', #1892, #3329, #110 ) ;
#871 = EDGE_LOOP ( 'NONE', ( #2720, #3288, #3745, #1103 ) ) ;
#872 = PLANE ( 'NONE',  #3176 ) ;
#873 = VECTOR ( 'NONE', #576, 1.000000000000000000 ) ;
#874 = CARTESIAN_POINT ( 'NONE',  ( 0.01886591655098299181, 0.005429851651431000584, -0.008902674351234214634 ) ) ;
#875 = ADVANCED_FACE ( 'NONE', ( #83 ), #1270, .F. ) ;
#876 = DIRECTION ( 'NONE',  ( -1.816891172229024368E-16, -3.469446951953613418E-18, 1.000000000000000000 ) ) ;
#877 = ORIENTED_EDGE ( 'NONE', *, *, #902, .T. ) ;
#878 = VECTOR ( 'NONE', #3454, 1.000000000000000000 ) ;
#879 = CARTESIAN_POINT ( 'NONE',  ( 0.01984691655098299104, 0.005429851651431000584, -0.008902674351234214634 ) ) ;
#880 = CARTESIAN_POINT ( 'NONE',  ( 0.007380024444763835789, 0.0002999999999999999195, -0.005740431678123325554 ) ) ;
#881 = DIRECTION ( 'NONE',  ( 1.000000000000000000, 0.000000000000000000, 0.000000000000000000 ) ) ;
#882 = EDGE_CURVE ( 'NONE', #1711, #779, #1890, .T. ) ;
#883 = APPLICATION_CONTEXT ( 'automotive_design' ) ;
#884 = ORIENTED_EDGE ( 'NONE', *, *, #464, .F. ) ;
#885 = ORIENTED_EDGE ( 'NONE', *, *, #3662, .F. ) ;
#886 = FACE_OUTER_BOUND ( 'NONE', #2700, .T. ) ;
#887 = CARTESIAN_POINT ( 'NONE',  ( 0.005688779228269089105, 0.0002999999999999999195, -0.003766393599310413620 ) ) ;
#888 = LINE ( 'NONE', #3897, #2140 ) ;
#889 = ORIENTED_EDGE ( 'NONE', *, *, #2635, .F. ) ;
#890 = FACE_OUTER_BOUND ( 'NONE', #2448, .T. ) ;
#891 = ORIENTED_EDGE ( 'NONE', *, *, #479, .T. ) ;
#892 = EDGE_CURVE ( 'NONE', #2446, #3771, #1315, .T. ) ;
#893 = EDGE_LOOP ( 'NONE', ( #2521, #3708, #482, #2733 ) ) ;
#894 = CARTESIAN_POINT ( 'NONE',  ( 0.0006241405777339670280, 0.001690559999999999806, -0.003642581792655086304 ) ) ;
#895 = CARTESIAN_POINT ( 'NONE',  ( 0.007476534587561001546, 0.001690559999999999806, -0.007853343260645573309 ) ) ;
#896 = EDGE_CURVE ( 'NONE', #762, #1203, #1415, .T. ) ;
#897 = DIRECTION ( 'NONE',  ( 0.000000000000000000, 0.000000000000000000, -1.000000000000000000 ) ) ;
#898 = ORIENTED_EDGE ( 'NONE', *, *, #1505, .F. ) ;
#899 = CARTESIAN_POINT ( 'NONE',  ( 0.01886591655098299181, 0.001690559999999999806, -0.01144767524308821539 ) ) ;
#900 = FACE_OUTER_BOUND ( 'NONE', #893, .T. ) ;
#901 = FACE_OUTER_BOUND ( 'NONE', #3362, .T. ) ;
#902 = EDGE_CURVE ( 'NONE', #1654, #1733, #35, .T. ) ;
#903 = VERTEX_POINT ( 'NONE', #1436 ) ;
#904 = EDGE_LOOP ( 'NONE', ( #3605, #1774, #868, #2715 ) ) ;
#905 = CARTESIAN_POINT ( 'NONE',  ( 0.03114140839448971410, 0.002289999999999999935, -0.0002999999999999999737 ) ) ;
#906 = CARTESIAN_POINT ( 'NONE',  ( 0.01066677628386799095, 0.001690559999999999806, -0.006365815510203215108 ) ) ;
#907 = LINE ( 'NONE', #930, #805 ) ;
#908 = VECTOR ( 'NONE', #2155, 1.000000000000000000 ) ;
#909 = ORIENTED_EDGE ( 'NONE', *, *, #3603, .T. ) ;
#910 = LINE ( 'NONE', #2998, #1317 ) ;
#911 = ORIENTED_EDGE ( 'NONE', *, *, #582, .T. ) ;
#912 = ORIENTED_EDGE ( 'NONE', *, *, #2001, .F. ) ;
#913 = PLANE ( 'NONE',  #3425 ) ;
#914 = DIRECTION ( 'NONE',  ( -0.000000000000000000, -1.000000000000000000, -0.000000000000000000 ) ) ;
#915 = VECTOR ( 'NONE', #1726, 1.000000000000000000 ) ;
#916 = ORIENTED_EDGE ( 'NONE', *, *, #3482, .F. ) ;
#917 = VERTEX_POINT ( 'NONE', #1146 ) ;
#918 = CARTESIAN_POINT ( 'NONE',  ( 0.01886591655098299181, 0.002289999999999999935, -0.01407389542082615463 ) ) ;
#919 = VECTOR ( 'NONE', #3143, 1.000000000000000000 ) ;
#920 = CARTESIAN_POINT ( 'NONE',  ( 0.01344424140157897581, 0.0003499999999999996170, 5.204170427930421283E-18 ) ) ;
#921 = EDGE_CURVE ( 'NONE', #1810, #3513, #1730, .T. ) ;
#922 = DIRECTION ( 'NONE',  ( 1.000000000000000000, 0.000000000000000000, -0.000000000000000000 ) ) ;
#923 = VECTOR ( 'NONE', #720, 1.000000000000000000 ) ;
#924 = ORIENTED_EDGE ( 'NONE', *, *, #744, .T. ) ;
#925 = VERTEX_POINT ( 'NONE', #2025 ) ;
#926 = PLANE ( 'NONE',  #2120 ) ;
#927 = EDGE_CURVE ( 'NONE', #3577, #2388, #227, .T. ) ;
#928 = LINE ( 'NONE', #2137, #3794 ) ;
#929 = EDGE_CURVE ( 'NONE', #3331, #585, #2633, .T. ) ;
#930 = CARTESIAN_POINT ( 'NONE',  ( 0.001062852872235363344, 0.0002999999999999999195, -0.006559416273656193397 ) ) ;
#931 = ORIENTED_EDGE ( 'NONE', *, *, #3065, .F. ) ;
#932 = LINE ( 'NONE', #295, #3506 ) ;
#933 = ORIENTED_EDGE ( 'NONE', *, *, #956, .T. ) ;
#934 = ORIENTED_EDGE ( 'NONE', *, *, #2869, .T. ) ;
#935 = VECTOR ( 'NONE', #1519, 1.000000000000000000 ) ;
#936 = DIRECTION ( 'NONE',  ( 0.000000000000000000, 3.469446951953613418E-18, -1.000000000000000000 ) ) ;
#937 = ORIENTED_EDGE ( 'NONE', *, *, #1433, .T. ) ;
#938 = VECTOR ( 'NONE', #2347, 1.000000000000000000 ) ;
#939 = ORIENTED_EDGE ( 'NONE', *, *, #3604, .F. ) ;
#940 = CARTESIAN_POINT ( 'NONE',  ( 0.01886591655098299528, 0.0002553099019848896153, -0.01407389542082615637 ) ) ;
#941 = CARTESIAN_POINT ( 'NONE',  ( 0.01249999999999999896, -0.01159174901508180922, 0.01102791746832727793 ) ) ;
#942 = AXIS2_PLACEMENT_3D ( 'NONE', #1030, #695, #1904 ) ;
#943 = DIRECTION ( 'NONE',  ( 0.000000000000000000, 1.000000000000000000, 0.000000000000000000 ) ) ;
#944 = AXIS2_PLACEMENT_3D ( 'NONE', #3692, #1019, #724 ) ;
#945 = ORIENTED_EDGE ( 'NONE', *, *, #69, .F. ) ;
#946 = ORIENTED_EDGE ( 'NONE', *, *, #2078, .T. ) ;
#947 = CARTESIAN_POINT ( 'NONE',  ( 0.005813831172303636843, 0.0002999999999999999195, -0.007853343260645573309 ) ) ;
#948 = CARTESIAN_POINT ( 'NONE',  ( 0.01250000000000000069, 0.0002999999999999999195, -0.0006639159790157553483 ) ) ;
#949 = PRODUCT_CONTEXT ( 'NONE', #402, 'mechanical' ) ;
#950 = ADVANCED_FACE ( 'NONE', ( #499 ), #2911, .F. ) ;
#951 = ORIENTED_EDGE ( 'NONE', *, *, #2164, .T. ) ;
#952 = AXIS2_PLACEMENT_3D ( 'NONE', #1885, #1597, #2791 ) ;
#953 = CARTESIAN_POINT ( 'NONE',  ( 0.01250000000000000069, 0.0006403213429142518009, -0.01144767524308821539 ) ) ;
#954 = ORIENTED_EDGE ( 'NONE', *, *, #3737, .F. ) ;
#955 = EDGE_LOOP ( 'NONE', ( #2011, #3099, #2097, #1849 ) ) ;
#956 = EDGE_CURVE ( 'NONE', #1711, #2711, #248, .T. ) ;
#957 = LINE ( 'NONE', #574, #662 ) ;
#958 = EDGE_LOOP ( 'NONE', ( #3438, #688, #2245, #1844 ) ) ;
#959 = DIRECTION ( 'NONE',  ( -0.000000000000000000, -1.000000000000000000, -0.000000000000000000 ) ) ;
#960 = CARTESIAN_POINT ( 'NONE',  ( 0.001062852872235363344, 0.001690559999999999806, -0.006365815510203215108 ) ) ;
#961 = DIRECTION ( 'NONE',  ( -0.000000000000000000, -1.000000000000000000, -0.000000000000000000 ) ) ;
#962 = ORIENTED_EDGE ( 'NONE', *, *, #1451, .T. ) ;
#963 = CARTESIAN_POINT ( 'NONE',  ( 0.0006189165509829907402, 0.0003135449505986473429, -0.01146000000000000144 ) ) ;
#964 = DIRECTION ( 'NONE',  ( -0.000000000000000000, -0.000000000000000000, 1.000000000000000000 ) ) ;
#965 = ADVANCED_FACE ( 'NONE', ( #3812 ), #3062, .T. ) ;
#966 = ORIENTED_EDGE ( 'NONE', *, *, #3630, .F. ) ;
#967 = FACE_OUTER_BOUND ( 'NONE', #2232, .T. ) ;
#968 = EDGE_LOOP ( 'NONE', ( #2278, #3892, #663, #1716 ) ) ;
#969 = EDGE_CURVE ( 'NONE', #1831, #2159, #3474, .T. ) ;
#970 = VERTEX_POINT ( 'NONE', #3492 ) ;
#971 = DIRECTION ( 'NONE',  ( -1.816891172229024122E-16, 0.000000000000000000, 1.000000000000000000 ) ) ;
#972 = ORIENTED_EDGE ( 'NONE', *, *, #244, .F. ) ;
#973 = DIRECTION ( 'NONE',  ( 0.000000000000000000, -1.000000000000000000, 0.000000000000000000 ) ) ;
#974 = DIRECTION ( 'NONE',  ( 0.000000000000000000, 0.000000000000000000, -1.000000000000000000 ) ) ;
#975 = DIRECTION ( 'NONE',  ( 1.000000000000000000, 0.000000000000000000, 0.000000000000000000 ) ) ;
#976 = CIRCLE ( 'NONE', #787, 0.01106826795450370493 ) ;
#977 = EDGE_LOOP ( 'NONE', ( #2451, #3039, #3624, #703 ) ) ;
#978 = CARTESIAN_POINT ( 'NONE',  ( 0.01066677628386799095, 0.001690559999999999806, -0.006365815510203215108 ) ) ;
#979 = DIRECTION ( 'NONE',  ( 0.000000000000000000, 0.000000000000000000, -1.000000000000000000 ) ) ;
#980 = CIRCLE ( 'NONE', #1993, 0.0003499999999999999422 ) ;
#981 = AXIS2_PLACEMENT_3D ( 'NONE', #978, #1621, #680 ) ;
#982 = DIRECTION ( 'NONE',  ( -1.000000000000000000, 0.000000000000000000, 0.000000000000000000 ) ) ;
#983 = ORIENTED_EDGE ( 'NONE', *, *, #745, .T. ) ;
#984 = ADVANCED_FACE ( 'NONE', ( #483 ), #796, .F. ) ;
#985 = AXIS2_PLACEMENT_3D ( 'NONE', #2735, #3869, #24 ) ;
#986 = ORIENTED_EDGE ( 'NONE', *, *, #2656, .F. ) ;
#987 = FACE_OUTER_BOUND ( 'NONE', #1765, .T. ) ;
#988 = EDGE_CURVE ( 'NONE', #124, #1802, #3772, .T. ) ;
#989 = ORIENTED_EDGE ( 'NONE', *, *, #1868, .F. ) ;
#990 = CARTESIAN_POINT ( 'NONE',  ( 0.01230059023991324912, 0.004299999999999998268, -0.002299908472888967381 ) ) ;
#991 = ADVANCED_FACE ( 'NONE', ( #1750 ), #1677, .T. ) ;
#992 = ORIENTED_EDGE ( 'NONE', *, *, #132, .T. ) ;
#993 = DIRECTION ( 'NONE',  ( 1.000000000000000000, 0.000000000000000000, 0.000000000000000000 ) ) ;
#994 = CARTESIAN_POINT ( 'NONE',  ( 0.01208551635339049496, 0.0002999999999999999195, -0.01002620511618236392 ) ) ;
#995 = CARTESIAN_POINT ( 'NONE',  ( 0.01250000000000000069, 0.0006500000000000012712, -0.01136357386385252084 ) ) ;
#996 = AXIS2_PLACEMENT_3D ( 'NONE', #733, #3668, #144 ) ;
#997 = ORIENTED_EDGE ( 'NONE', *, *, #1163, .F. ) ;
#998 = LINE ( 'NONE', #1034, #2430 ) ;
#999 = LINE ( 'NONE', #3166, #2419 ) ;
#1000 = VERTEX_POINT ( 'NONE', #817 ) ;
#1001 = CARTESIAN_POINT ( 'NONE',  ( 0.001062852872235363344, 0.0002999999999999999195, -0.008946355434476416235 ) ) ;
#1002 = VERTEX_POINT ( 'NONE', #2006 ) ;
#1003 = LINE ( 'NONE', #705, #352 ) ;
#1004 = ORIENTED_EDGE ( 'NONE', *, *, #3023, .F. ) ;
#1005 = ORIENTED_EDGE ( 'NONE', *, *, #3272, .T. ) ;
#1006 = DIRECTION ( 'NONE',  ( -0.000000000000000000, -0.000000000000000000, 1.000000000000000000 ) ) ;
#1007 = ADVANCED_FACE ( 'NONE', ( #1712 ), #3237, .F. ) ;
#1008 = ORIENTED_EDGE ( 'NONE', *, *, #2116, .F. ) ;
#1009 = ORIENTED_EDGE ( 'NONE', *, *, #3626, .F. ) ;
#1010 = CARTESIAN_POINT ( 'NONE',  ( 0.01250000000000000069, 0.002289999999999999935, -8.673617379884035472E-19 ) ) ;
#1011 = CARTESIAN_POINT ( 'NONE',  ( 0.009437436128616104314, 0.004299999999999998268, -0.003129242418765665334 ) ) ;
#1012 = CARTESIAN_POINT ( 'NONE',  ( 0.002484595167507867852, 0.0002999999999999999195, -0.003642581792655086304 ) ) ;
#1013 = EDGE_CURVE ( 'NONE', #466, #2147, #173, .T. ) ;
#1014 = CARTESIAN_POINT ( 'NONE',  ( 0.01886591655098299181, 0.002289999999999993430, -0.01294667524308821226 ) ) ;
#1015 = ORIENTED_EDGE ( 'NONE', *, *, #261, .T. ) ;
#1016 = CARTESIAN_POINT ( 'NONE',  ( 0.007476534587561001546, 0.001690559999999999806, -0.006365815510203215108 ) ) ;
#1017 = FACE_BOUND ( 'NONE', #2217, .T. ) ;
#1018 = EDGE_LOOP ( 'NONE', ( #1613, #1676, #175, #1918, #679, #1151, #1729, #105 ) ) ;
#1019 = DIRECTION ( 'NONE',  ( 0.000000000000000000, 0.000000000000000000, -1.000000000000000000 ) ) ;
#1020 = ORIENTED_EDGE ( 'NONE', *, *, #3394, .F. ) ;
#1021 = CARTESIAN_POINT ( 'NONE',  ( 0.01886529081886899328, 0.005079851651431001834, 0.001973544934649726357 ) ) ;
#1022 = VECTOR ( 'NONE', #378, 1.000000000000000222 ) ;
#1023 = ORIENTED_EDGE ( 'NONE', *, *, #3172, .T. ) ;
#1024 = CARTESIAN_POINT ( 'NONE',  ( 0.009471191688981348000, 0.001690559999999999806, -0.006365815510203215108 ) ) ;
#1025 = AXIS2_PLACEMENT_3D ( 'NONE', #1584, #12, #1855 ) ;
#1026 = VERTEX_POINT ( 'NONE', #1986 ) ;
#1027 = ORIENTED_EDGE ( 'NONE', *, *, #1335, .F. ) ;
#1028 = CARTESIAN_POINT ( 'NONE',  ( 0.01886529081886899328, 0.003458877789337459503, -0.01053743107478936729 ) ) ;
#1029 = DIRECTION ( 'NONE',  ( -0.000000000000000000, -1.000000000000000000, -0.000000000000000000 ) ) ;
#1030 = CARTESIAN_POINT ( 'NONE',  ( 0.01583553146609222723, -0.0004465878110779692442, -0.01081508456423202306 ) ) ;
#1031 = CARTESIAN_POINT ( 'NONE',  ( 0.03114140839448971410, 0.0003500000000000000507, -1.325662044960444230E-19 ) ) ;
#1032 = ORIENTED_EDGE ( 'NONE', *, *, #1982, .T. ) ;
#1033 = ADVANCED_FACE ( 'NONE', ( #3183 ), #1695, .T. ) ;
#1034 = CARTESIAN_POINT ( 'NONE',  ( 0.000000000000000000, -0.01661751163414174060, -0.01171357386385252219 ) ) ;
#1035 = FACE_BOUND ( 'NONE', #2661, .T. ) ;
#1036 = VECTOR ( 'NONE', #3784, 1.000000000000000000 ) ;
#1037 = VECTOR ( 'NONE', #39, 1.000000000000000000 ) ;
#1038 = ORIENTED_EDGE ( 'NONE', *, *, #118, .T. ) ;
#1039 = LINE ( 'NONE', #3515, #1571 ) ;
#1040 = DIRECTION ( 'NONE',  ( 0.000000000000000000, 0.000000000000000000, -1.000000000000000000 ) ) ;
#1041 = EDGE_CURVE ( 'NONE', #3107, #2940, #621, .T. ) ;
#1042 = DIRECTION ( 'NONE',  ( 0.000000000000000000, 3.469446951953613418E-18, -1.000000000000000000 ) ) ;
#1043 = ORIENTED_EDGE ( 'NONE', *, *, #3504, .F. ) ;
#1044 = VECTOR ( 'NONE', #3627, 1.000000000000000000 ) ;
#1045 = CARTESIAN_POINT ( 'NONE',  ( 0.01886591655098299181, 0.003429851651431000542, -0.0006526752430882133173 ) ) ;
#1046 = VERTEX_POINT ( 'NONE', #3030 ) ;
#1047 = ORIENTED_EDGE ( 'NONE', *, *, #2652, .F. ) ;
#1048 = CARTESIAN_POINT ( 'NONE',  ( 0.01886529081886899328, 0.005079851651431001834, 0.001973544934649726357 ) ) ;
#1049 = LINE ( 'NONE', #3723, #2946 ) ;
#1050 = CARTESIAN_POINT ( 'NONE',  ( 0.01344424140157891162, 0.002289999999999999935, 0.000000000000000000 ) ) ;
#1051 = DIRECTION ( 'NONE',  ( -0.000000000000000000, -1.000000000000000000, -0.000000000000000000 ) ) ;
#1052 = VERTEX_POINT ( 'NONE', #3280 ) ;
#1053 = LINE ( 'NONE', #2854, #1427 ) ;
#1054 = LINE ( 'NONE', #1971, #3730 ) ;
#1055 = VECTOR ( 'NONE', #1834, 1.000000000000000000 ) ;
#1056 = ADVANCED_FACE ( 'NONE', ( #3607 ), #3046, .F. ) ;
#1057 = ORIENTED_EDGE ( 'NONE', *, *, #2300, .T. ) ;
#1058 = CARTESIAN_POINT ( 'NONE',  ( 0.000000000000000000, 0.002289999999999999935, -0.01171357386385252219 ) ) ;
#1059 = DIRECTION ( 'NONE',  ( 1.000000000000000000, -0.000000000000000000, -0.000000000000000000 ) ) ;
#1060 = EDGE_CURVE ( 'NONE', #397, #3756, #283, .T. ) ;
#1061 = CARTESIAN_POINT ( 'NONE',  ( 0.01066677628386799095, 0.001690559999999999806, -0.003642581792655086304 ) ) ;
#1062 = STYLED_ITEM ( 'NONE', ( #2175 ), #320 ) ;
#1063 = VECTOR ( 'NONE', #2185, 1.000000000000000000 ) ;
#1064 = DIRECTION ( 'NONE',  ( -1.000000000000000000, -0.000000000000000000, -0.000000000000000000 ) ) ;
#1065 = CARTESIAN_POINT ( 'NONE',  ( 0.01250000000000000069, 0.0002999999999999999195, -0.003129242418765665334 ) ) ;
#1066 = ORIENTED_EDGE ( 'NONE', *, *, #1720, .F. ) ;
#1067 = DIRECTION ( 'NONE',  ( -1.000000000000000000, -0.000000000000000000, -0.000000000000000000 ) ) ;
#1068 = CARTESIAN_POINT ( 'NONE',  ( 0.008266176305633490817, 0.004253104718145898390, -0.01054599662863793530 ) ) ;
#1069 = CARTESIAN_POINT ( 'NONE',  ( 0.01250000000000000069, 0.0006403213429142518009, -0.008842395677957748390 ) ) ;
#1070 = PLANE ( 'NONE',  #1244 ) ;
#1071 = ORIENTED_EDGE ( 'NONE', *, *, #1254, .F. ) ;
#1072 = DIRECTION ( 'NONE',  ( -0.000000000000000000, -0.000000000000000000, 1.000000000000000000 ) ) ;
#1073 = CARTESIAN_POINT ( 'NONE',  ( 0.004523784715013114133, 0.0002999999999999999195, -0.003642581792655086304 ) ) ;
#1074 = VERTEX_POINT ( 'NONE', #1530 ) ;
#1075 = CARTESIAN_POINT ( 'NONE',  ( 0.01230059023991324912, 0.0002999999999999999195, -0.002299908472888967381 ) ) ;
#1076 = DIRECTION ( 'NONE',  ( 0.000000000000000000, 0.000000000000000000, 1.000000000000000000 ) ) ;
#1077 = CARTESIAN_POINT ( 'NONE',  ( 0.008265290818868993236, 0.004790000000000000854, 0.0009876860322002023462 ) ) ;
#1078 = CARTESIAN_POINT ( 'NONE',  ( 0.005831435004923647691, 0.0002999999999999999195, -0.006480299519805665653 ) ) ;
#1079 = LINE ( 'NONE', #2903, #54 ) ;
#1080 = VECTOR ( 'NONE', #3528, 1.000000000000000000 ) ;
#1081 = ADVANCED_FACE ( 'NONE', ( #2965 ), #1512, .F. ) ;
#1082 = ORIENTED_EDGE ( 'NONE', *, *, #1609, .T. ) ;
#1083 = LINE ( 'NONE', #1048, #661 ) ;
#1084 = EDGE_CURVE ( 'NONE', #2388, #3697, #1226, .T. ) ;
#1085 = DIRECTION ( 'NONE',  ( -1.000000000000000000, 0.000000000000000000, -0.000000000000000000 ) ) ;
#1086 = PLANE ( 'NONE',  #52 ) ;
#1087 = EDGE_CURVE ( 'NONE', #3526, #3010, #1169, .T. ) ;
#1088 = DIRECTION ( 'NONE',  ( 0.000000000000000000, -1.000000000000000000, 0.000000000000000000 ) ) ;
#1089 = VERTEX_POINT ( 'NONE', #918 ) ;
#1090 = CARTESIAN_POINT ( 'NONE',  ( 0.0006189165509829907402, 0.0006500000000000012712, -0.01136357386385252258 ) ) ;
#1091 = CARTESIAN_POINT ( 'NONE',  ( 0.01897569458271909995, 0.000000000000000000, 0.001623544934649727824 ) ) ;
#1092 = VERTEX_POINT ( 'NONE', #3648 ) ;
#1093 = CARTESIAN_POINT ( 'NONE',  ( 0.02086591655098299358, 0.005429851651431000584, -0.01409084671280311230 ) ) ;
#1094 = DIRECTION ( 'NONE',  ( -1.000000000000000000, 0.000000000000000000, 0.000000000000000000 ) ) ;
#1095 = DIRECTION ( 'NONE',  ( -0.000000000000000000, -1.000000000000000000, -0.000000000000000000 ) ) ;
#1096 = VECTOR ( 'NONE', #2992, 1.000000000000000000 ) ;
#1097 = CARTESIAN_POINT ( 'NONE',  ( 0.01208551635339049496, 0.001690559999999999806, -0.01124807004616662671 ) ) ;
#1098 = VECTOR ( 'NONE', #3495, 1.000000000000000000 ) ;
#1099 = CARTESIAN_POINT ( 'NONE',  ( 0.008266176305633490817, 0.004253104718145898390, -0.01054599662863793530 ) ) ;
#1100 = VECTOR ( 'NONE', #122, 1.000000000000000000 ) ;
#1101 = VECTOR ( 'NONE', #1907, 1.000000000000000000 ) ;
#1102 = EDGE_CURVE ( 'NONE', #3481, #2485, #3005, .T. ) ;
#1103 = ORIENTED_EDGE ( 'NONE', *, *, #2713, .F. ) ;
#1104 = DIRECTION ( 'NONE',  ( 0.000000000000000000, 0.000000000000000000, -1.000000000000000000 ) ) ;
#1105 = DIRECTION ( 'NONE',  ( 0.000000000000000000, 0.000000000000000000, -1.000000000000000000 ) ) ;
#1106 = CARTESIAN_POINT ( 'NONE',  ( 0.005831435004923647691, 0.004299999999999998268, -0.006480299519805665653 ) ) ;
#1107 = EDGE_CURVE ( 'NONE', #569, #3044, #1833, .T. ) ;
#1108 = CARTESIAN_POINT ( 'NONE',  ( 0.01066677628386799095, 0.001690559999999999806, -0.006365815510203215108 ) ) ;
#1109 = VERTEX_POINT ( 'NONE', #1208 ) ;
#1110 = DIRECTION ( 'NONE',  ( -0.000000000000000000, 1.000000000000000000, -0.000000000000000000 ) ) ;
#1111 = CARTESIAN_POINT ( 'NONE',  ( 0.01250000000000000069, 0.001690559999999999806, -0.0006526752430882135341 ) ) ;
#1112 = ORIENTED_EDGE ( 'NONE', *, *, #2685, .F. ) ;
#1113 = DIRECTION ( 'NONE',  ( 0.000000000000000000, -0.000000000000000000, -1.000000000000000000 ) ) ;
#1114 = FACE_OUTER_BOUND ( 'NONE', #3888, .T. ) ;
#1115 = VECTOR ( 'NONE', #452, 1.000000000000000000 ) ;
#1116 = FACE_OUTER_BOUND ( 'NONE', #2364, .T. ) ;
#1117 = CARTESIAN_POINT ( 'NONE',  ( 0.009437436128616104314, 0.0002999999999999999195, -0.008842395677957748390 ) ) ;
#1118 = CARTESIAN_POINT ( 'NONE',  ( 0.01011191351183229892, 0.004299999999999998268, -0.01002620511618236392 ) ) ;
#1119 = VERTEX_POINT ( 'NONE', #1247 ) ;
#1120 = VECTOR ( 'NONE', #15, 1.000000000000000000 ) ;
#1121 = VERTEX_POINT ( 'NONE', #2379 ) ;
#1122 = LINE ( 'NONE', #2038, #3238 ) ;
#1123 = CARTESIAN_POINT ( 'NONE',  ( 0.005282099801380564508, 0.001690559999999999806, -0.004444143617096329990 ) ) ;
#1124 = ADVANCED_FACE ( 'NONE', ( #1789 ), #265, .F. ) ;
#1125 = DIRECTION ( 'NONE',  ( -0.000000000000000000, 1.000000000000000000, 3.469446951953613418E-18 ) ) ;
#1126 = EDGE_CURVE ( 'NONE', #713, #3423, #303, .T. ) ;
#1127 = VECTOR ( 'NONE', #3505, 1.000000000000000000 ) ;
#1128 = CARTESIAN_POINT ( 'NONE',  ( 0.03114140839448971410, 0.0006403213429142518009, -0.003129242418765665334 ) ) ;
#1129 = ORIENTED_EDGE ( 'NONE', *, *, #1881, .F. ) ;
#1130 = CARTESIAN_POINT ( 'NONE',  ( 0.01249999999999999896, 0.0003499999999999996170, -0.02312826795450370621 ) ) ;
#1131 = EDGE_CURVE ( 'NONE', #1788, #3756, #1786, .T. ) ;
#1132 = DIRECTION ( 'NONE',  ( -0.000000000000000000, -1.000000000000000000, -0.000000000000000000 ) ) ;
#1133 = EDGE_LOOP ( 'NONE', ( #755, #2186, #912, #1805 ) ) ;
#1134 = CARTESIAN_POINT ( 'NONE',  ( 0.008617972442110481690, 0.0002999999999999999195, -0.0008255689565281887354 ) ) ;
#1135 = CARTESIAN_POINT ( 'NONE',  ( 0.01099415933008824481, 0.004299999999999998268, -0.0008255689565281887354 ) ) ;
#1136 = LINE ( 'NONE', #3208, #1353 ) ;
#1137 = CARTESIAN_POINT ( 'NONE',  ( 0.008617972442110481690, 0.0002999999999999999195, -0.0008255689565281887354 ) ) ;
#1138 = CARTESIAN_POINT ( 'NONE',  ( 0.01250000000000000069, 0.0003500000000000000507, -1.325662044960443268E-19 ) ) ;
#1139 = ORIENTED_EDGE ( 'NONE', *, *, #2249, .T. ) ;
#1140 = VERTEX_POINT ( 'NONE', #3341 ) ;
#1141 = CARTESIAN_POINT ( 'NONE',  ( 0.01250000000000000069, 0.000000000000000000, -0.0003500000000000001049 ) ) ;
#1142 = CARTESIAN_POINT ( 'NONE',  ( 0.009437436128616104314, 0.004299999999999998268, -0.008842395677957748390 ) ) ;
#1143 = FACE_OUTER_BOUND ( 'NONE', #3521, .T. ) ;
#1144 = DIRECTION ( 'NONE',  ( 0.000000000000000000, 0.000000000000000000, -1.000000000000000000 ) ) ;
#1145 = ORIENTED_EDGE ( 'NONE', *, *, #2605, .T. ) ;
#1146 = CARTESIAN_POINT ( 'NONE',  ( 0.01946617609041714422, 0.004253113685493679387, -0.01054380100441982063 ) ) ;
#1147 = CARTESIAN_POINT ( 'NONE',  ( 0.000000000000000000, -0.01661751163414174060, -0.006365815510203215108 ) ) ;
#1148 = EDGE_CURVE ( 'NONE', #1074, #1976, #2416, .T. ) ;
#1149 = ADVANCED_FACE ( 'NONE', ( #641 ), #2399, .T. ) ;
#1150 = ORIENTED_EDGE ( 'NONE', *, *, #1230, .T. ) ;
#1151 = ORIENTED_EDGE ( 'NONE', *, *, #3205, .T. ) ;
#1152 = LINE ( 'NONE', #2346, #284 ) ;
#1153 = DIRECTION ( 'NONE',  ( 1.000000000000000000, 0.000000000000000000, -0.000000000000000000 ) ) ;
#1154 = CARTESIAN_POINT ( 'NONE',  ( 0.005688779228269089105, 0.001690559999999999806, -0.005740431678123325554 ) ) ;
#1155 = EDGE_CURVE ( 'NONE', #1781, #2090, #1771, .T. ) ;
#1156 = ORIENTED_EDGE ( 'NONE', *, *, #849, .T. ) ;
#1157 = ADVANCED_FACE ( 'NONE', ( #3297 ), #600, .F. ) ;
#1158 = CARTESIAN_POINT ( 'NONE',  ( 0.008102269004763809623, 0.0002999999999999999195, -0.003642581792655086304 ) ) ;
#1159 = ORIENTED_EDGE ( 'NONE', *, *, #1126, .F. ) ;
#1160 = VECTOR ( 'NONE', #811, 1.000000000000000222 ) ;
#1161 = VECTOR ( 'NONE', #2260, 1.000000000000000000 ) ;
#1162 = ORIENTED_EDGE ( 'NONE', *, *, #1649, .T. ) ;
#1163 = EDGE_CURVE ( 'NONE', #410, #70, #3067, .T. ) ;
#1164 = CARTESIAN_POINT ( 'NONE',  ( 0.01250000000000000069, 0.002289999999999999935, -8.673617379884035472E-19 ) ) ;
#1165 = AXIS2_PLACEMENT_3D ( 'NONE', #1077, #3152, #1301 ) ;
#1166 = CARTESIAN_POINT ( 'NONE',  ( 0.01886591655098299181, 0.0006403213429142518009, -0.01144767524308821539 ) ) ;
#1167 = CARTESIAN_POINT ( 'NONE',  ( 0.01886591655098299181, 0.003429851651431000542, 0.001973544934649726357 ) ) ;
#1168 = EDGE_LOOP ( 'NONE', ( #1465, #2765, #3830, #3020 ) ) ;
#1169 = LINE ( 'NONE', #899, #3126 ) ;
#1170 = CARTESIAN_POINT ( 'NONE',  ( 0.0006241405777339670280, 0.0002999999999999999195, -0.001887931587602142969 ) ) ;
#1171 = CARTESIAN_POINT ( 'NONE',  ( 0.005688779228269089105, 0.0002999999999999999195, -0.004674734197948504644 ) ) ;
#1172 = ORIENTED_EDGE ( 'NONE', *, *, #2300, .F. ) ;
#1173 = ORIENTED_EDGE ( 'NONE', *, *, #3861, .F. ) ;
#1174 = DIRECTION ( 'NONE',  ( -1.000000000000000000, -0.000000000000000000, -0.000000000000000000 ) ) ;
#1175 = LINE ( 'NONE', #2386, #2171 ) ;
#1176 = EDGE_CURVE ( 'NONE', #1947, #1092, #3429, .T. ) ;
#1177 = EDGE_CURVE ( 'NONE', #2425, #3028, #401, .T. ) ;
#1178 = CARTESIAN_POINT ( 'NONE',  ( 0.01886529081886899328, 0.003429851651431000542, -0.002552674311657847969 ) ) ;
#1179 = EDGE_LOOP ( 'NONE', ( #3449, #648, #2970, #1793 ) ) ;
#1180 = DIRECTION ( 'NONE',  ( -0.000000000000000000, -0.000000000000000000, 1.000000000000000000 ) ) ;
#1181 = ORIENTED_EDGE ( 'NONE', *, *, #2515, .T. ) ;
#1182 = ADVANCED_FACE ( 'NONE', ( #732 ), #1943, .F. ) ;
#1183 = CIRCLE ( 'NONE', #870, 0.01141826795450370455 ) ;
#1184 = EDGE_LOOP ( 'NONE', ( #800, #1592, #2079, #2420, #2043, #4, #1670 ) ) ;
#1185 = CARTESIAN_POINT ( 'NONE',  ( 0.01886591655098299181, 0.000000000000000000, 0.000000000000000000 ) ) ;
#1186 = VECTOR ( 'NONE', #1051, 1.000000000000000000 ) ;
#1187 = CARTESIAN_POINT ( 'NONE',  ( 0.03114140839448971410, 0.002289999999999999935, -0.0002999999999999999737 ) ) ;
#1188 = CARTESIAN_POINT ( 'NONE',  ( 0.003791532590698178107, 0.0002999999999999999195, -0.01122197249498291249 ) ) ;
#1189 = ORIENTED_EDGE ( 'NONE', *, *, #51, .F. ) ;
#1190 = CARTESIAN_POINT ( 'NONE',  ( 0.0006189165509829907402, -0.01661751163414174060, -0.006365815510203215108 ) ) ;
#1191 = DIRECTION ( 'NONE',  ( -1.000000000000000000, 0.000000000000000000, -0.000000000000000000 ) ) ;
#1192 = DIRECTION ( 'NONE',  ( -0.000000000000000000, 1.000000000000000000, -0.000000000000000000 ) ) ;
#1193 = ORIENTED_EDGE ( 'NONE', *, *, #3877, .T. ) ;
#1194 = ORIENTED_EDGE ( 'NONE', *, *, #2732, .T. ) ;
#1195 = LINE ( 'NONE', #3635, #3054 ) ;
#1196 = DIRECTION ( 'NONE',  ( 1.000000000000000000, -0.000000000000000000, 0.000000000000000000 ) ) ;
#1197 = FACE_OUTER_BOUND ( 'NONE', #2699, .T. ) ;
#1198 = ORIENTED_EDGE ( 'NONE', *, *, #509, .T. ) ;
#1199 = DIRECTION ( 'NONE',  ( 0.000000000000000000, 1.000000000000000000, -0.000000000000000000 ) ) ;
#1200 = ORIENTED_EDGE ( 'NONE', *, *, #2710, .T. ) ;
#1201 = AXIS2_PLACEMENT_3D ( 'NONE', #2150, #2168, #1870 ) ;
#1202 = EDGE_CURVE ( 'NONE', #3467, #1089, #3684, .T. ) ;
#1203 = VERTEX_POINT ( 'NONE', #1286 ) ;
#1204 = CARTESIAN_POINT ( 'NONE',  ( 0.0006040828504758188194, 0.0002999999999999999195, -0.006559416273656193397 ) ) ;
#1205 = CARTESIAN_POINT ( 'NONE',  ( 0.01886529081886899328, 0.005079851651431001834, 0.001623544934649726306 ) ) ;
#1206 = ORIENTED_EDGE ( 'NONE', *, *, #3705, .F. ) ;
#1207 = EDGE_LOOP ( 'NONE', ( #2403, #1529, #3675, #1264, #3764, #986 ) ) ;
#1208 = CARTESIAN_POINT ( 'NONE',  ( 0.02086591655098299358, 0.005429851651431000584, -0.002552674351235214092 ) ) ;
#1209 = EDGE_CURVE ( 'NONE', #3660, #3663, #442, .T. ) ;
#1210 = CARTESIAN_POINT ( 'NONE',  ( 0.002856818845405680041, 0.004299999999999998268, -0.001338141805341974688 ) ) ;
#1211 = LINE ( 'NONE', #345, #396 ) ;
#1212 = ORIENTED_EDGE ( 'NONE', *, *, #1886, .F. ) ;
#1213 = ORIENTED_EDGE ( 'NONE', *, *, #2629, .F. ) ;
#1214 = CARTESIAN_POINT ( 'NONE',  ( 0.03114140839448971410, 0.002289999999999999935, -0.004444143617096329990 ) ) ;
#1215 = LINE ( 'NONE', #49, #17 ) ;
#1216 = DIRECTION ( 'NONE',  ( 1.000000000000000000, -0.000000000000000000, -0.000000000000000000 ) ) ;
#1217 = VECTOR ( 'NONE', #2534, 1.000000000000000000 ) ;
#1218 = ORIENTED_EDGE ( 'NONE', *, *, #2480, .F. ) ;
#1219 = FACE_OUTER_BOUND ( 'NONE', #577, .T. ) ;
#1220 = ORIENTED_EDGE ( 'NONE', *, *, #1060, .T. ) ;
#1221 = VERTEX_POINT ( 'NONE', #1867 ) ;
#1222 = DIRECTION ( 'NONE',  ( 0.000000000000000000, 0.000000000000000000, 1.000000000000000000 ) ) ;
#1223 = VECTOR ( 'NONE', #461, 1.000000000000000000 ) ;
#1224 = ORIENTED_EDGE ( 'NONE', *, *, #1609, .F. ) ;
#1225 = ORIENTED_EDGE ( 'NONE', *, *, #1911, .F. ) ;
#1226 = LINE ( 'NONE', #41, #2688 ) ;
#1227 = VECTOR ( 'NONE', #3889, 1.000000000000000000 ) ;
#1228 = CARTESIAN_POINT ( 'NONE',  ( 0.01886529081886899328, 0.005429851651431000584, -0.01409084671280311230 ) ) ;
#1229 = PLANE ( 'NONE',  #376 ) ;
#1230 = EDGE_CURVE ( 'NONE', #1900, #46, #2830, .T. ) ;
#1231 = VECTOR ( 'NONE', #2340, 1.000000000000000000 ) ;
#1232 = VERTEX_POINT ( 'NONE', #380 ) ;
#1233 = VERTEX_POINT ( 'NONE', #1923 ) ;
#1234 = DIRECTION ( 'NONE',  ( 1.000000000000000000, 0.000000000000000000, -0.000000000000000000 ) ) ;
#1235 = LINE ( 'NONE', #2405, #3726 ) ;
#1236 = DIRECTION ( 'NONE',  ( 1.000000000000000000, -0.000000000000000000, 0.000000000000000000 ) ) ;
#1237 = EDGE_CURVE ( 'NONE', #1140, #1388, #2931, .T. ) ;
#1238 = EDGE_LOOP ( 'NONE', ( #333, #3642, #2979, #2112 ) ) ;
#1239 = DIRECTION ( 'NONE',  ( -0.000000000000000000, -1.000000000000000000, -0.000000000000000000 ) ) ;
#1240 = ORIENTED_EDGE ( 'NONE', *, *, #2394, .F. ) ;
#1241 = ORIENTED_EDGE ( 'NONE', *, *, #552, .T. ) ;
#1242 = VECTOR ( 'NONE', #3799, 1.000000000000000000 ) ;
#1243 = DIRECTION ( 'NONE',  ( 1.000000000000000000, 0.000000000000000000, 0.000000000000000000 ) ) ;
#1244 = AXIS2_PLACEMENT_3D ( 'NONE', #2835, #794, #3163 ) ;
#1245 = ORIENTED_EDGE ( 'NONE', *, *, #1478, .F. ) ;
#1246 = EDGE_CURVE ( 'NONE', #2358, #3045, #2789, .T. ) ;
#1247 = CARTESIAN_POINT ( 'NONE',  ( 0.01886529081886899328, 0.004790000000000000854, 0.0009876860322002023462 ) ) ;
#1248 = CARTESIAN_POINT ( 'NONE',  ( 0.01886591655098299181, 0.002289999999999999935, 0.001973544934649726357 ) ) ;
#1249 = VECTOR ( 'NONE', #2319, 1.000000000000000000 ) ;
#1250 = DIRECTION ( 'NONE',  ( -1.000000000000000000, 0.000000000000000000, -1.387778780781445676E-16 ) ) ;
#1251 = VECTOR ( 'NONE', #392, 1.000000000000000000 ) ;
#1252 = VECTOR ( 'NONE', #3669, 1.000000000000000000 ) ;
#1253 = ORIENTED_EDGE ( 'NONE', *, *, #2704, .T. ) ;
#1254 = EDGE_CURVE ( 'NONE', #3296, #1853, #143, .T. ) ;
#1255 = DIRECTION ( 'NONE',  ( -0.000000000000000000, -1.000000000000000000, -0.000000000000000000 ) ) ;
#1256 = CARTESIAN_POINT ( 'NONE',  ( 0.01250000000000000069, 0.002289999999999999935, -0.01206000000000000127 ) ) ;
#1257 = ORIENTED_EDGE ( 'NONE', *, *, #744, .F. ) ;
#1258 = SURFACE_STYLE_FILL_AREA ( #1934 ) ;
#1259 = ORIENTED_EDGE ( 'NONE', *, *, #334, .F. ) ;
#1260 = ORIENTED_EDGE ( 'NONE', *, *, #1177, .F. ) ;
#1261 = VECTOR ( 'NONE', #943, 1.000000000000000000 ) ;
#1262 = CARTESIAN_POINT ( 'NONE',  ( 0.01411606319764498185, 0.0002999999999999999195, -0.003129242418765665334 ) ) ;
#1263 = VECTOR ( 'NONE', #2356, 1.000000000000000000 ) ;
#1264 = ORIENTED_EDGE ( 'NONE', *, *, #1304, .T. ) ;
#1265 = LINE ( 'NONE', #126, #2870 ) ;
#1266 = FACE_OUTER_BOUND ( 'NONE', #2624, .T. ) ;
#1267 = CARTESIAN_POINT ( 'NONE',  ( 0.01886591655098299181, 0.002289999999999999935, -0.002552674351235214092 ) ) ;
#1268 = AXIS2_PLACEMENT_3D ( 'NONE', #2008, #1731, #1396 ) ;
#1269 = ORIENTED_EDGE ( 'NONE', *, *, #2477, .F. ) ;
#1270 = PLANE ( 'NONE',  #981 ) ;
#1271 = DIRECTION ( 'NONE',  ( -1.000000000000000000, 0.000000000000000000, 0.000000000000000000 ) ) ;
#1272 = VECTOR ( 'NONE', #2731, 1.000000000000000000 ) ;
#1273 = EDGE_CURVE ( 'NONE', #1074, #306, #2183, .T. ) ;
#1274 = APPLICATION_PROTOCOL_DEFINITION ( 'draft international standard', 'automotive_design', 1998, #883 ) ;
#1275 = ORIENTED_EDGE ( 'NONE', *, *, #1402, .T. ) ;
#1276 = ORIENTED_EDGE ( 'NONE', *, *, #1155, .F. ) ;
#1277 = DIRECTION ( 'NONE',  ( 0.000000000000000000, 0.000000000000000000, -1.000000000000000000 ) ) ;
#1278 = AXIS2_PLACEMENT_3D ( 'NONE', #2348, #588, #803 ) ;
#1279 = ADVANCED_FACE ( 'NONE', ( #2218 ), #1883, .T. ) ;
#1280 = EDGE_CURVE ( 'NONE', #3279, #640, #714, .T. ) ;
#1281 = ORIENTED_EDGE ( 'NONE', *, *, #673, .T. ) ;
#1282 = CARTESIAN_POINT ( 'NONE',  ( 0.01250000000000000069, 0.01814451632826797473, -0.008842395677957748390 ) ) ;
#1283 = AXIS2_PLACEMENT_3D ( 'NONE', #232, #2031, #3838 ) ;
#1284 = EDGE_CURVE ( 'NONE', #1976, #251, #1265, .T. ) ;
#1285 = ORIENTED_EDGE ( 'NONE', *, *, #1410, .F. ) ;
#1286 = CARTESIAN_POINT ( 'NONE',  ( 0.007476534587561001546, 0.0002999999999999999195, -0.009084714650391781041 ) ) ;
#1287 = LINE ( 'NONE', #2488, #367 ) ;
#1288 = AXIS2_PLACEMENT_3D ( 'NONE', #328, #587, #3052 ) ;
#1289 = DIRECTION ( 'NONE',  ( -1.000000000000000000, 0.000000000000000000, 0.000000000000000000 ) ) ;
#1290 = VECTOR ( 'NONE', #1468, 1.000000000000000000 ) ;
#1291 = AXIS2_PLACEMENT_3D ( 'NONE', #3174, #2354, #3541 ) ;
#1292 = EDGE_LOOP ( 'NONE', ( #836, #2463, #1275, #1189 ) ) ;
#1293 = DIRECTION ( 'NONE',  ( 0.000000000000000000, 0.000000000000000000, 1.000000000000000000 ) ) ;
#1294 = LINE ( 'NONE', #1316, #1608 ) ;
#1295 = VECTOR ( 'NONE', #2187, 1.000000000000000000 ) ;
#1296 = DIRECTION ( 'NONE',  ( 0.000000000000000000, 0.000000000000000000, -1.000000000000000000 ) ) ;
#1297 = ORIENTED_EDGE ( 'NONE', *, *, #3510, .T. ) ;
#1298 = PLANE ( 'NONE',  #809 ) ;
#1299 = EDGE_LOOP ( 'NONE', ( #3262, #2536, #2256, #3228 ) ) ;
#1300 = ADVANCED_FACE ( 'NONE', ( #1330 ), #3722, .F. ) ;
#1301 = DIRECTION ( 'NONE',  ( -1.000000000000000000, 0.000000000000000000, -0.000000000000000000 ) ) ;
#1302 = ORIENTED_EDGE ( 'NONE', *, *, #3510, .F. ) ;
#1303 = ORIENTED_EDGE ( 'NONE', *, *, #3370, .F. ) ;
#1304 = EDGE_CURVE ( 'NONE', #795, #393, #675, .T. ) ;
#1305 = CARTESIAN_POINT ( 'NONE',  ( 0.01066677628386799095, 0.001690559999999999806, -0.001338141805341974688 ) ) ;
#1306 = ORIENTED_EDGE ( 'NONE', *, *, #1543, .T. ) ;
#1307 = EDGE_LOOP ( 'NONE', ( #3823, #2398, #379, #1495, #1477, #847, #1653, #1038, #909, #983, #1466, #2739 ) ) ;
#1308 = VECTOR ( 'NONE', #3031, 1.000000000000000000 ) ;
#1309 = CARTESIAN_POINT ( 'NONE',  ( 0.009437436128616104314, 0.0002999999999999999195, -0.003129242418765665334 ) ) ;
#1310 = CARTESIAN_POINT ( 'NONE',  ( 0.01250000000000000069, 0.001690560000000000673, -0.0006526752430882111489 ) ) ;
#1311 = LINE ( 'NONE', #3749, #2581 ) ;
#1312 = AXIS2_PLACEMENT_3D ( 'NONE', #86, #1236, #1296 ) ;
#1313 = DIRECTION ( 'NONE',  ( -1.000000000000000000, 0.000000000000000000, 0.000000000000000000 ) ) ;
#1314 = ORIENTED_EDGE ( 'NONE', *, *, #2844, .F. ) ;
#1315 = LINE ( 'NONE', #3414, #923 ) ;
#1316 = CARTESIAN_POINT ( 'NONE',  ( 0.003791532590698178107, 0.0002999999999999999195, -0.009084714650391781041 ) ) ;
#1317 = VECTOR ( 'NONE', #2686, 1.000000000000000000 ) ;
#1318 = CARTESIAN_POINT ( 'NONE',  ( 0.000000000000000000, 0.0003000000000000016542, -0.0006639159790157549146 ) ) ;
#1319 = ORIENTED_EDGE ( 'NONE', *, *, #93, .F. ) ;
#1320 = VECTOR ( 'NONE', #2798, 1.000000000000000000 ) ;
#1321 = LINE ( 'NONE', #1894, #1251 ) ;
#1322 = ORIENTED_EDGE ( 'NONE', *, *, #2984, .F. ) ;
#1323 = DIRECTION ( 'NONE',  ( 0.000000000000000000, 0.000000000000000000, 1.000000000000000000 ) ) ;
#1324 = ORIENTED_EDGE ( 'NONE', *, *, #1131, .T. ) ;
#1325 = VERTEX_POINT ( 'NONE', #1595 ) ;
#1326 = PLANE ( 'NONE',  #583 ) ;
#1327 = EDGE_CURVE ( 'NONE', #3164, #713, #2486, .T. ) ;
#1328 = EDGE_LOOP ( 'NONE', ( #226, #1693, #3353, #1682 ) ) ;
#1329 = ORIENTED_EDGE ( 'NONE', *, *, #3079, .F. ) ;
#1330 = FACE_OUTER_BOUND ( 'NONE', #1663, .T. ) ;
#1331 = CARTESIAN_POINT ( 'NONE',  ( 0.02086591655098299358, 0.002289999999999999935, -0.01407389542082615463 ) ) ;
#1332 = DIRECTION ( 'NONE',  ( -0.000000000000000000, -1.000000000000000000, -0.000000000000000000 ) ) ;
#1333 = CIRCLE ( 'NONE', #3713, 0.0003499999999999996170 ) ;
#1334 = ADVANCED_FACE ( 'NONE', ( #2592 ), #2943, .F. ) ;
#1335 = EDGE_CURVE ( 'NONE', #3164, #2632, #2020, .T. ) ;
#1336 = CARTESIAN_POINT ( 'NONE',  ( 0.01946666658543202977, 0.004732676393206743971, -0.01304780165324874452 ) ) ;
#1337 = ORIENTED_EDGE ( 'NONE', *, *, #849, .F. ) ;
#1338 = LINE ( 'NONE', #698, #1101 ) ;
#1339 = DIRECTION ( 'NONE',  ( -0.000000000000000000, -1.000000000000000000, -0.000000000000000000 ) ) ;
#1340 = ORIENTED_EDGE ( 'NONE', *, *, #3211, .F. ) ;
#1341 = LINE ( 'NONE', #2209, #2017 ) ;
#1342 = LINE ( 'NONE', #3114, #1865 ) ;
#1343 = PLANE ( 'NONE',  #1636 ) ;
#1344 = ORIENTED_EDGE ( 'NONE', *, *, #3115, .T. ) ;
#1345 = CARTESIAN_POINT ( 'NONE',  ( 0.01886591655098299181, 0.0006403213429142518009, -0.0006526752430882135341 ) ) ;
#1346 = ORIENTED_EDGE ( 'NONE', *, *, #771, .T. ) ;
#1347 = ORIENTED_EDGE ( 'NONE', *, *, #2352, .F. ) ;
#1348 = DIRECTION ( 'NONE',  ( 0.000000000000000000, -3.469446951953613418E-18, 1.000000000000000000 ) ) ;
#1349 = CARTESIAN_POINT ( 'NONE',  ( 0.01886591655098299181, 0.001690559999999999806, -0.01144767524308821539 ) ) ;
#1350 = EDGE_CURVE ( 'NONE', #3881, #2689, #1999, .T. ) ;
#1351 = EDGE_CURVE ( 'NONE', #3334, #2414, #2181, .T. ) ;
#1352 = DIRECTION ( 'NONE',  ( 0.000000000000000000, 0.000000000000000000, 1.000000000000000000 ) ) ;
#1353 = VECTOR ( 'NONE', #2916, 1.000000000000000000 ) ;
#1354 = DIRECTION ( 'NONE',  ( 0.000000000000000000, 0.000000000000000000, -1.000000000000000000 ) ) ;
#1355 = ORIENTED_EDGE ( 'NONE', *, *, #2690, .T. ) ;
#1356 = CARTESIAN_POINT ( 'NONE',  ( 0.01249999999999999896, 0.0003499999999999996170, 0.01102791746832727793 ) ) ;
#1357 = EDGE_CURVE ( 'NONE', #1092, #2839, #202, .T. ) ;
#1358 = FACE_BOUND ( 'NONE', #3270, .T. ) ;
#1359 = VECTOR ( 'NONE', #1431, 1.000000000000000000 ) ;
#1360 = ORIENTED_EDGE ( 'NONE', *, *, #3834, .F. ) ;
#1361 = CARTESIAN_POINT ( 'NONE',  ( 0.007496184346508165397, 0.004299999999999998268, -0.006480299519805665653 ) ) ;
#1362 = VECTOR ( 'NONE', #3190, 1.000000000000000000 ) ;
#1363 = VECTOR ( 'NONE', #2929, 1.000000000000000000 ) ;
#1364 = CARTESIAN_POINT ( 'NONE',  ( 0.01984691655098299104, 0.001690559999999999806, -0.01294667524308821573 ) ) ;
#1365 = EDGE_CURVE ( 'NONE', #3526, #339, #757, .T. ) ;
#1366 = CARTESIAN_POINT ( 'NONE',  ( 0.003595757357791493688, 0.0002999999999999999195, -0.008946355434476416235 ) ) ;
#1367 = CARTESIAN_POINT ( 'NONE',  ( 0.01411606319764498185, 0.0006403213429142518009, -0.008842395677957748390 ) ) ;
#1368 = LINE ( 'NONE', #1210, #2479 ) ;
#1369 = ORIENTED_EDGE ( 'NONE', *, *, #197, .T. ) ;
#1370 = VERTEX_POINT ( 'NONE', #3766 ) ;
#1371 = DIRECTION ( 'NONE',  ( 0.000000000000000000, -1.000000000000000000, -0.000000000000000000 ) ) ;
#1372 = DIRECTION ( 'NONE',  ( -1.000000000000000000, -0.000000000000000000, -0.000000000000000000 ) ) ;
#1373 = DIRECTION ( 'NONE',  ( 0.000000000000000000, -0.000000000000000000, -1.000000000000000000 ) ) ;
#1374 = FACE_OUTER_BOUND ( 'NONE', #2836, .T. ) ;
#1375 = ORIENTED_EDGE ( 'NONE', *, *, #2293, .F. ) ;
#1376 = CARTESIAN_POINT ( 'NONE',  ( 0.009471191688981348000, 0.0002999999999999999195, -0.009084714650391781041 ) ) ;
#1377 = DIRECTION ( 'NONE',  ( 0.000000000000000000, -3.787605842744119602E-16, -1.000000000000000000 ) ) ;
#1378 = AXIS2_PLACEMENT_3D ( 'NONE', #1011, #3068, #63 ) ;
#1379 = ADVANCED_FACE ( 'NONE', ( #790 ), #1707, .F. ) ;
#1380 = ORIENTED_EDGE ( 'NONE', *, *, #3677, .T. ) ;
#1381 = DIRECTION ( 'NONE',  ( 0.000000000000000000, 1.000000000000000000, 0.000000000000000000 ) ) ;
#1382 = AXIS2_PLACEMENT_3D ( 'NONE', #3751, #1392, #2263 ) ;
#1383 = DIRECTION ( 'NONE',  ( -1.000000000000000000, -0.000000000000000000, -0.000000000000000000 ) ) ;
#1384 = LINE ( 'NONE', #1422, #2009 ) ;
#1385 = VECTOR ( 'NONE', #649, 1.000000000000000000 ) ;
#1386 = VECTOR ( 'NONE', #1289, 1.000000000000000000 ) ;
#1387 = VERTEX_POINT ( 'NONE', #460 ) ;
#1388 = VERTEX_POINT ( 'NONE', #477 ) ;
#1389 = CARTESIAN_POINT ( 'NONE',  ( 0.01984691655098299104, 0.003429851651431000542, -0.0006526752430882133173 ) ) ;
#1390 = DIRECTION ( 'NONE',  ( 1.000000000000000000, 0.000000000000000000, 0.000000000000000000 ) ) ;
#1391 = CARTESIAN_POINT ( 'NONE',  ( 0.004523784715013114133, 0.004299999999999998268, -0.003642581792655086304 ) ) ;
#1392 = DIRECTION ( 'NONE',  ( -1.000000000000000000, 0.000000000000000000, 0.000000000000000000 ) ) ;
#1393 = ORIENTED_EDGE ( 'NONE', *, *, #2552, .T. ) ;
#1394 = DIRECTION ( 'NONE',  ( -1.000000000000000000, 0.000000000000000000, 0.000000000000000000 ) ) ;
#1395 = AXIS2_PLACEMENT_3D ( 'NONE', #1411, #187, #3487 ) ;
#1396 = DIRECTION ( 'NONE',  ( 0.000000000000000000, 0.000000000000000000, -1.000000000000000000 ) ) ;
#1397 = VECTOR ( 'NONE', #3609, 1.000000000000000000 ) ;
#1398 = VERTEX_POINT ( 'NONE', #3824 ) ;
#1399 = DIRECTION ( 'NONE',  ( -0.000000000000000000, -3.469446951953613418E-18, 1.000000000000000000 ) ) ;
#1400 = CARTESIAN_POINT ( 'NONE',  ( 0.02086591655098299358, 0.0003499999999999996170, -0.01407389542082615463 ) ) ;
#1401 = CARTESIAN_POINT ( 'NONE',  ( 0.01011191351183229892, 0.0002999999999999999195, -0.01124807004616662671 ) ) ;
#1402 = EDGE_CURVE ( 'NONE', #3055, #917, #831, .T. ) ;
#1403 = CARTESIAN_POINT ( 'NONE',  ( 0.01066677628386799095, 0.001690559999999999806, -0.003129242418765665334 ) ) ;
#1404 = DIRECTION ( 'NONE',  ( -1.000000000000000000, -0.000000000000000000, -0.000000000000000000 ) ) ;
#1405 = EDGE_CURVE ( 'NONE', #1232, #2913, #1122, .T. ) ;
#1406 = ORIENTED_EDGE ( 'NONE', *, *, #3833, .T. ) ;
#1407 = PRODUCT ( 'Shell-Bottom', 'Shell-Bottom', '', ( #949 ) ) ;
#1408 = CARTESIAN_POINT ( 'NONE',  ( 0.01886591655098299181, 0.0006403213429142518009, -0.01002733767805662202 ) ) ;
#1409 = CARTESIAN_POINT ( 'NONE',  ( 0.03114140839448971410, 0.000000000000000000, 0.001623544934649726306 ) ) ;
#1410 = EDGE_CURVE ( 'NONE', #2604, #1325, #513, .T. ) ;
#1411 = CARTESIAN_POINT ( 'NONE',  ( 0.01886591655098299181, -0.01159174901508180922, 0.001973544934649726357 ) ) ;
#1412 = EDGE_CURVE ( 'NONE', #2162, #3611, #494, .T. ) ;
#1413 = CARTESIAN_POINT ( 'NONE',  ( 0.0006241405777339670280, 0.004299999999999998268, -0.001887931587602142969 ) ) ;
#1414 = ORIENTED_EDGE ( 'NONE', *, *, #1148, .T. ) ;
#1415 = LINE ( 'NONE', #3202, #1994 ) ;
#1416 = FACE_OUTER_BOUND ( 'NONE', #871, .T. ) ;
#1417 = VECTOR ( 'NONE', #2899, 1.000000000000000000 ) ;
#1418 = ORIENTED_EDGE ( 'NONE', *, *, #3782, .T. ) ;
#1419 = CARTESIAN_POINT ( 'NONE',  ( 0.03114140839448971410, 0.0006403213429142518009, -0.0006526752430882135341 ) ) ;
#1420 = CARTESIAN_POINT ( 'NONE',  ( 0.01250000000000000069, 0.001690559999999999806, -0.01144767524308821539 ) ) ;
#1421 = DIRECTION ( 'NONE',  ( 0.000000000000000000, 1.000000000000000000, 0.000000000000000000 ) ) ;
#1422 = CARTESIAN_POINT ( 'NONE',  ( 0.001062852872235363344, 0.004299999999999998268, -0.008946355434476416235 ) ) ;
#1423 = VECTOR ( 'NONE', #2563, 1.000000000000000000 ) ;
#1424 = EDGE_CURVE ( 'NONE', #970, #1528, #3522, .T. ) ;
#1425 = VECTOR ( 'NONE', #2317, 1.000000000000000000 ) ;
#1426 = ORIENTED_EDGE ( 'NONE', *, *, #3110, .T. ) ;
#1427 = VECTOR ( 'NONE', #1948, 1.000000000000000000 ) ;
#1428 = EDGE_CURVE ( 'NONE', #1749, #3283, #2906, .T. ) ;
#1429 = ORIENTED_EDGE ( 'NONE', *, *, #342, .T. ) ;
#1430 = CARTESIAN_POINT ( 'NONE',  ( 0.01886591655098299181, 0.000000000000000000, -0.0006526752430882133173 ) ) ;
#1431 = DIRECTION ( 'NONE',  ( 1.000000000000000000, 0.000000000000000000, 0.000000000000000000 ) ) ;
#1432 = DIRECTION ( 'NONE',  ( 3.604777198335870986E-15, 0.000000000000000000, 1.000000000000000000 ) ) ;
#1433 = EDGE_CURVE ( 'NONE', #1831, #3714, #1448, .T. ) ;
#1434 = DIRECTION ( 'NONE',  ( 0.000000000000000000, 0.000000000000000000, 1.000000000000000000 ) ) ;
#1435 = ORIENTED_EDGE ( 'NONE', *, *, #612, .T. ) ;
#1436 = CARTESIAN_POINT ( 'NONE',  ( 0.002856818845405680041, 0.0002999999999999999195, -0.001338141805341974688 ) ) ;
#1437 = DIRECTION ( 'NONE',  ( -0.000000000000000000, -0.000000000000000000, 1.000000000000000000 ) ) ;
#1438 = ORIENTED_EDGE ( 'NONE', *, *, #629, .T. ) ;
#1439 = LINE ( 'NONE', #3263, #3486 ) ;
#1440 = CARTESIAN_POINT ( 'NONE',  ( 0.01250000000000000069, 0.000000000000000000, -0.0003000000000000000821 ) ) ;
#1441 = VECTOR ( 'NONE', #2641, 1.000000000000000000 ) ;
#1442 = DIRECTION ( 'NONE',  ( -0.000000000000000000, -1.000000000000000000, -0.000000000000000000 ) ) ;
#1443 = CARTESIAN_POINT ( 'NONE',  ( 0.000000000000000000, 0.002289999999999999935, -0.0003139159790157552976 ) ) ;
#1444 = DIRECTION ( 'NONE',  ( -1.003210504794081037E-17, -3.469446951953613418E-18, 1.000000000000000000 ) ) ;
#1445 = VERTEX_POINT ( 'NONE', #1408 ) ;
#1446 = EDGE_CURVE ( 'NONE', #3681, #2152, #1083, .T. ) ;
#1447 = ORIENTED_EDGE ( 'NONE', *, *, #438, .F. ) ;
#1448 = LINE ( 'NONE', #185, #347 ) ;
#1449 = DIRECTION ( 'NONE',  ( -1.000000000000000000, 0.000000000000000000, 0.000000000000000000 ) ) ;
#1450 = CARTESIAN_POINT ( 'NONE',  ( 0.01066677628386799095, 0.001690559999999999806, -0.001870313411187311814 ) ) ;
#1451 = EDGE_CURVE ( 'NONE', #2446, #2073, #1689, .T. ) ;
#1452 = FACE_OUTER_BOUND ( 'NONE', #2059, .T. ) ;
#1453 = EDGE_LOOP ( 'NONE', ( #586, #945, #2195, #437 ) ) ;
#1454 = DIRECTION ( 'NONE',  ( -0.000000000000000000, 1.000000000000000000, -0.000000000000000000 ) ) ;
#1455 = DIRECTION ( 'NONE',  ( 1.000000000000000000, 0.000000000000000000, 0.000000000000000000 ) ) ;
#1456 = EDGE_CURVE ( 'NONE', #2159, #1370, #167, .T. ) ;
#1457 = ADVANCED_FACE ( 'NONE', ( #2279 ), #1979, .F. ) ;
#1458 = ORIENTED_EDGE ( 'NONE', *, *, #3089, .T. ) ;
#1459 = CARTESIAN_POINT ( 'NONE',  ( 0.0006040828504758188194, 0.002289999999999999935, -0.006559416273656193397 ) ) ;
#1460 = CARTESIAN_POINT ( 'NONE',  ( 0.009437436128616104314, 0.004299999999999998268, -0.003129242418765665334 ) ) ;
#1461 = CARTESIAN_POINT ( 'NONE',  ( 0.01011191351183229892, 0.0002999999999999999195, -0.01124807004616662671 ) ) ;
#1462 = EDGE_CURVE ( 'NONE', #3423, #2822, #976, .T. ) ;
#1463 = ORIENTED_EDGE ( 'NONE', *, *, #3778, .T. ) ;
#1464 = CARTESIAN_POINT ( 'NONE',  ( 0.0006241405777339670280, 0.004299999999999998268, -0.003642581792655086304 ) ) ;
#1465 = ORIENTED_EDGE ( 'NONE', *, *, #3373, .T. ) ;
#1466 = ORIENTED_EDGE ( 'NONE', *, *, #212, .T. ) ;
#1467 = VECTOR ( 'NONE', #596, 1.000000000000000000 ) ;
#1468 = DIRECTION ( 'NONE',  ( 0.000000000000000000, 3.469446951953613418E-18, -1.000000000000000000 ) ) ;
#1469 = LINE ( 'NONE', #618, #1272 ) ;
#1470 = PLANE ( 'NONE',  #353 ) ;
#1471 = VERTEX_POINT ( 'NONE', #1141 ) ;
#1472 = EDGE_CURVE ( 'NONE', #1119, #3874, #2618, .T. ) ;
#1473 = CARTESIAN_POINT ( 'NONE',  ( 0.01886591655098299181, 0.0003499999999999999964, -0.01407389542082615463 ) ) ;
#1474 = FACE_OUTER_BOUND ( 'NONE', #1179, .T. ) ;
#1475 = LINE ( 'NONE', #860, #3092 ) ;
#1476 = ORIENTED_EDGE ( 'NONE', *, *, #3535, .T. ) ;
#1477 = ORIENTED_EDGE ( 'NONE', *, *, #3165, .F. ) ;
#1478 = EDGE_CURVE ( 'NONE', #1221, #1688, #487, .T. ) ;
#1479 = FACE_OUTER_BOUND ( 'NONE', #2206, .T. ) ;
#1480 = FACE_OUTER_BOUND ( 'NONE', #375, .T. ) ;
#1481 = PLANE ( 'NONE',  #2501 ) ;
#1482 = ORIENTED_EDGE ( 'NONE', *, *, #58, .T. ) ;
#1483 = CARTESIAN_POINT ( 'NONE',  ( 0.01099415933008824481, 0.001690559999999999806, -0.0008255689565281887354 ) ) ;
#1484 = ORIENTED_EDGE ( 'NONE', *, *, #1041, .F. ) ;
#1485 = VECTOR ( 'NONE', #1399, 1.000000000000000000 ) ;
#1486 = ORIENTED_EDGE ( 'NONE', *, *, #238, .F. ) ;
#1487 = DIRECTION ( 'NONE',  ( 0.000000000000000000, 0.000000000000000000, 1.000000000000000000 ) ) ;
#1488 = FACE_OUTER_BOUND ( 'NONE', #808, .T. ) ;
#1489 = FACE_BOUND ( 'NONE', #3718, .T. ) ;
#1490 = EDGE_LOOP ( 'NONE', ( #2776, #2865, #1752, #3774, #2213, #2105, #2117, #2302, #1032, #2983, #891, #1567, #3746, #3733, #1281, #3483, #3508, #2466 ) ) ;
#1491 = CARTESIAN_POINT ( 'NONE',  ( 0.01897569458271909995, 0.000000000000000000, -0.01372389542082615675 ) ) ;
#1492 = DIRECTION ( 'NONE',  ( 0.000000000000000000, 0.000000000000000000, 1.000000000000000000 ) ) ;
#1493 = DIRECTION ( 'NONE',  ( 8.006560518343739796E-07, 0.9999666393311735790, -0.008168244859064708110 ) ) ;
#1494 = ORIENTED_EDGE ( 'NONE', *, *, #2368, .T. ) ;
#1495 = ORIENTED_EDGE ( 'NONE', *, *, #2901, .T. ) ;
#1496 = LINE ( 'NONE', #2439, #2544 ) ;
#1497 = CARTESIAN_POINT ( 'NONE',  ( 0.01066677628386799095, 0.001690559999999999806, -0.01002620511618236392 ) ) ;
#1498 = EDGE_CURVE ( 'NONE', #903, #3811, #1439, .T. ) ;
#1499 = LINE ( 'NONE', #2424, #2385 ) ;
#1500 = ORIENTED_EDGE ( 'NONE', *, *, #1335, .T. ) ;
#1501 = DIRECTION ( 'NONE',  ( 0.000000000000000000, -0.000000000000000000, 1.000000000000000000 ) ) ;
#1502 = ORIENTED_EDGE ( 'NONE', *, *, #2795, .F. ) ;
#1503 = AXIS2_PLACEMENT_3D ( 'NONE', #741, #3223, #1076 ) ;
#1504 = VECTOR ( 'NONE', #2468, 1.000000000000000000 ) ;
#1505 = EDGE_CURVE ( 'NONE', #640, #2073, #783, .T. ) ;
#1506 = VERTEX_POINT ( 'NONE', #2637 ) ;
#1507 = DIRECTION ( 'NONE',  ( -0.000000000000000000, -0.000000000000000000, -1.000000000000000000 ) ) ;
#1508 = DIRECTION ( 'NONE',  ( -0.000000000000000000, 1.000000000000000000, -0.000000000000000000 ) ) ;
#1509 = AXIS2_PLACEMENT_3D ( 'NONE', #2862, #160, #2589 ) ;
#1510 = ORIENTED_EDGE ( 'NONE', *, *, #3610, .F. ) ;
#1511 = ORIENTED_EDGE ( 'NONE', *, *, #2582, .F. ) ;
#1512 = PLANE ( 'NONE',  #985 ) ;
#1513 = CARTESIAN_POINT ( 'NONE',  ( 0.0006189165509829907402, 0.0002999999999999999195, -0.01146000000000000144 ) ) ;
#1514 = DIRECTION ( 'NONE',  ( -1.000000000000000000, 0.000000000000000000, 0.000000000000000000 ) ) ;
#1515 = ORIENTED_EDGE ( 'NONE', *, *, #814, .F. ) ;
#1516 = VERTEX_POINT ( 'NONE', #3836 ) ;
#1517 = LINE ( 'NONE', #947, #1547 ) ;
#1518 = DIRECTION ( 'NONE',  ( -1.000000000000000000, -0.000000000000000000, -0.000000000000000000 ) ) ;
#1519 = DIRECTION ( 'NONE',  ( -1.000000000000000000, -0.000000000000000000, -0.000000000000000000 ) ) ;
#1520 = ORIENTED_EDGE ( 'NONE', *, *, #3272, .F. ) ;
#1521 = DIRECTION ( 'NONE',  ( -0.000000000000000000, -1.000000000000000000, -0.000000000000000000 ) ) ;
#1522 = ORIENTED_EDGE ( 'NONE', *, *, #717, .T. ) ;
#1523 = EDGE_CURVE ( 'NONE', #2438, #2928, #1152, .T. ) ;
#1524 = EDGE_CURVE ( 'NONE', #2139, #3204, #503, .T. ) ;
#1525 = ORIENTED_EDGE ( 'NONE', *, *, #479, .F. ) ;
#1526 = EDGE_CURVE ( 'NONE', #1606, #3611, #3531, .T. ) ;
#1527 = DIRECTION ( 'NONE',  ( -0.000000000000000000, -0.000000000000000000, 1.000000000000000000 ) ) ;
#1528 = VERTEX_POINT ( 'NONE', #1459 ) ;
#1529 = ORIENTED_EDGE ( 'NONE', *, *, #1365, .T. ) ;
#1530 = CARTESIAN_POINT ( 'NONE',  ( 0.01984691655098299104, 0.002289999999999999935, -0.008902674351234214634 ) ) ;
#1531 = DIRECTION ( 'NONE',  ( 0.000000000000000000, -0.000000000000000000, -1.000000000000000000 ) ) ;
#1532 = FACE_OUTER_BOUND ( 'NONE', #247, .T. ) ;
#1533 = ADVANCED_FACE ( 'NONE', ( #2012 ), #271, .F. ) ;
#1534 = ORIENTED_EDGE ( 'NONE', *, *, #3827, .F. ) ;
#1535 = ORIENTED_EDGE ( 'NONE', *, *, #1087, .T. ) ;
#1536 = LINE ( 'NONE', #3875, #2988 ) ;
#1537 = VECTOR ( 'NONE', #964, 1.000000000000000000 ) ;
#1538 = CARTESIAN_POINT ( 'NONE',  ( 0.01886529081886899328, 0.005429851651431000584, -0.01374084671280311268 ) ) ;
#1539 = VECTOR ( 'NONE', #2838, 1.000000000000000000 ) ;
#1540 = EDGE_LOOP ( 'NONE', ( #3000, #686, #877 ) ) ;
#1541 = CARTESIAN_POINT ( 'NONE',  ( 0.01230059023991324912, 0.0002999999999999999195, -0.002299908472888967381 ) ) ;
#1542 = ORIENTED_EDGE ( 'NONE', *, *, #2851, .F. ) ;
#1543 = EDGE_CURVE ( 'NONE', #3811, #2806, #3243, .T. ) ;
#1544 = VECTOR ( 'NONE', #3653, 1.000000000000000000 ) ;
#1545 = ORIENTED_EDGE ( 'NONE', *, *, #1768, .F. ) ;
#1546 = CARTESIAN_POINT ( 'NONE',  ( 0.01946529081886899312, 0.004790000000000000854, 0.0009876860322002023462 ) ) ;
#1547 = VECTOR ( 'NONE', #1174, 1.000000000000000000 ) ;
#1548 = VECTOR ( 'NONE', #2337, 1.000000000000000000 ) ;
#1549 = AXIS2_PLACEMENT_3D ( 'NONE', #1205, #2, #1222 ) ;
#1550 = EDGE_CURVE ( 'NONE', #193, #3790, #2972, .T. ) ;
#1551 = VECTOR ( 'NONE', #3485, 1.000000000000000000 ) ;
#1552 = ORIENTED_EDGE ( 'NONE', *, *, #172, .F. ) ;
#1553 = ORIENTED_EDGE ( 'NONE', *, *, #1796, .T. ) ;
#1554 = CARTESIAN_POINT ( 'NONE',  ( 0.01886591655098299181, 0.002289999999999999935, 0.001973544934649726357 ) ) ;
#1555 = AXIS2_PLACEMENT_3D ( 'NONE', #467, #518, #780 ) ;
#1556 = DIRECTION ( 'NONE',  ( 0.000000000000000000, -1.000000000000000000, 0.000000000000000000 ) ) ;
#1557 = CYLINDRICAL_SURFACE ( 'NONE', #1898, 0.0003499999999999996170 ) ;
#1558 = ADVANCED_FACE ( 'NONE', ( #1717 ), #2952, .F. ) ;
#1559 = ORIENTED_EDGE ( 'NONE', *, *, #1932, .F. ) ;
#1560 = CARTESIAN_POINT ( 'NONE',  ( 0.007496184346508165397, 0.001690559999999999806, -0.006480299519805665653 ) ) ;
#1561 = AXIS2_PLACEMENT_3D ( 'NONE', #1190, #341, #560 ) ;
#1562 = LINE ( 'NONE', #1875, #1537 ) ;
#1563 =( LENGTH_UNIT ( ) NAMED_UNIT ( * ) SI_UNIT ( $, .METRE. ) );
#1564 = ORIENTED_EDGE ( 'NONE', *, *, #3009, .T. ) ;
#1565 =( LENGTH_UNIT ( ) NAMED_UNIT ( * ) SI_UNIT ( $, .METRE. ) );
#1566 = ORIENTED_EDGE ( 'NONE', *, *, #882, .T. ) ;
#1567 = ORIENTED_EDGE ( 'NONE', *, *, #2587, .T. ) ;
#1568 = VECTOR ( 'NONE', #1615, 1.000000000000000000 ) ;
#1569 = EDGE_CURVE ( 'NONE', #2090, #830, #3554, .T. ) ;
#1570 = DIRECTION ( 'NONE',  ( -0.000000000000000000, -3.469446951953613418E-18, 1.000000000000000000 ) ) ;
#1571 = VECTOR ( 'NONE', #2859, 1.000000000000000000 ) ;
#1572 = VECTOR ( 'NONE', #761, 1.000000000000000000 ) ;
#1573 = ORIENTED_EDGE ( 'NONE', *, *, #2345, .T. ) ;
#1574 = CARTESIAN_POINT ( 'NONE',  ( 0.01984691655098299104, 0.002289999999999999935, -0.0002999999999999999737 ) ) ;
#1575 = DIRECTION ( 'NONE',  ( 0.000000000000000000, 0.000000000000000000, 1.000000000000000000 ) ) ;
#1576 = EDGE_CURVE ( 'NONE', #184, #3044, #2914, .T. ) ;
#1577 = ADVANCED_FACE ( 'NONE', ( #2584 ), #2288, .F. ) ;
#1578 = DIRECTION ( 'NONE',  ( 0.9999999807842548938, 8.006560518343741914E-07, 0.0001960378766174143803 ) ) ;
#1579 = VECTOR ( 'NONE', #1239, 1.000000000000000000 ) ;
#1580 = VECTOR ( 'NONE', #1514, 1.000000000000000000 ) ;
#1581 = VERTEX_POINT ( 'NONE', #1734 ) ;
#1582 = DIRECTION ( 'NONE',  ( -0.000000000000000000, 1.000000000000000000, 0.000000000000000000 ) ) ;
#1583 = EDGE_CURVE ( 'NONE', #1853, #3632, #1700, .T. ) ;
#1584 = CARTESIAN_POINT ( 'NONE',  ( 0.01886529081886899328, 0.003429851651431000542, 0.001973544934649726357 ) ) ;
#1585 = EDGE_CURVE ( 'NONE', #634, #1089, #2933, .T. ) ;
#1586 = ORIENTED_EDGE ( 'NONE', *, *, #3656, .T. ) ;
#1587 = AXIS2_PLACEMENT_3D ( 'NONE', #777, #496, #1373 ) ;
#1588 = CARTESIAN_POINT ( 'NONE',  ( 0.02086591655098299358, 0.005079851651431000967, -0.01409084671280311230 ) ) ;
#1589 = EDGE_LOOP ( 'NONE', ( #422, #3720, #2393, #294 ) ) ;
#1590 = CARTESIAN_POINT ( 'NONE',  ( 0.01886591655098299181, 0.001690559999999999806, 5.865308239094699825E-21 ) ) ;
#1591 = EDGE_CURVE ( 'NONE', #3467, #1940, #3796, .T. ) ;
#1592 = ORIENTED_EDGE ( 'NONE', *, *, #1446, .T. ) ;
#1593 = PLANE ( 'NONE',  #3854 ) ;
#1594 = ORIENTED_EDGE ( 'NONE', *, *, #2736, .F. ) ;
#1595 = CARTESIAN_POINT ( 'NONE',  ( 0.0006241405777339670280, 0.0002999999999999999195, -0.001887931587602142969 ) ) ;
#1596 = CARTESIAN_POINT ( 'NONE',  ( 0.0006040828504758188194, 0.0002999999999999999195, -0.004444143617096329990 ) ) ;
#1597 = DIRECTION ( 'NONE',  ( -1.000000000000000000, 0.000000000000000000, 0.000000000000000000 ) ) ;
#1598 = ADVANCED_FACE ( 'NONE', ( #230 ), #3206, .F. ) ;
#1599 = ORIENTED_EDGE ( 'NONE', *, *, #1524, .F. ) ;
#1600 = CARTESIAN_POINT ( 'NONE',  ( 0.01886591655098299181, 6.488953163641784165E-21, -0.001870313411187311814 ) ) ;
#1601 = DIRECTION ( 'NONE',  ( 0.000000000000000000, 1.000000000000000000, -3.787605842744119602E-16 ) ) ;
#1602 = AXIS2_PLACEMENT_3D ( 'NONE', #1187, #2396, #3583 ) ;
#1603 = CARTESIAN_POINT ( 'NONE',  ( 0.01011191351183229892, 0.004299999999999998268, -0.01124807004616662671 ) ) ;
#1604 = EDGE_CURVE ( 'NONE', #3632, #1387, #1536, .T. ) ;
#1605 = ORIENTED_EDGE ( 'NONE', *, *, #140, .T. ) ;
#1606 = VERTEX_POINT ( 'NONE', #3360 ) ;
#1607 = DIRECTION ( 'NONE',  ( 1.000000000000000000, 0.000000000000000000, 0.000000000000000000 ) ) ;
#1608 = VECTOR ( 'NONE', #2879, 1.000000000000000000 ) ;
#1609 = EDGE_CURVE ( 'NONE', #3476, #543, #1517, .T. ) ;
#1610 = VERTEX_POINT ( 'NONE', #350 ) ;
#1611 = CARTESIAN_POINT ( 'NONE',  ( 0.01154974872040884920, 0.0002999999999999999195, -0.002299908472888967381 ) ) ;
#1612 = ORIENTED_EDGE ( 'NONE', *, *, #2611, .F. ) ;
#1613 = ORIENTED_EDGE ( 'NONE', *, *, #1041, .T. ) ;
#1614 = DIRECTION ( 'NONE',  ( 1.000000000000000000, 0.000000000000000000, 0.000000000000000000 ) ) ;
#1615 = DIRECTION ( 'NONE',  ( -1.000000000000000000, 0.000000000000000000, 0.000000000000000000 ) ) ;
#1616 = LINE ( 'NONE', #444, #878 ) ;
#1617 = AXIS2_PLACEMENT_3D ( 'NONE', #1690, #758, #1085 ) ;
#1618 = AXIS2_PLACEMENT_3D ( 'NONE', #2572, #1371, #2625 ) ;
#1619 = EDGE_LOOP ( 'NONE', ( #1794, #3076, #697, #3700, #315 ) ) ;
#1620 = AXIS2_PLACEMENT_3D ( 'NONE', #3118, #98, #689 ) ;
#1621 = DIRECTION ( 'NONE',  ( 0.000000000000000000, -1.000000000000000000, -3.469446951953613418E-18 ) ) ;
#1622 = FACE_OUTER_BOUND ( 'NONE', #1941, .T. ) ;
#1623 = VECTOR ( 'NONE', #1072, 1.000000000000000000 ) ;
#1624 = DIRECTION ( 'NONE',  ( -1.000000000000000000, 0.000000000000000000, -0.000000000000000000 ) ) ;
#1625 = ORIENTED_EDGE ( 'NONE', *, *, #2052, .T. ) ;
#1626 = VERTEX_POINT ( 'NONE', #2384 ) ;
#1627 = LINE ( 'NONE', #1647, #1362 ) ;
#1628 = EDGE_CURVE ( 'NONE', #3835, #1388, #3346, .T. ) ;
#1629 = ORIENTED_EDGE ( 'NONE', *, *, #822, .F. ) ;
#1630 = EDGE_LOOP ( 'NONE', ( #3339, #691, #3101, #29, #924 ) ) ;
#1631 = ADVANCED_FACE ( 'NONE', ( #2136 ), #926, .F. ) ;
#1632 = LINE ( 'NONE', #1305, #3307 ) ;
#1633 = EDGE_CURVE ( 'NONE', #1203, #3476, #3572, .T. ) ;
#1634 = ORIENTED_EDGE ( 'NONE', *, *, #3220, .T. ) ;
#1635 = ORIENTED_EDGE ( 'NONE', *, *, #3626, .T. ) ;
#1636 = AXIS2_PLACEMENT_3D ( 'NONE', #3463, #2900, #2622 ) ;
#1637 = DIRECTION ( 'NONE',  ( -1.000000000000000000, -0.000000000000000000, -0.000000000000000000 ) ) ;
#1638 = LINE ( 'NONE', #2237, #2497 ) ;
#1639 = CARTESIAN_POINT ( 'NONE',  ( 0.002856818845405680041, 0.004299999999999998268, -0.001338141805341974688 ) ) ;
#1640 = PRODUCT_DEFINITION_FORMATION_WITH_SPECIFIED_SOURCE ( 'ANY', '', #1407, .NOT_KNOWN. ) ;
#1641 = AXIS2_PLACEMENT_3D ( 'NONE', #481, #2512, #2003 ) ;
#1642 = CARTESIAN_POINT ( 'NONE',  ( 0.004523784715013114133, 0.004299999999999998268, -0.0007332206897967489395 ) ) ;
#1643 = ORIENTED_EDGE ( 'NONE', *, *, #717, .F. ) ;
#1644 = LINE ( 'NONE', #1016, #1295 ) ;
#1645 = CARTESIAN_POINT ( 'NONE',  ( 0.01984691655098299104, 0.001690559999999999806, -0.0006526752430882135341 ) ) ;
#1646 = ORIENTED_EDGE ( 'NONE', *, *, #2926, .T. ) ;
#1647 = CARTESIAN_POINT ( 'NONE',  ( 0.005813831172303636843, 0.004299999999999998268, -0.009084714650391781041 ) ) ;
#1648 = LINE ( 'NONE', #490, #1879 ) ;
#1649 = EDGE_CURVE ( 'NONE', #3756, #1089, #664, .T. ) ;
#1650 = EDGE_LOOP ( 'NONE', ( #898, #1360, #3242, #2519 ) ) ;
#1651 = FACE_OUTER_BOUND ( 'NONE', #264, .T. ) ;
#1652 = EDGE_CURVE ( 'NONE', #3423, #2632, #1817, .T. ) ;
#1653 = ORIENTED_EDGE ( 'NONE', *, *, #3370, .T. ) ;
#1654 = VERTEX_POINT ( 'NONE', #1854 ) ;
#1655 = DIRECTION ( 'NONE',  ( 0.000000000000000000, 0.000000000000000000, -1.000000000000000000 ) ) ;
#1656 = CARTESIAN_POINT ( 'NONE',  ( 0.01066677628386799095, 0.001690559999999999806, -0.007508100888992563782 ) ) ;
#1657 = CARTESIAN_POINT ( 'NONE',  ( 0.009471191688981348000, 0.001690559999999999806, -0.01122197249498291249 ) ) ;
#1658 = CARTESIAN_POINT ( 'NONE',  ( 0.003595757357791493254, 0.004299999999999998268, -0.006559416273656193397 ) ) ;
#1659 = ORIENTED_EDGE ( 'NONE', *, *, #3603, .F. ) ;
#1660 = LINE ( 'NONE', #447, #2874 ) ;
#1661 = ADVANCED_FACE ( 'NONE', ( #886 ), #3071, .F. ) ;
#1662 = CARTESIAN_POINT ( 'NONE',  ( 0.03114140839448971410, 0.002289999999999999935, -8.673617379884035472E-19 ) ) ;
#1663 = EDGE_LOOP ( 'NONE', ( #257, #373, #1871, #3386, #789, #2308, #2473, #749 ) ) ;
#1664 = DIRECTION ( 'NONE',  ( -0.000000000000000000, -3.469446951953613418E-18, 1.000000000000000000 ) ) ;
#1665 = PLANE ( 'NONE',  #2306 ) ;
#1666 = LINE ( 'NONE', #3779, #3822 ) ;
#1667 = DIRECTION ( 'NONE',  ( -1.000000000000000000, 4.814824860968088777E-34, -1.387778780781445676E-16 ) ) ;
#1668 = DIRECTION ( 'NONE',  ( 0.000000000000000000, 0.000000000000000000, 1.000000000000000000 ) ) ;
#1669 = ADVANCED_FACE ( 'NONE', ( #1838 ), #2091, .F. ) ;
#1670 = ORIENTED_EDGE ( 'NONE', *, *, #2921, .T. ) ;
#1671 = ORIENTED_EDGE ( 'NONE', *, *, #3617, .T. ) ;
#1672 = DIRECTION ( 'NONE',  ( 0.000000000000000000, 0.000000000000000000, -1.000000000000000000 ) ) ;
#1673 = CARTESIAN_POINT ( 'NONE',  ( 0.01250000000000000069, 0.0002999999999999999737, -0.0003000000000000000821 ) ) ;
#1674 = LINE ( 'NONE', #383, #1063 ) ;
#1675 = DIRECTION ( 'NONE',  ( -1.000000000000000000, 0.000000000000000000, -0.000000000000000000 ) ) ;
#1676 = ORIENTED_EDGE ( 'NONE', *, *, #1694, .T. ) ;
#1677 = CYLINDRICAL_SURFACE ( 'NONE', #164, 0.0003499999999999999964 ) ;
#1678 = DIRECTION ( 'NONE',  ( -1.000000000000000000, 0.000000000000000000, 0.000000000000000000 ) ) ;
#1679 = EDGE_CURVE ( 'NONE', #1046, #2590, #1795, .T. ) ;
#1680 = VECTOR ( 'NONE', #1607, 1.000000000000000000 ) ;
#1681 = VECTOR ( 'NONE', #1964, 1.000000000000000000 ) ;
#1682 = ORIENTED_EDGE ( 'NONE', *, *, #1424, .F. ) ;
#1683 = DIRECTION ( 'NONE',  ( 0.000000000000000000, -0.008168244859067327543, -0.9999666393314942114 ) ) ;
#1684 = AXIS2_PLACEMENT_3D ( 'NONE', #1920, #1899, #3682 ) ;
#1685 = DIRECTION ( 'NONE',  ( -1.000000000000000000, 0.000000000000000000, -0.000000000000000000 ) ) ;
#1686 = CARTESIAN_POINT ( 'NONE',  ( 0.01249999999999999896, 0.0003499999999999996170, -0.01171000000000000166 ) ) ;
#1687 = FACE_OUTER_BOUND ( 'NONE', #977, .T. ) ;
#1688 = VERTEX_POINT ( 'NONE', #1560 ) ;
#1689 = LINE ( 'NONE', #2297, #1161 ) ;
#1690 = CARTESIAN_POINT ( 'NONE',  ( 0.001062852872235363344, 0.004299999999999998268, -0.006559416273656193397 ) ) ;
#1691 = DIRECTION ( 'NONE',  ( 0.000000000000000000, -1.000000000000000000, -0.000000000000000000 ) ) ;
#1692 = LINE ( 'NONE', #3789, #242 ) ;
#1693 = ORIENTED_EDGE ( 'NONE', *, *, #1911, .T. ) ;
#1694 = EDGE_CURVE ( 'NONE', #2940, #925, #1496, .T. ) ;
#1695 = PLANE ( 'NONE',  #3809 ) ;
#1696 = CARTESIAN_POINT ( 'NONE',  ( 0.01894797747653916009, -3.760826285809093505E-19, 0.001712659325975609409 ) ) ;
#1697 = VECTOR ( 'NONE', #1772, 1.000000000000000000 ) ;
#1698 = VECTOR ( 'NONE', #1094, 1.000000000000000000 ) ;
#1699 = ORIENTED_EDGE ( 'NONE', *, *, #3699, .F. ) ;
#1700 = LINE ( 'NONE', #2897, #2802 ) ;
#1701 = LINE ( 'NONE', #3460, #3322 ) ;
#1702 = LINE ( 'NONE', #743, #1423 ) ;
#1703 = DIRECTION ( 'NONE',  ( -1.000000000000000000, -0.000000000000000000, -0.000000000000000000 ) ) ;
#1704 = PLANE ( 'NONE',  #1509 ) ;
#1705 = EDGE_CURVE ( 'NONE', #830, #970, #2759, .T. ) ;
#1706 = ORIENTED_EDGE ( 'NONE', *, *, #2156, .F. ) ;
#1707 = PLANE ( 'NONE',  #2483 ) ;
#1708 = CARTESIAN_POINT ( 'NONE',  ( 0.007380024444763835789, 0.001690559999999999806, -0.003766393599310413620 ) ) ;
#1709 = DIRECTION ( 'NONE',  ( 1.000000000000000000, 0.000000000000000000, 0.000000000000000000 ) ) ;
#1710 = LINE ( 'NONE', #1336, #2010 ) ;
#1711 = VERTEX_POINT ( 'NONE', #3894 ) ;
#1712 = FACE_OUTER_BOUND ( 'NONE', #114, .T. ) ;
#1713 = CARTESIAN_POINT ( 'NONE',  ( 0.01886591655098299181, 0.002289999999999999935, -0.0006526752430882133173 ) ) ;
#1714 = VECTOR ( 'NONE', #3032, 1.000000000000000000 ) ;
#1715 = EDGE_CURVE ( 'NONE', #754, #2839, #1195, .T. ) ;
#1716 = ORIENTED_EDGE ( 'NONE', *, *, #1694, .F. ) ;
#1717 = FACE_OUTER_BOUND ( 'NONE', #2706, .T. ) ;
#1718 = PLANE ( 'NONE',  #109 ) ;
#1719 = PLANE ( 'NONE',  #147 ) ;
#1720 = EDGE_CURVE ( 'NONE', #1733, #1052, #11, .T. ) ;
#1721 = CARTESIAN_POINT ( 'NONE',  ( 0.009437436128616104314, 0.0002999999999999999195, -0.003129242418765665334 ) ) ;
#1722 = DIRECTION ( 'NONE',  ( -1.003210504794081037E-17, -3.469446951953613418E-18, 1.000000000000000000 ) ) ;
#1723 = ORIENTED_EDGE ( 'NONE', *, *, #1254, .T. ) ;
#1724 = AXIS2_PLACEMENT_3D ( 'NONE', #2015, #1755, #3817 ) ;
#1725 = DIRECTION ( 'NONE',  ( -0.000000000000000000, -1.000000000000000000, -0.000000000000000000 ) ) ;
#1726 = DIRECTION ( 'NONE',  ( -0.000000000000000000, -3.469446951953613418E-18, 1.000000000000000000 ) ) ;
#1727 = DIRECTION ( 'NONE',  ( 0.000000000000000000, 0.000000000000000000, 1.000000000000000000 ) ) ;
#1728 = LINE ( 'NONE', #1128, #1231 ) ;
#1729 = ORIENTED_EDGE ( 'NONE', *, *, #2151, .T. ) ;
#1730 = LINE ( 'NONE', #2614, #32 ) ;
#1731 = DIRECTION ( 'NONE',  ( 1.000000000000000000, 0.000000000000000000, 0.000000000000000000 ) ) ;
#1732 = VECTOR ( 'NONE', #1095, 1.000000000000000000 ) ;
#1733 = VERTEX_POINT ( 'NONE', #963 ) ;
#1734 = CARTESIAN_POINT ( 'NONE',  ( 0.005282099801380564508, 0.0002999999999999999195, -0.006559416273656193397 ) ) ;
#1735 = DIRECTION ( 'NONE',  ( 1.000000000000000000, 0.000000000000000000, 0.000000000000000000 ) ) ;
#1736 = FACE_OUTER_BOUND ( 'NONE', #1816, .T. ) ;
#1737 = AXIS2_PLACEMENT_3D ( 'NONE', #252, #2329, #2365 ) ;
#1738 = VECTOR ( 'NONE', #959, 1.000000000000000000 ) ;
#1739 = FACE_BOUND ( 'NONE', #3312, .T. ) ;
#1740 = CARTESIAN_POINT ( 'NONE',  ( 0.0006189165509829907402, 0.001690560000000000673, -0.006365815510203215108 ) ) ;
#1741 = ORIENTED_EDGE ( 'NONE', *, *, #3225, .T. ) ;
#1742 = ADVANCED_FACE ( 'NONE', ( #607 ), #2113, .F. ) ;
#1743 = VERTEX_POINT ( 'NONE', #3012 ) ;
#1744 = DIRECTION ( 'NONE',  ( 0.000000000000000000, 0.000000000000000000, -1.000000000000000000 ) ) ;
#1745 = LINE ( 'NONE', #3503, #2549 ) ;
#1746 = FACE_OUTER_BOUND ( 'NONE', #2005, .T. ) ;
#1747 = ADVANCED_FACE ( 'NONE', ( #1479 ), #2338, .F. ) ;
#1748 = CARTESIAN_POINT ( 'NONE',  ( 0.003791532590698178107, 0.004299999999999998268, -0.009084714650391781041 ) ) ;
#1749 = VERTEX_POINT ( 'NONE', #219 ) ;
#1750 = FACE_OUTER_BOUND ( 'NONE', #2133, .T. ) ;
#1751 = DIRECTION ( 'NONE',  ( 1.000000000000000000, 0.000000000000000000, 0.000000000000000000 ) ) ;
#1752 = ORIENTED_EDGE ( 'NONE', *, *, #3482, .T. ) ;
#1753 = CARTESIAN_POINT ( 'NONE',  ( 0.000000000000000000, -0.01661751163414174060, -0.0003139159790157552976 ) ) ;
#1754 = VECTOR ( 'NONE', #137, 1.000000000000000000 ) ;
#1755 = DIRECTION ( 'NONE',  ( 0.9999999807842547828, 8.006560518343737678E-07, 0.0001960378766174143261 ) ) ;
#1756 = VECTOR ( 'NONE', #1664, 1.000000000000000000 ) ;
#1757 = CARTESIAN_POINT ( 'NONE',  ( 0.01886529081886899328, 0.003429851651431000542, -0.01409084671280311230 ) ) ;
#1758 = ORIENTED_EDGE ( 'NONE', *, *, #3249, .T. ) ;
#1759 = CARTESIAN_POINT ( 'NONE',  ( 0.007476534587561001546, 0.004299999999999998268, -0.007853343260645573309 ) ) ;
#1760 = ORIENTED_EDGE ( 'NONE', *, *, #3049, .F. ) ;
#1761 = VECTOR ( 'NONE', #243, 1.000000000000000000 ) ;
#1762 = VECTOR ( 'NONE', #2566, 1.000000000000000000 ) ;
#1763 = VECTOR ( 'NONE', #104, 1.000000000000000000 ) ;
#1764 = EDGE_CURVE ( 'NONE', #3296, #239, #495, .T. ) ;
#1765 = EDGE_LOOP ( 'NONE', ( #2932, #1004, #2556, #3376, #10, #3070, #3368, #1846, #1027 ) ) ;
#1766 = DIRECTION ( 'NONE',  ( 0.000000000000000000, 0.000000000000000000, -1.000000000000000000 ) ) ;
#1767 = LINE ( 'NONE', #1450, #1127 ) ;
#1768 = EDGE_CURVE ( 'NONE', #1626, #730, #2000, .T. ) ;
#1769 = CARTESIAN_POINT ( 'NONE',  ( 0.01886591655098299181, 0.001690559999999999806, -0.01294667524308821573 ) ) ;
#1770 = ORIENTED_EDGE ( 'NONE', *, *, #18, .F. ) ;
#1771 = LINE ( 'NONE', #2695, #1227 ) ;
#1772 = DIRECTION ( 'NONE',  ( 0.000000000000000000, 0.000000000000000000, 1.000000000000000000 ) ) ;
#1773 = DIRECTION ( 'NONE',  ( 0.000000000000000000, 0.000000000000000000, 1.000000000000000000 ) ) ;
#1774 = ORIENTED_EDGE ( 'NONE', *, *, #2315, .F. ) ;
#1775 = ORIENTED_EDGE ( 'NONE', *, *, #2831, .F. ) ;
#1776 = DIRECTION ( 'NONE',  ( 0.000000000000000000, 0.000000000000000000, 1.000000000000000000 ) ) ;
#1777 = PLANE ( 'NONE',  #3793 ) ;
#1778 = DIRECTION ( 'NONE',  ( -0.000000000000000000, -1.000000000000000000, -0.000000000000000000 ) ) ;
#1779 = ORIENTED_EDGE ( 'NONE', *, *, #2582, .T. ) ;
#1780 = LINE ( 'NONE', #3247, #3895 ) ;
#1781 = VERTEX_POINT ( 'NONE', #1123 ) ;
#1782 = ORIENTED_EDGE ( 'NONE', *, *, #1550, .F. ) ;
#1783 = VECTOR ( 'NONE', #1508, 1.000000000000000000 ) ;
#1784 = LINE ( 'NONE', #2980, #1803 ) ;
#1785 = CARTESIAN_POINT ( 'NONE',  ( 0.02086591655098299358, 0.002289999999999999935, -0.01407389542082615463 ) ) ;
#1786 = B_SPLINE_CURVE_WITH_KNOTS ( 'NONE', 3,
 ( #1491, #2754, #3258, #2985, #940, #3567 ),
 .UNSPECIFIED., .F., .F.,
 ( 4, 2, 4 ),
 ( -4.968554408149683382E-06, 0.0002766872348567819329, 0.0005583430241217136230 ),
 .UNSPECIFIED. ) ;
#1787 = PLANE ( 'NONE',  #2766 ) ;
#1788 = VERTEX_POINT ( 'NONE', #2867 ) ;
#1789 = FACE_OUTER_BOUND ( 'NONE', #614, .T. ) ;
#1790 = CARTESIAN_POINT ( 'NONE',  ( 0.01345135679378081130, 3.797573752485741060E-05, -0.0001670411955296979172 ) ) ;
#1791 = EDGE_CURVE ( 'NONE', #917, #486, #203, .T. ) ;
#1792 = PLANE ( 'NONE',  #3266 ) ;
#1793 = ORIENTED_EDGE ( 'NONE', *, *, #1462, .T. ) ;
#1794 = ORIENTED_EDGE ( 'NONE', *, *, #2652, .T. ) ;
#1795 = LINE ( 'NONE', #2722, #1096 ) ;
#1796 = EDGE_CURVE ( 'NONE', #1074, #866, #2021, .T. ) ;
#1797 = CARTESIAN_POINT ( 'NONE',  ( 0.01250000000000000069, -0.0004465878110779692442, -0.01081508456423202306 ) ) ;
#1798 = ADVANCED_FACE ( 'NONE', ( #2944 ), #3175, .F. ) ;
#1799 = DIRECTION ( 'NONE',  ( 1.000000000000000000, 0.000000000000000000, 0.000000000000000000 ) ) ;
#1800 = VERTEX_POINT ( 'NONE', #2039 ) ;
#1801 = DIRECTION ( 'NONE',  ( 0.000000000000000000, 1.000000000000000000, 0.000000000000000000 ) ) ;
#1802 = VERTEX_POINT ( 'NONE', #1708 ) ;
#1803 = VECTOR ( 'NONE', #1059, 1.000000000000000000 ) ;
#1804 = VECTOR ( 'NONE', #842, 1.000000000000000000 ) ;
#1805 = ORIENTED_EDGE ( 'NONE', *, *, #2524, .F. ) ;
#1806 = DIRECTION ( 'NONE',  ( -1.000000000000000000, 0.000000000000000000, 0.000000000000000000 ) ) ;
#1807 = AXIS2_PLACEMENT_3D ( 'NONE', #1130, #2044, #2285 ) ;
#1808 = CARTESIAN_POINT ( 'NONE',  ( 0.01250000000000000069, 0.0003499999999999996170, -0.01206000000000000127 ) ) ;
#1809 = CARTESIAN_POINT ( 'NONE',  ( 0.01886529081886899328, 0.003429851651431000542, -0.008902674311657213235 ) ) ;
#1810 = VERTEX_POINT ( 'NONE', #1980 ) ;
#1811 = DIRECTION ( 'NONE',  ( -1.000000000000000000, 0.000000000000000000, -0.000000000000000000 ) ) ;
#1812 = LINE ( 'NONE', #1228, #1697 ) ;
#1813 = LINE ( 'NONE', #3007, #1580 ) ;
#1814 = EDGE_CURVE ( 'NONE', #3862, #193, #3240, .T. ) ;
#1815 = ORIENTED_EDGE ( 'NONE', *, *, #3022, .T. ) ;
#1816 = EDGE_LOOP ( 'NONE', ( #2214, #1500, #3559, #1159 ) ) ;
#1817 = LINE ( 'NONE', #3326, #2047 ) ;
#1818 = LINE ( 'NONE', #1256, #520 ) ;
#1819 = DIRECTION ( 'NONE',  ( 1.000000000000000000, 0.000000000000000000, 0.000000000000000000 ) ) ;
#1820 = ADVANCED_FACE ( 'NONE', ( #3214 ), #2907, .F. ) ;
#1821 = ORIENTED_EDGE ( 'NONE', *, *, #2647, .F. ) ;
#1822 = VECTOR ( 'NONE', #3480, 1.000000000000000000 ) ;
#1823 = LINE ( 'NONE', #867, #1887 ) ;
#1824 = ORIENTED_EDGE ( 'NONE', *, *, #508, .T. ) ;
#1825 = VECTOR ( 'NONE', #2283, 1.000000000000000000 ) ;
#1826 = ORIENTED_EDGE ( 'NONE', *, *, #1585, .F. ) ;
#1827 = CARTESIAN_POINT ( 'NONE',  ( 0.01250000000000000069, 0.0003000000000000016542, -0.006365815510203215108 ) ) ;
#1828 = VECTOR ( 'NONE', #3899, 1.000000000000000000 ) ;
#1829 = DIRECTION ( 'NONE',  ( 1.000000000000000000, 0.000000000000000000, 0.000000000000000000 ) ) ;
#1830 = AXIS2_PLACEMENT_3D ( 'NONE', #471, #3151, #1683 ) ;
#1831 = VERTEX_POINT ( 'NONE', #1966 ) ;
#1832 = ORIENTED_EDGE ( 'NONE', *, *, #3089, .F. ) ;
#1833 = LINE ( 'NONE', #2106, #1874 ) ;
#1834 = DIRECTION ( 'NONE',  ( 0.000000000000000000, 0.000000000000000000, 1.000000000000000000 ) ) ;
#1835 = LINE ( 'NONE', #2987, #3464 ) ;
#1836 = VERTEX_POINT ( 'NONE', #168 ) ;
#1837 = VERTEX_POINT ( 'NONE', #2626 ) ;
#1838 = FACE_OUTER_BOUND ( 'NONE', #2284, .T. ) ;
#1839 = LINE ( 'NONE', #1497, #908 ) ;
#1840 = EDGE_CURVE ( 'NONE', #1388, #1026, #3232, .T. ) ;
#1841 = FACE_OUTER_BOUND ( 'NONE', #3111, .T. ) ;
#1842 = ORIENTED_EDGE ( 'NONE', *, *, #3165, .T. ) ;
#1843 = CARTESIAN_POINT ( 'NONE',  ( 0.01250000000000000069, 0.0006403213429142518009, -0.0006526752430882135341 ) ) ;
#1844 = ORIENTED_EDGE ( 'NONE', *, *, #1977, .F. ) ;
#1845 = EDGE_CURVE ( 'NONE', #428, #3790, #3785, .T. ) ;
#1846 = ORIENTED_EDGE ( 'NONE', *, *, #2442, .F. ) ;
#1847 = CARTESIAN_POINT ( 'NONE',  ( 0.01886529081886899328, 0.003429851651431000542, -0.01409084671280311230 ) ) ;
#1848 = ORIENTED_EDGE ( 'NONE', *, *, #1604, .F. ) ;
#1849 = ORIENTED_EDGE ( 'NONE', *, *, #929, .F. ) ;
#1850 = DIRECTION ( 'NONE',  ( 0.000000000000000000, 1.000000000000000000, -0.000000000000000000 ) ) ;
#1851 = CARTESIAN_POINT ( 'NONE',  ( 0.002856818845405680041, 0.004299999999999998268, -0.003642581792655086304 ) ) ;
#1852 = CARTESIAN_POINT ( 'NONE',  ( 0.01250000000000000069, 0.001690560000000000673, -0.01171357386385252046 ) ) ;
#1853 = VERTEX_POINT ( 'NONE', #534 ) ;
#1854 = CARTESIAN_POINT ( 'NONE',  ( 0.0006189165509829907402, 0.0002999999999999999195, -0.01136357386385252258 ) ) ;
#1855 = DIRECTION ( 'NONE',  ( 0.000000000000000000, 0.000000000000000000, 1.000000000000000000 ) ) ;
#1856 = VECTOR ( 'NONE', #1518, 1.000000000000000000 ) ;
#1857 = ORIENTED_EDGE ( 'NONE', *, *, #464, .T. ) ;
#1858 = ORIENTED_EDGE ( 'NONE', *, *, #3705, .T. ) ;
#1859 = VECTOR ( 'NONE', #2422, 1.000000000000000000 ) ;
#1860 = EDGE_CURVE ( 'NONE', #925, #3301, #1745, .T. ) ;
#1861 = ORIENTED_EDGE ( 'NONE', *, *, #3348, .F. ) ;
#1862 = LINE ( 'NONE', #3388, #1100 ) ;
#1863 = VECTOR ( 'NONE', #936, 1.000000000000000000 ) ;
#1864 = EDGE_CURVE ( 'NONE', #3028, #2429, #2888, .T. ) ;
#1865 = VECTOR ( 'NONE', #2840, 1.000000000000000000 ) ;
#1866 = EDGE_LOOP ( 'NONE', ( #1882, #3519, #3721, #3150 ) ) ;
#1867 = CARTESIAN_POINT ( 'NONE',  ( 0.007496184346508165397, 0.001690559999999999806, -0.007508100888992563782 ) ) ;
#1868 = EDGE_CURVE ( 'NONE', #754, #2799, #3844, .T. ) ;
#1869 = FACE_OUTER_BOUND ( 'NONE', #955, .T. ) ;
#1870 = DIRECTION ( 'NONE',  ( 0.000000000000000000, 0.000000000000000000, -1.000000000000000000 ) ) ;
#1871 = ORIENTED_EDGE ( 'NONE', *, *, #1845, .T. ) ;
#1872 = CARTESIAN_POINT ( 'NONE',  ( 0.002484595167507867852, 0.004299999999999998268, -0.001887931587602142969 ) ) ;
#1873 = ADVANCED_FACE ( 'NONE', ( #186 ), #2261, .T. ) ;
#1874 = VECTOR ( 'NONE', #578, 1.000000000000000000 ) ;
#1875 = CARTESIAN_POINT ( 'NONE',  ( 0.01099415933008824481, 0.0002999999999999999195, -0.0008255689565281887354 ) ) ;
#1876 = ORIENTED_EDGE ( 'NONE', *, *, #179, .F. ) ;
#1877 = ORIENTED_EDGE ( 'NONE', *, *, #1764, .T. ) ;
#1878 = ORIENTED_EDGE ( 'NONE', *, *, #1230, .F. ) ;
#1879 = VECTOR ( 'NONE', #3759, 1.000000000000000000 ) ;
#1880 = DIRECTION ( 'NONE',  ( 0.000000000000000000, 0.000000000000000000, -1.000000000000000000 ) ) ;
#1881 = EDGE_CURVE ( 'NONE', #2037, #251, #2298, .T. ) ;
#1882 = ORIENTED_EDGE ( 'NONE', *, *, #2823, .T. ) ;
#1883 = CYLINDRICAL_SURFACE ( 'NONE', #2550, 0.0003500000000000000507 ) ;
#1884 = LINE ( 'NONE', #1310, #739 ) ;
#1885 = CARTESIAN_POINT ( 'NONE',  ( 0.01886591655098299181, 0.005079851651431001834, 0.001623544934649726306 ) ) ;
#1886 = EDGE_CURVE ( 'NONE', #302, #1606, #280, .T. ) ;
#1887 = VECTOR ( 'NONE', #3558, 1.000000000000000000 ) ;
#1888 = VECTOR ( 'NONE', #3375, 1.000000000000000000 ) ;
#1889 = EDGE_LOOP ( 'NONE', ( #3344, #498, #1418, #1723 ) ) ;
#1890 = LINE ( 'NONE', #106, #3430 ) ;
#1891 = FACE_BOUND ( 'NONE', #2746, .T. ) ;
#1892 = CARTESIAN_POINT ( 'NONE',  ( 0.01249999999999999896, 0.000000000000000000, 0.01102791746832727793 ) ) ;
#1893 = ORIENTED_EDGE ( 'NONE', *, *, #1633, .T. ) ;
#1894 = CARTESIAN_POINT ( 'NONE',  ( 0.008265290818868993236, 0.004790000000000000854, -0.001512313943909821120 ) ) ;
#1895 = ORIENTED_EDGE ( 'NONE', *, *, #525, .T. ) ;
#1896 = DIRECTION ( 'NONE',  ( 1.000000000000000000, 0.000000000000000000, -0.000000000000000000 ) ) ;
#1897 = ORIENTED_EDGE ( 'NONE', *, *, #1498, .T. ) ;
#1898 = AXIS2_PLACEMENT_3D ( 'NONE', #44, #1250, #3320 ) ;
#1899 = DIRECTION ( 'NONE',  ( -1.000000000000000000, 0.000000000000000000, 0.000000000000000000 ) ) ;
#1900 = VERTEX_POINT ( 'NONE', #1164 ) ;
#1901 = EDGE_LOOP ( 'NONE', ( #3364, #1082, #2920, #1484 ) ) ;
#1902 = DIRECTION ( 'NONE',  ( -0.000000000000000000, -1.000000000000000000, -0.000000000000000000 ) ) ;
#1903 = CARTESIAN_POINT ( 'NONE',  ( 0.03114140839448971410, 0.003429851651431000542, -0.0006526752430882135341 ) ) ;
#1904 = DIRECTION ( 'NONE',  ( 0.000000000000000000, -0.7625317487668725747, 0.6469507957507550922 ) ) ;
#1905 = ORIENTED_EDGE ( 'NONE', *, *, #1977, .T. ) ;
#1906 = ADVANCED_FACE ( 'NONE', ( #298 ), #913, .F. ) ;
#1907 = DIRECTION ( 'NONE',  ( 1.000000000000000000, 0.000000000000000000, 0.000000000000000000 ) ) ;
#1908 = FACE_OUTER_BOUND ( 'NONE', #740, .T. ) ;
#1909 = LINE ( 'NONE', #2189, #112 ) ;
#1910 = ORIENTED_EDGE ( 'NONE', *, *, #799, .T. ) ;
#1911 = EDGE_CURVE ( 'NONE', #3513, #2543, #3314, .T. ) ;
#1912 = DIRECTION ( 'NONE',  ( 0.000000000000000000, -1.000000000000000000, 0.000000000000000000 ) ) ;
#1913 = ORIENTED_EDGE ( 'NONE', *, *, #123, .F. ) ;
#1914 = CARTESIAN_POINT ( 'NONE',  ( 0.005688779228269089105, 0.001690559999999999806, -0.003766393599310413620 ) ) ;
#1915 = EDGE_CURVE ( 'NONE', #585, #3663, #2395, .T. ) ;
#1916 = B_SPLINE_CURVE_WITH_KNOTS ( 'NONE', 3,
 ( #920, #3298, #3281, #1790, #3628, #3006 ),
 .UNSPECIFIED., .F., .F.,
 ( 4, 2, 4 ),
 ( 3.847401576482059809E-19, 0.0002735248762575341218, 0.0005470497525150679182 ),
 .UNSPECIFIED. ) ;
#1917 = VECTOR ( 'NONE', #329, 1.000000000000000000 ) ;
#1918 = ORIENTED_EDGE ( 'NONE', *, *, #2878, .T. ) ;
#1919 = ORIENTED_EDGE ( 'NONE', *, *, #1523, .T. ) ;
#1920 = CARTESIAN_POINT ( 'NONE',  ( 0.01886591655098299181, -0.02113176284409280098, -0.01294667524308821226 ) ) ;
#1921 = ORIENTED_EDGE ( 'NONE', *, *, #1280, .T. ) ;
#1922 = ORIENTED_EDGE ( 'NONE', *, *, #2394, .T. ) ;
#1923 = CARTESIAN_POINT ( 'NONE',  ( 0.01946529081886899312, 0.004290000000000000410, -0.001512313943909821120 ) ) ;
#1924 = DIRECTION ( 'NONE',  ( -1.000000000000000000, 0.000000000000000000, 0.000000000000000000 ) ) ;
#1925 = DIRECTION ( 'NONE',  ( -0.000000000000000000, -1.000000000000000000, -0.000000000000000000 ) ) ;
#1926 = VECTOR ( 'NONE', #2508, 1.000000000000000000 ) ;
#1927 = DIRECTION ( 'NONE',  ( 0.000000000000000000, 0.000000000000000000, 1.000000000000000000 ) ) ;
#1928 = ORIENTED_EDGE ( 'NONE', *, *, #434, .T. ) ;
#1929 = CARTESIAN_POINT ( 'NONE',  ( 0.01250000000000000069, 0.002289999999999999935, -0.01144767524308821539 ) ) ;
#1930 = CARTESIAN_POINT ( 'NONE',  ( 0.01250000000000000069, 0.0002999999999999999195, 0.000000000000000000 ) ) ;
#1931 = AXIS2_PLACEMENT_3D ( 'NONE', #1356, #1582, #1293 ) ;
#1932 = EDGE_CURVE ( 'NONE', #14, #1506, #2060, .T. ) ;
#1933 = EDGE_LOOP ( 'NONE', ( #502, #171, #3087, #3501 ) ) ;
#1934 = FILL_AREA_STYLE ('',( #2228 ) ) ;
#1935 = FACE_OUTER_BOUND ( 'NONE', #815, .T. ) ;
#1936 = ADVANCED_FACE ( 'NONE', ( #1 ), #2960, .F. ) ;
#1937 = ORIENTED_EDGE ( 'NONE', *, *, #2991, .T. ) ;
#1938 = CARTESIAN_POINT ( 'NONE',  ( 0.01984691655098299104, -0.007969532436456219782, -0.001870313411187311814 ) ) ;
#1939 = ADVANCED_FACE ( 'NONE', ( #2411 ), #73, .T. ) ;
#1940 = VERTEX_POINT ( 'NONE', #2476 ) ;
#1941 = EDGE_LOOP ( 'NONE', ( #2880, #3883, #321, #1194, #1020, #1259, #2525, #2182, #2749, #1347 ) ) ;
#1942 = VECTOR ( 'NONE', #214, 1.000000000000000000 ) ;
#1943 = PLANE ( 'NONE',  #2616 ) ;
#1944 = DIRECTION ( 'NONE',  ( -1.000000000000000000, -0.000000000000000000, -0.000000000000000000 ) ) ;
#1945 = CARTESIAN_POINT ( 'NONE',  ( 0.01886591655098299181, 0.0003499999999999996170, 0.001973544934649726357 ) ) ;
#1946 = CARTESIAN_POINT ( 'NONE',  ( 0.0006189165509829907402, 0.002289999999999999935, -0.0003139159790157552976 ) ) ;
#1947 = VERTEX_POINT ( 'NONE', #894 ) ;
#1948 = DIRECTION ( 'NONE',  ( -1.000000000000000000, -0.000000000000000000, -0.000000000000000000 ) ) ;
#1949 = CARTESIAN_POINT ( 'NONE',  ( 0.01886529081886899328, 0.004253113204391240250, -0.01054391880069480841 ) ) ;
#1950 = VECTOR ( 'NONE', #1912, 1.000000000000000000 ) ;
#1951 = CIRCLE ( 'NONE', #3768, 0.01106826795450370493 ) ;
#1952 = ORIENTED_EDGE ( 'NONE', *, *, #1764, .F. ) ;
#1953 = DIRECTION ( 'NONE',  ( -0.000000000000000000, -1.000000000000000000, -0.000000000000000000 ) ) ;
#1954 = EDGE_CURVE ( 'NONE', #3663, #2858, #2100, .T. ) ;
#1955 = CARTESIAN_POINT ( 'NONE',  ( 0.005813831172303636843, 0.004299999999999998268, -0.007853343260645573309 ) ) ;
#1956 = CARTESIAN_POINT ( 'NONE',  ( 0.02086591655098299358, -0.01159174901508180922, 0.001973544934649726357 ) ) ;
#1957 = CARTESIAN_POINT ( 'NONE',  ( 0.01984691655098299104, 0.0006403213429142518009, -0.001870313411187311814 ) ) ;
#1958 = EDGE_CURVE ( 'NONE', #2643, #1471, #554, .T. ) ;
#1959 = CARTESIAN_POINT ( 'NONE',  ( 0.008102269004763809623, 0.001690559999999999806, -0.003642581792655086304 ) ) ;
#1960 = ORIENTED_EDGE ( 'NONE', *, *, #3706, .T. ) ;
#1961 = ORIENTED_EDGE ( 'NONE', *, *, #3634, .F. ) ;
#1962 = VECTOR ( 'NONE', #1132, 1.000000000000000000 ) ;
#1963 = ORIENTED_EDGE ( 'NONE', *, *, #2160, .T. ) ;
#1964 = DIRECTION ( 'NONE',  ( -0.000000000000000000, -1.000000000000000000, -0.000000000000000000 ) ) ;
#1965 = ADVANCED_FACE ( 'NONE', ( #2691 ), #3542, .T. ) ;
#1966 = CARTESIAN_POINT ( 'NONE',  ( 0.005831435004923647691, 0.001690559999999999806, -0.006480299519805665653 ) ) ;
#1967 = CARTESIAN_POINT ( 'NONE',  ( 0.002484595167507867852, 0.001690559999999999806, -0.001887931587602142969 ) ) ;
#1968 = LINE ( 'NONE', #1031, #1825 ) ;
#1969 = ORIENTED_EDGE ( 'NONE', *, *, #244, .T. ) ;
#1970 = CARTESIAN_POINT ( 'NONE',  ( 0.02086591655098299358, 0.002289999999999999935, -0.008902674351234214634 ) ) ;
#1971 = CARTESIAN_POINT ( 'NONE',  ( 0.01984691655098299104, 0.005429851651431000584, -0.002552674351235214092 ) ) ;
#1972 = EDGE_LOOP ( 'NONE', ( #1848, #719, #2517, #1998 ) ) ;
#1973 = CARTESIAN_POINT ( 'NONE',  ( 0.01946666618510400557, 0.004232693073541156717, -0.01304371753081921131 ) ) ;
#1974 = CARTESIAN_POINT ( 'NONE',  ( 0.008617972442110481690, 0.004299999999999998268, -0.002175653194538273993 ) ) ;
#1975 = DIRECTION ( 'NONE',  ( -1.000000000000000000, 0.000000000000000000, 0.000000000000000000 ) ) ;
#1976 = VERTEX_POINT ( 'NONE', #616 ) ;
#1977 = EDGE_CURVE ( 'NONE', #3283, #2858, #2800, .T. ) ;
#1978 = ORIENTED_EDGE ( 'NONE', *, *, #2969, .T. ) ;
#1979 = PLANE ( 'NONE',  #1291 ) ;
#1980 = CARTESIAN_POINT ( 'NONE',  ( 0.005282099801380564508, 0.0002999999999999999195, -0.004444143617096329990 ) ) ;
#1981 = DIRECTION ( 'NONE',  ( 0.000000000000000000, 1.000000000000000000, 0.000000000000000000 ) ) ;
#1982 = EDGE_CURVE ( 'NONE', #393, #2711, #3601, .T. ) ;
#1983 = EDGE_CURVE ( 'NONE', #56, #752, #260, .T. ) ;
#1984 = LINE ( 'NONE', #2595, #3694 ) ;
#1985 = ORIENTED_EDGE ( 'NONE', *, *, #1954, .T. ) ;
#1986 = CARTESIAN_POINT ( 'NONE',  ( 0.01897569458271909995, 0.000000000000000000, 0.001623544934649727824 ) ) ;
#1987 = CARTESIAN_POINT ( 'NONE',  ( 0.0006189165509829906318, -0.01019535190281590717, -0.0003139159790157552976 ) ) ;
#1988 = VECTOR ( 'NONE', #2646, 1.000000000000000000 ) ;
#1989 = VECTOR ( 'NONE', #863, 1.000000000000000000 ) ;
#1990 = ORIENTED_EDGE ( 'NONE', *, *, #636, .T. ) ;
#1991 = CARTESIAN_POINT ( 'NONE',  ( 0.0006040828504758188194, 0.004299999999999998268, -0.004444143617096329990 ) ) ;
#1992 = LINE ( 'NONE', #2585, #1756 ) ;
#1993 = AXIS2_PLACEMENT_3D ( 'NONE', #2804, #2825, #1880 ) ;
#1994 = VECTOR ( 'NONE', #3791, 1.000000000000000000 ) ;
#1995 = CARTESIAN_POINT ( 'NONE',  ( 0.0006241405777339670280, 0.004299999999999998268, -0.001887931587602142969 ) ) ;
#1996 = FACE_OUTER_BOUND ( 'NONE', #3371, .T. ) ;
#1997 = FACE_OUTER_BOUND ( 'NONE', #432, .T. ) ;
#1998 = ORIENTED_EDGE ( 'NONE', *, *, #3022, .F. ) ;
#1999 = LINE ( 'NONE', #1389, #2747 ) ;
#2000 = LINE ( 'NONE', #2593, #1223 ) ;
#2001 = EDGE_CURVE ( 'NONE', #3116, #1743, #2375, .T. ) ;
#2002 = LINE ( 'NONE', #222, #3398 ) ;
#2003 = DIRECTION ( 'NONE',  ( -1.000000000000000000, 0.000000000000000000, -0.000000000000000000 ) ) ;
#2004 = VECTOR ( 'NONE', #2270, 1.000000000000000000 ) ;
#2005 = EDGE_LOOP ( 'NONE', ( #1015, #3741, #165, #674 ) ) ;
#2006 = CARTESIAN_POINT ( 'NONE',  ( 0.002856818845405680041, 0.001690559999999999806, -0.001338141805341974688 ) ) ;
#2007 = ADVANCED_FACE ( 'NONE', ( #987 ), #2194, .F. ) ;
#2008 = CARTESIAN_POINT ( 'NONE',  ( 0.02086591655098299358, 0.005079851651431001834, 0.001623544934649726306 ) ) ;
#2009 = VECTOR ( 'NONE', #2565, 1.000000000000000000 ) ;
#2010 = VECTOR ( 'NONE', #427, 1.000000000000000000 ) ;
#2011 = ORIENTED_EDGE ( 'NONE', *, *, #2177, .T. ) ;
#2012 = FACE_OUTER_BOUND ( 'NONE', #2095, .T. ) ;
#2013 = CARTESIAN_POINT ( 'NONE',  ( 0.007380024444763835789, 0.004299999999999998268, -0.005740431678123325554 ) ) ;
#2014 = VECTOR ( 'NONE', #510, 1.000000000000000000 ) ;
#2015 = CARTESIAN_POINT ( 'NONE',  ( 0.01946646912641702282, -4.909614783468814779E-05, -0.01202102269701937030 ) ) ;
#2016 = CARTESIAN_POINT ( 'NONE',  ( 0.01984691655098299104, 0.001690559999999999806, -0.01294667524308821573 ) ) ;
#2017 = VECTOR ( 'NONE', #685, 1.000000000000000000 ) ;
#2018 = PLANE ( 'NONE',  #807 ) ;
#2019 = ORIENTED_EDGE ( 'NONE', *, *, #3303, .F. ) ;
#2020 = LINE ( 'NONE', #1430, #3615 ) ;
#2021 = LINE ( 'NONE', #3523, #1359 ) ;
#2022 = FACE_OUTER_BOUND ( 'NONE', #1184, .T. ) ;
#2023 = DIRECTION ( 'NONE',  ( 0.000000000000000000, 0.000000000000000000, 1.000000000000000000 ) ) ;
#2024 = ORIENTED_EDGE ( 'NONE', *, *, #1576, .T. ) ;
#2025 = CARTESIAN_POINT ( 'NONE',  ( 0.005813831172303636843, 0.001690559999999999806, -0.009084714650391781041 ) ) ;
#2026 = PLANE ( 'NONE',  #765 ) ;
#2027 = ADVANCED_FACE ( 'NONE', ( #3562 ), #872, .F. ) ;
#2028 = ORIENTED_EDGE ( 'NONE', *, *, #2941, .T. ) ;
#2029 = DIRECTION ( 'NONE',  ( 1.000000000000000000, 0.000000000000000000, -0.000000000000000000 ) ) ;
#2030 = LINE ( 'NONE', #3168, #121 ) ;
#2031 = DIRECTION ( 'NONE',  ( 1.000000000000000000, 0.000000000000000000, 0.000000000000000000 ) ) ;
#2032 = LINE ( 'NONE', #1078, #2196 ) ;
#2033 = EDGE_CURVE ( 'NONE', #712, #1976, #1784, .T. ) ;
#2034 = ADVANCED_FACE ( 'NONE', ( #156 ), #1665, .F. ) ;
#2035 = LINE ( 'NONE', #2939, #3264 ) ;
#2036 = EDGE_LOOP ( 'NONE', ( #1978, #2199, #111, #3340 ) ) ;
#2037 = VERTEX_POINT ( 'NONE', #1364 ) ;
#2038 = CARTESIAN_POINT ( 'NONE',  ( 0.01066677628386799095, 0.001690559999999999806, -0.01122197249498291249 ) ) ;
#2039 = CARTESIAN_POINT ( 'NONE',  ( 0.01011191351183229892, 0.001690559999999999806, -0.01002620511618236392 ) ) ;
#2040 = CARTESIAN_POINT ( 'NONE',  ( 0.005282099801380564508, 0.004299999999999998268, -0.006559416273656193397 ) ) ;
#2041 = VECTOR ( 'NONE', #448, 1.000000000000000000 ) ;
#2042 = FACE_OUTER_BOUND ( 'NONE', #1490, .T. ) ;
#2043 = ORIENTED_EDGE ( 'NONE', *, *, #1126, .T. ) ;
#2044 = DIRECTION ( 'NONE',  ( -0.000000000000000000, 1.000000000000000000, 0.000000000000000000 ) ) ;
#2045 = CARTESIAN_POINT ( 'NONE',  ( 0.01066677628386799095, 0.001690559999999999806, -0.006559416273656193397 ) ) ;
#2046 = ADVANCED_BREP_SHAPE_REPRESENTATION ( 'Shell-Bottom', ( #320, #3013 ), #3327 ) ;
#2047 = VECTOR ( 'NONE', #3285, 1.000000000000000000 ) ;
#2048 = VERTEX_POINT ( 'NONE', #3169 ) ;
#2049 = CARTESIAN_POINT ( 'NONE',  ( 0.01886529081886899328, 0.003429851651431000542, 0.0009876860322002023462 ) ) ;
#2050 = FACE_OUTER_BOUND ( 'NONE', #78, .T. ) ;
#2051 = ADVANCED_FACE ( 'NONE', ( #472 ), #2271, .T. ) ;
#2052 = EDGE_CURVE ( 'NONE', #2147, #1203, #1702, .T. ) ;
#2053 = VECTOR ( 'NONE', #533, 1.000000000000000000 ) ;
#2054 = PLANE ( 'NONE',  #236 ) ;
#2055 = AXIS2_PLACEMENT_3D ( 'NONE', #3884, #3679, #3293 ) ;
#2056 = CARTESIAN_POINT ( 'NONE',  ( 0.0006040828504758188194, 0.004299999999999998268, -0.004444143617096329990 ) ) ;
#2057 = EDGE_LOOP ( 'NONE', ( #120, #834, #1545, #269 ) ) ;
#2058 = EDGE_CURVE ( 'NONE', #76, #3586, #3440, .T. ) ;
#2059 = EDGE_LOOP ( 'NONE', ( #2084, #1564, #1071, #1877 ) ) ;
#2060 = LINE ( 'NONE', #394, #2121 ) ;
#2061 = LINE ( 'NONE', #3524, #632 ) ;
#2062 = EDGE_CURVE ( 'NONE', #2940, #543, #3133, .T. ) ;
#2063 = FACE_OUTER_BOUND ( 'NONE', #3456, .T. ) ;
#2064 = ORIENTED_EDGE ( 'NONE', *, *, #2177, .F. ) ;
#2065 = DIRECTION ( 'NONE',  ( 0.000000000000000000, 0.000000000000000000, -1.000000000000000000 ) ) ;
#2066 = CARTESIAN_POINT ( 'NONE',  ( 0.009471191688981348000, 0.004299999999999998268, -0.009084714650391781041 ) ) ;
#2067 = ORIENTED_EDGE ( 'NONE', *, *, #773, .T. ) ;
#2068 = ORIENTED_EDGE ( 'NONE', *, *, #1576, .F. ) ;
#2069 = CARTESIAN_POINT ( 'NONE',  ( 0.0006189165509829907402, -0.01661751163414174060, -0.004444143617096329990 ) ) ;
#2070 = VECTOR ( 'NONE', #3209, 1.000000000000000000 ) ;
#2071 = LINE ( 'NONE', #887, #2360 ) ;
#2072 = CARTESIAN_POINT ( 'NONE',  ( 0.003595757357791492387, 0.0002999999999999999195, -0.006559416273656193397 ) ) ;
#2073 = VERTEX_POINT ( 'NONE', #116 ) ;
#2074 = ADVANCED_FACE ( 'NONE', ( #3758 ), #2860, .T. ) ;
#2075 = CARTESIAN_POINT ( 'NONE',  ( 0.005831435004923647691, 0.0002999999999999999195, -0.007508100888992563782 ) ) ;
#2076 = ORIENTED_EDGE ( 'NONE', *, *, #99, .F. ) ;
#2077 = AXIS2_PLACEMENT_3D ( 'NONE', #995, #2810, #2469 ) ;
#2078 = EDGE_CURVE ( 'NONE', #1581, #1810, #2882, .T. ) ;
#2079 = ORIENTED_EDGE ( 'NONE', *, *, #434, .F. ) ;
#2080 = CARTESIAN_POINT ( 'NONE',  ( 0.01099415933008824481, 0.004299999999999998268, -0.0008255689565281887354 ) ) ;
#2081 = DIRECTION ( 'NONE',  ( 0.000000000000000000, -0.000000000000000000, -1.000000000000000000 ) ) ;
#2082 = ADVANCED_FACE ( 'NONE', ( #1935 ), #435, .F. ) ;
#2083 = FACE_BOUND ( 'NONE', #2234, .T. ) ;
#2084 = ORIENTED_EDGE ( 'NONE', *, *, #869, .T. ) ;
#2085 = DIRECTION ( 'NONE',  ( -0.000000000000000000, -0.000000000000000000, -1.000000000000000000 ) ) ;
#2086 = DIRECTION ( 'NONE',  ( 0.000000000000000000, -1.000000000000000000, 0.000000000000000000 ) ) ;
#2087 = CARTESIAN_POINT ( 'NONE',  ( 0.01984691655098299104, 0.003429851651430993603, -0.0006526752430882133173 ) ) ;
#2088 = AXIS2_PLACEMENT_3D ( 'NONE', #833, #1691, #1432 ) ;
#2089 = ORIENTED_EDGE ( 'NONE', *, *, #2732, .F. ) ;
#2090 = VERTEX_POINT ( 'NONE', #2586 ) ;
#2091 = PLANE ( 'NONE',  #344 ) ;
#2092 = CIRCLE ( 'NONE', #1268, 0.0003500000000000000507 ) ;
#2093 = CARTESIAN_POINT ( 'NONE',  ( 0.000000000000000000, 0.0003000000000000016542, -0.006365815510203215108 ) ) ;
#2094 = DIRECTION ( 'NONE',  ( -0.000000000000000000, -0.000000000000000000, 1.000000000000000000 ) ) ;
#2095 = EDGE_LOOP ( 'NONE', ( #3268, #1276, #2546, #2490, #1486, #2190 ) ) ;
#2096 = CARTESIAN_POINT ( 'NONE',  ( 0.03114140839448971410, 0.002289999999999999935, -8.673617379884035472E-19 ) ) ;
#2097 = ORIENTED_EDGE ( 'NONE', *, *, #1915, .F. ) ;
#2098 = AXIS2_PLACEMENT_3D ( 'NONE', #659, #3891, #305 ) ;
#2099 = ORIENTED_EDGE ( 'NONE', *, *, #2164, .F. ) ;
#2100 = LINE ( 'NONE', #3097, #1680 ) ;
#2101 = CARTESIAN_POINT ( 'NONE',  ( 0.01250000000000000069, 0.0006403213429142518009, -0.003129242418765665334 ) ) ;
#2102 = EDGE_CURVE ( 'NONE', #3795, #1581, #1342, .T. ) ;
#2103 = VECTOR ( 'NONE', #2602, 1.000000000000000000 ) ;
#2104 = DIRECTION ( 'NONE',  ( 1.000000000000000000, -0.000000000000000000, -0.000000000000000000 ) ) ;
#2105 = ORIENTED_EDGE ( 'NONE', *, *, #929, .T. ) ;
#2106 = CARTESIAN_POINT ( 'NONE',  ( 0.01230059023991324912, 0.004299999999999998268, -0.0008255689565281887354 ) ) ;
#2107 = CARTESIAN_POINT ( 'NONE',  ( 0.01946666658543202977, 0.004732676393206743971, -0.01304780165324874452 ) ) ;
#2108 = CARTESIAN_POINT ( 'NONE',  ( 0.01886591655098299181, 0.005429851651431001451, 0.001973544934649726357 ) ) ;
#2109 = VECTOR ( 'NONE', #2653, 1.000000000000000000 ) ;
#2110 = EDGE_CURVE ( 'NONE', #925, #34, #1627, .T. ) ;
#2111 = ORIENTED_EDGE ( 'NONE', *, *, #2320, .T. ) ;
#2112 = ORIENTED_EDGE ( 'NONE', *, *, #1478, .T. ) ;
#2113 = PLANE ( 'NONE',  #3676 ) ;
#2114 = DIRECTION ( 'NONE',  ( 0.000000000000000000, -1.000000000000000000, -3.469446951953613418E-18 ) ) ;
#2115 = CARTESIAN_POINT ( 'NONE',  ( 0.003946247949256829340, 0.0002999999999999999195, -0.001338141805341974688 ) ) ;
#2116 = EDGE_CURVE ( 'NONE', #1606, #2296, #3695, .T. ) ;
#2117 = ORIENTED_EDGE ( 'NONE', *, *, #395, .T. ) ;
#2118 = CARTESIAN_POINT ( 'NONE',  ( 0.01154974872040884920, 0.001690559999999999806, -0.002299908472888967381 ) ) ;
#2119 = ORIENTED_EDGE ( 'NONE', *, *, #3186, .F. ) ;
#2120 = AXIS2_PLACEMENT_3D ( 'NONE', #905, #308, #626 ) ;
#2121 = VECTOR ( 'NONE', #3252, 1.000000000000000000 ) ;
#2122 = AXIS2_PLACEMENT_3D ( 'NONE', #3123, #692, #2236 ) ;
#2123 = ORIENTED_EDGE ( 'NONE', *, *, #3677, .F. ) ;
#2124 = CARTESIAN_POINT ( 'NONE',  ( 0.01250000000000000069, 0.001690560000000000673, -0.01171357386385252046 ) ) ;
#2125 = VECTOR ( 'NONE', #3435, 1.000000000000000000 ) ;
#2126 = CARTESIAN_POINT ( 'NONE',  ( 0.01984691655098299104, 0.0006403213429142518009, -0.001870313411187311814 ) ) ;
#2127 = ORIENTED_EDGE ( 'NONE', *, *, #2160, .F. ) ;
#2128 = EDGE_LOOP ( 'NONE', ( #2383, #1023, #476, #3187 ) ) ;
#2129 = ADVANCED_FACE ( 'NONE', ( #2291 ), #3479, .F. ) ;
#2130 = DIRECTION ( 'NONE',  ( -1.000000000000000000, 0.000000000000000000, 0.000000000000000000 ) ) ;
#2131 = CARTESIAN_POINT ( 'NONE',  ( 0.01946529081886899312, 0.004790000000000000854, 0.0009876860322002023462 ) ) ;
#2132 = FACE_OUTER_BOUND ( 'NONE', #330, .T. ) ;
#2133 = EDGE_LOOP ( 'NONE', ( #2119, #2235, #2460, #2989 ) ) ;
#2134 = ORIENTED_EDGE ( 'NONE', *, *, #2151, .F. ) ;
#2135 = EDGE_CURVE ( 'NONE', #730, #3194, #1003, .T. ) ;
#2136 = FACE_OUTER_BOUND ( 'NONE', #594, .T. ) ;
#2137 = CARTESIAN_POINT ( 'NONE',  ( 0.02086591655098299358, 0.005429851651431001451, 0.001623544934649726306 ) ) ;
#2138 = DIRECTION ( 'NONE',  ( -0.000000000000000000, -1.000000000000000000, -0.000000000000000000 ) ) ;
#2139 = VERTEX_POINT ( 'NONE', #1914 ) ;
#2140 = VECTOR ( 'NONE', #2974, 1.000000000000000000 ) ;
#2141 = DIRECTION ( 'NONE',  ( -0.000000000000000000, -1.000000000000000000, -0.000000000000000000 ) ) ;
#2142 = VERTEX_POINT ( 'NONE', #2211 ) ;
#2143 = VERTEX_POINT ( 'NONE', #3735 ) ;
#2144 = VECTOR ( 'NONE', #846, 1.000000000000000000 ) ;
#2145 = CARTESIAN_POINT ( 'NONE',  ( 0.003791532590698178107, 0.0002999999999999999195, -0.01122197249498291249 ) ) ;
#2146 = ORIENTED_EDGE ( 'NONE', *, *, #1649, .F. ) ;
#2147 = VERTEX_POINT ( 'NONE', #3402 ) ;
#2148 = CARTESIAN_POINT ( 'NONE',  ( 0.01066677628386799095, 0.001690559999999999806, -0.007853343260645573309 ) ) ;
#2149 = PLANE ( 'NONE',  #2321 ) ;
#2150 = CARTESIAN_POINT ( 'NONE',  ( 0.01250000000000000069, 0.0006500000000000012712, -0.0006639159790157553483 ) ) ;
#2151 = EDGE_CURVE ( 'NONE', #3173, #762, #415, .T. ) ;
#2152 = VERTEX_POINT ( 'NONE', #1021 ) ;
#2153 = VERTEX_POINT ( 'NONE', #2230 ) ;
#2154 = CARTESIAN_POINT ( 'NONE',  ( 0.01886591655098299181, -0.01159174901508180922, -0.01407389542082615463 ) ) ;
#2155 = DIRECTION ( 'NONE',  ( -1.000000000000000000, 0.000000000000000000, 0.000000000000000000 ) ) ;
#2156 = EDGE_CURVE ( 'NONE', #3771, #1836, #2538, .T. ) ;
#2157 = ORIENTED_EDGE ( 'NONE', *, *, #140, .F. ) ;
#2158 = DIRECTION ( 'NONE',  ( 1.000000000000000000, 0.000000000000000000, -0.000000000000000000 ) ) ;
#2159 = VERTEX_POINT ( 'NONE', #3224 ) ;
#2160 = EDGE_CURVE ( 'NONE', #1445, #3082, #1136, .T. ) ;
#2161 = EDGE_CURVE ( 'NONE', #1232, #3113, #2640, .T. ) ;
#2162 = VERTEX_POINT ( 'NONE', #3855 ) ;
#2163 = LINE ( 'NONE', #1785, #1467 ) ;
#2164 = EDGE_CURVE ( 'NONE', #3399, #3204, #2071, .T. ) ;
#2165 = VERTEX_POINT ( 'NONE', #272 ) ;
#2166 = CARTESIAN_POINT ( 'NONE',  ( 0.01208551635339049496, 0.004299999999999998268, -0.01002620511618236392 ) ) ;
#2167 = CARTESIAN_POINT ( 'NONE',  ( 0.01250000000000000069, 0.0006403213429142518009, -0.0006526752430882135341 ) ) ;
#2168 = DIRECTION ( 'NONE',  ( 1.000000000000000000, 0.000000000000000000, 0.000000000000000000 ) ) ;
#2169 = ORIENTED_EDGE ( 'NONE', *, *, #421, .T. ) ;
#2170 = CARTESIAN_POINT ( 'NONE',  ( 0.01154974872040884920, 0.004299999999999998268, -0.0008255689565281887354 ) ) ;
#2171 = VECTOR ( 'NONE', #825, 1.000000000000000000 ) ;
#2172 = FACE_BOUND ( 'NONE', #558, .T. ) ;
#2173 = SHAPE_DEFINITION_REPRESENTATION ( #75, #2046 ) ;
#2174 = EDGE_LOOP ( 'NONE', ( #668, #3406, #889, #89 ) ) ;
#2175 = PRESENTATION_STYLE_ASSIGNMENT (( #3056 ) ) ;
#2176 = VERTEX_POINT ( 'NONE', #2366 ) ;
#2177 = EDGE_CURVE ( 'NONE', #3331, #3660, #2973, .T. ) ;
#2178 = VERTEX_POINT ( 'NONE', #196 ) ;
#2179 = EDGE_CURVE ( 'NONE', #2142, #3862, #3798, .T. ) ;
#2180 = LINE ( 'NONE', #1345, #2873 ) ;
#2181 = CIRCLE ( 'NONE', #1618, 0.01106826795450370493 ) ;
#2182 = ORIENTED_EDGE ( 'NONE', *, *, #1954, .F. ) ;
#2183 = LINE ( 'NONE', #1574, #3426 ) ;
#2184 = CARTESIAN_POINT ( 'NONE',  ( 0.003595757357791493688, 0.0002999999999999999195, -0.008946355434476416235 ) ) ;
#2185 = DIRECTION ( 'NONE',  ( -1.000000000000000000, 0.000000000000000000, 0.000000000000000000 ) ) ;
#2186 = ORIENTED_EDGE ( 'NONE', *, *, #2984, .T. ) ;
#2187 = DIRECTION ( 'NONE',  ( -0.000000000000000000, -3.469446951953613418E-18, 1.000000000000000000 ) ) ;
#2188 = DIRECTION ( 'NONE',  ( -0.000000000000000000, -0.000000000000000000, 1.000000000000000000 ) ) ;
#2189 = CARTESIAN_POINT ( 'NONE',  ( 0.01344424140157897581, -0.01159174901508181268, 5.204170427930421283E-18 ) ) ;
#2190 = ORIENTED_EDGE ( 'NONE', *, *, #1705, .F. ) ;
#2191 = DIRECTION ( 'NONE',  ( -0.000000000000000000, -3.469446951953613418E-18, 1.000000000000000000 ) ) ;
#2192 = EDGE_CURVE ( 'NONE', #1089, #2928, #2936, .T. ) ;
#2193 = VERTEX_POINT ( 'NONE', #213 ) ;
#2194 = PLANE ( 'NONE',  #3739 ) ;
#2195 = ORIENTED_EDGE ( 'NONE', *, *, #1569, .T. ) ;
#2196 = VECTOR ( 'NONE', #1703, 1.000000000000000000 ) ;
#2197 = LINE ( 'NONE', #3445, #3338 ) ;
#2198 = ADVANCED_FACE ( 'NONE', ( #1736 ), #3555, .F. ) ;
#2199 = ORIENTED_EDGE ( 'NONE', *, *, #3211, .T. ) ;
#2200 = DIRECTION ( 'NONE',  ( -0.000000000000000000, -1.000000000000000000, -0.000000000000000000 ) ) ;
#2201 = PLANE ( 'NONE',  #678 ) ;
#2202 = DIRECTION ( 'NONE',  ( 0.000000000000000000, 3.469446951953613418E-18, -1.000000000000000000 ) ) ;
#2203 = CLOSED_SHELL ( 'NONE', ( #1906, #2327, #1124, #1747, #2362, #1300, #3140, #1873, #1081, #2198, #2007, #2975, #1558, #3154, #1577, #2413, #1631, #3448, #192, #288, #2051, #3560, #3413, #3015, #984, #2761, #391, #3085, #456, #3251, #875, #3185, #2326, #3848, #3330, #3422, #950, #2464, #2557, #43, #1965, #2726, #1279, #694, #3137, #584, #3352, #3540, #1007, #606, #704, #2129, #1669, #153, #48, #2751, #1182, #3901, #3306, #3903, #1661, #1457, #3042, #2787, #484, #3724, #3466, #760, #1056, #1598, #1820, #1533, #2272, #547, #21, #660, #1379, #2220, #1334, #722, #2034, #310, #1936, #1742, #651, #316, #2681, #3260, #2027, #2082, #3640, #750, #3800, #548, #2801, #1157, #3389, #2902, #991, #793, #1939, #1149, #965, #463, #2225, #2074, #2938, #2205, #2498, #386, #1798, #2674, #338, #2231, #1033, #97, #2917, #2440, #3157 ) ) ;
#2204 = EDGE_CURVE ( 'NONE', #1940, #563, #3265, .T. ) ;
#2205 = ADVANCED_FACE ( 'NONE', ( #3876 ), #566, .T. ) ;
#2206 = EDGE_LOOP ( 'NONE', ( #3579, #841, #2455, #1905, #441, #1057, #934, #933, #2505, #3581, #1206, #2896, #349, #276, #3284, #1878, #1047, #1447, #916 ) ) ;
#2207 = CARTESIAN_POINT ( 'NONE',  ( 0.01946529081886899312, 0.000000000000000000, 0.000000000000000000 ) ) ;
#2208 = ORIENTED_EDGE ( 'NONE', *, *, #3706, .F. ) ;
#2209 = CARTESIAN_POINT ( 'NONE',  ( 0.01886529081886899328, 0.003429851651431000542, -0.01409084671280311230 ) ) ;
#2210 = ORIENTED_EDGE ( 'NONE', *, *, #2477, .T. ) ;
#2211 = CARTESIAN_POINT ( 'NONE',  ( 0.000000000000000000, 0.0003000000000000016542, -0.01136357386385252258 ) ) ;
#2212 = VECTOR ( 'NONE', #398, 1.000000000000000000 ) ;
#2213 = ORIENTED_EDGE ( 'NONE', *, *, #3630, .T. ) ;
#2214 = ORIENTED_EDGE ( 'NONE', *, *, #1327, .F. ) ;
#2215 = CARTESIAN_POINT ( 'NONE',  ( 0.009471191688981348000, 0.001690559999999999806, -0.009084714650391781041 ) ) ;
#2216 = ORIENTED_EDGE ( 'NONE', *, *, #2856, .T. ) ;
#2217 = EDGE_LOOP ( 'NONE', ( #2157, #2532, #997, #1913 ) ) ;
#2218 = FACE_OUTER_BOUND ( 'NONE', #2229, .T. ) ;
#2219 = DIRECTION ( 'NONE',  ( 1.000000000000000000, 0.000000000000000000, 0.000000000000000000 ) ) ;
#2220 = ADVANCED_FACE ( 'NONE', ( #3516 ), #1719, .F. ) ;
#2221 = LINE ( 'NONE', #3125, #1386 ) ;
#2222 = CARTESIAN_POINT ( 'NONE',  ( 0.01984691655098299104, 0.001690559999999999806, -0.01002733767805662202 ) ) ;
#2223 = ORIENTED_EDGE ( 'NONE', *, *, #2795, .T. ) ;
#2224 = LINE ( 'NONE', #3709, #94 ) ;
#2225 = ADVANCED_FACE ( 'NONE', ( #2050 ), #1777, .T. ) ;
#2226 = FACE_BOUND ( 'NONE', #2817, .T. ) ;
#2227 = ORIENTED_EDGE ( 'NONE', *, *, #2249, .F. ) ;
#2228 = FILL_AREA_STYLE_COLOUR ( '', #3639 ) ;
#2229 = EDGE_LOOP ( 'NONE', ( #3744, #1594, #259, #2545 ) ) ;
#2230 = CARTESIAN_POINT ( 'NONE',  ( 0.01886529081886899328, 0.003429851651431000542, 0.001973544934649726357 ) ) ;
#2231 = ADVANCED_FACE ( 'NONE', ( #1480 ), #2678, .F. ) ;
#2232 = EDGE_LOOP ( 'NONE', ( #2675, #1922, #3217, #3324 ) ) ;
#2233 = PLANE ( 'NONE',  #1620 ) ;
#2234 = EDGE_LOOP ( 'NONE', ( #550, #66, #3417, #327 ) ) ;
#2235 = ORIENTED_EDGE ( 'NONE', *, *, #1958, .F. ) ;
#2236 = DIRECTION ( 'NONE',  ( 0.000000000000000000, 0.000000000000000000, -1.000000000000000000 ) ) ;
#2237 = CARTESIAN_POINT ( 'NONE',  ( 0.007380024444763835789, 0.004299999999999998268, -0.003766393599310413620 ) ) ;
#2238 = VECTOR ( 'NONE', #1348, 1.000000000000000000 ) ;
#2239 = LINE ( 'NONE', #426, #756 ) ;
#2240 = VECTOR ( 'NONE', #914, 1.000000000000000000 ) ;
#2241 = VECTOR ( 'NONE', #1507, 1.000000000000000000 ) ;
#2242 = EDGE_CURVE ( 'NONE', #2370, #2048, #1175, .T. ) ;
#2243 = VECTOR ( 'NONE', #2666, 1.000000000000000000 ) ;
#2244 = DIRECTION ( 'NONE',  ( -1.000000000000000000, 0.000000000000000000, 0.000000000000000000 ) ) ;
#2245 = ORIENTED_EDGE ( 'NONE', *, *, #816, .F. ) ;
#2246 = CARTESIAN_POINT ( 'NONE',  ( 0.02086591655098299358, 0.002289999999999999935, -0.002552674351235214092 ) ) ;
#2247 = DIRECTION ( 'NONE',  ( 0.000000000000000000, -0.000000000000000000, -1.000000000000000000 ) ) ;
#2248 = AXIS2_PLACEMENT_3D ( 'NONE', #1090, #2359, #2342 ) ;
#2249 = EDGE_CURVE ( 'NONE', #3851, #76, #3574, .T. ) ;
#2250 = ORIENTED_EDGE ( 'NONE', *, *, #799, .F. ) ;
#2251 = CARTESIAN_POINT ( 'NONE',  ( 0.01066677628386799095, 0.001690559999999999806, -0.008842395677957748390 ) ) ;
#2252 = DIRECTION ( 'NONE',  ( -1.000000000000000000, 0.000000000000000000, 0.000000000000000000 ) ) ;
#2253 = CARTESIAN_POINT ( 'NONE',  ( 0.02086591655098299358, 0.005079851651431002701, 0.001973544934649726357 ) ) ;
#2254 = ORIENTED_EDGE ( 'NONE', *, *, #2878, .F. ) ;
#2255 = PLANE ( 'NONE',  #1684 ) ;
#2256 = ORIENTED_EDGE ( 'NONE', *, *, #501, .F. ) ;
#2257 = VERTEX_POINT ( 'NONE', #505 ) ;
#2258 = VERTEX_POINT ( 'NONE', #2621 ) ;
#2259 = AXIS2_PLACEMENT_3D ( 'NONE', #324, #2086, #1531 ) ;
#2260 = DIRECTION ( 'NONE',  ( -0.000000000000000000, -1.000000000000000000, -0.000000000000000000 ) ) ;
#2261 = PLANE ( 'NONE',  #2868 ) ;
#2262 = LINE ( 'NONE', #1267, #1763 ) ;
#2263 = DIRECTION ( 'NONE',  ( 0.000000000000000000, 0.000000000000000000, 1.000000000000000000 ) ) ;
#2264 = ORIENTED_EDGE ( 'NONE', *, *, #636, .F. ) ;
#2265 = LINE ( 'NONE', #1600, #3489 ) ;
#2266 = CARTESIAN_POINT ( 'NONE',  ( 0.008617972442110481690, 0.001690559999999999806, -0.002175653194538273993 ) ) ;
#2267 = VECTOR ( 'NONE', #3311, 1.000000000000000000 ) ;
#2268 = AXIS2_PLACEMENT_3D ( 'NONE', #3569, #581, #922 ) ;
#2269 = EDGE_LOOP ( 'NONE', ( #1553, #296, #400, #972, #3620, #2569 ) ) ;
#2270 = DIRECTION ( 'NONE',  ( 0.000000000000000000, 0.000000000000000000, -1.000000000000000000 ) ) ;
#2271 = PLANE ( 'NONE',  #413 ) ;
#2272 = ADVANCED_FACE ( 'NONE', ( #1116 ), #2331, .F. ) ;
#2273 = LINE ( 'NONE', #1403, #3760 ) ;
#2274 = CARTESIAN_POINT ( 'NONE',  ( 0.01066677628386799095, -0.01661751163414174060, -0.0003139159790157552976 ) ) ;
#2275 = EDGE_CURVE ( 'NONE', #1626, #138, #1215, .T. ) ;
#2276 = LINE ( 'NONE', #161, #3711 ) ;
#2277 = EDGE_CURVE ( 'NONE', #1836, #149, #1562, .T. ) ;
#2278 = ORIENTED_EDGE ( 'NONE', *, *, #2062, .T. ) ;
#2279 = FACE_OUTER_BOUND ( 'NONE', #3898, .T. ) ;
#2280 = DIRECTION ( 'NONE',  ( -0.000000000000000000, -1.000000000000000000, -0.000000000000000000 ) ) ;
#2281 = CARTESIAN_POINT ( 'NONE',  ( 0.008102269004763809623, 0.004299999999999998268, -0.0007332206897967489395 ) ) ;
#2282 = EDGE_CURVE ( 'NONE', #2839, #2257, #1235, .T. ) ;
#2283 = DIRECTION ( 'NONE',  ( 1.000000000000000000, -0.000000000000000000, -0.000000000000000000 ) ) ;
#2284 = EDGE_LOOP ( 'NONE', ( #3063, #3428, #2845, #989 ) ) ;
#2285 = DIRECTION ( 'NONE',  ( 0.000000000000000000, 0.000000000000000000, 1.000000000000000000 ) ) ;
#2286 = DIRECTION ( 'NONE',  ( 0.000000000000000000, 1.000000000000000000, 3.469446951953613418E-18 ) ) ;
#2287 = EDGE_LOOP ( 'NONE', ( #3530, #2665, #1406, #3673 ) ) ;
#2288 = PLANE ( 'NONE',  #2672 ) ;
#2289 = AXIS2_PLACEMENT_3D ( 'NONE', #3864, #3563, #2081 ) ;
#2290 = CARTESIAN_POINT ( 'NONE',  ( 0.01250000000000000069, 0.002289999999999999935, -0.01206000000000000127 ) ) ;
#2291 = FACE_OUTER_BOUND ( 'NONE', #701, .T. ) ;
#2292 = DIRECTION ( 'NONE',  ( 0.000000000000000000, 0.000000000000000000, -1.000000000000000000 ) ) ;
#2293 = EDGE_CURVE ( 'NONE', #3116, #3045, #351, .T. ) ;
#2294 = CARTESIAN_POINT ( 'NONE',  ( 0.01011191351183229892, 0.0002999999999999999195, -0.01002620511618236392 ) ) ;
#2295 = EDGE_CURVE ( 'NONE', #193, #2176, #3072, .T. ) ;
#2296 = VERTEX_POINT ( 'NONE', #1538 ) ;
#2297 = CARTESIAN_POINT ( 'NONE',  ( 0.008617972442110481690, 0.004299999999999998268, -0.002175653194538273993 ) ) ;
#2298 = LINE ( 'NONE', #3805, #1551 ) ;
#2299 = DIRECTION ( 'NONE',  ( -0.000000000000000000, 1.000000000000000000, -0.000000000000000000 ) ) ;
#2300 = EDGE_CURVE ( 'NONE', #3380, #1052, #2742, .T. ) ;
#2301 = CARTESIAN_POINT ( 'NONE',  ( 0.009437436128616104314, 0.001690559999999999806, -0.008842395677957748390 ) ) ;
#2302 = ORIENTED_EDGE ( 'NONE', *, *, #3661, .T. ) ;
#2303 = CARTESIAN_POINT ( 'NONE',  ( 0.005831435004923647691, 0.001690559999999999806, -0.006365815510203215108 ) ) ;
#2304 = AXIS2_PLACEMENT_3D ( 'NONE', #2718, #2755, #1191 ) ;
#2305 = LINE ( 'NONE', #1987, #2109 ) ;
#2306 = AXIS2_PLACEMENT_3D ( 'NONE', #3777, #2252, #92 ) ;
#2307 = AXIS2_PLACEMENT_3D ( 'NONE', #1991, #1776, #2029 ) ;
#2308 = ORIENTED_EDGE ( 'NONE', *, *, #1705, .T. ) ;
#2309 = DIRECTION ( 'NONE',  ( -0.000000000000000000, 0.9999854270370491793, -0.005398677016693512187 ) ) ;
#2310 = CYLINDRICAL_SURFACE ( 'NONE', #1503, 0.0003499999999999996170 ) ;
#2311 = VECTOR ( 'NONE', #3527, 1.000000000000000000 ) ;
#2312 = DIRECTION ( 'NONE',  ( 0.000000000000000000, 0.000000000000000000, 1.000000000000000000 ) ) ;
#2313 = LINE ( 'NONE', #3498, #1754 ) ;
#2314 = CARTESIAN_POINT ( 'NONE',  ( 0.005813831172303636843, 0.004299999999999998268, -0.007853343260645573309 ) ) ;
#2315 = EDGE_CURVE ( 'NONE', #3450, #903, #3672, .T. ) ;
#2316 = ORIENTED_EDGE ( 'NONE', *, *, #2968, .F. ) ;
#2317 = DIRECTION ( 'NONE',  ( 1.000000000000000000, 0.000000000000000000, 0.000000000000000000 ) ) ;
#2318 = DIRECTION ( 'NONE',  ( 0.000000000000000000, 0.000000000000000000, 1.000000000000000000 ) ) ;
#2319 = DIRECTION ( 'NONE',  ( 1.000000000000000000, 0.000000000000000000, 0.000000000000000000 ) ) ;
#2320 = EDGE_CURVE ( 'NONE', #3701, #1800, #1839, .T. ) ;
#2321 = AXIS2_PLACEMENT_3D ( 'NONE', #343, #1556, #42 ) ;
#2322 = DIRECTION ( 'NONE',  ( 0.000000000000000000, -3.469446951953613418E-18, 1.000000000000000000 ) ) ;
#2323 = VERTEX_POINT ( 'NONE', #31 ) ;
#2324 = CARTESIAN_POINT ( 'NONE',  ( 0.03114140839448971410, 0.0003499999999999999964, -0.0003500000000000001591 ) ) ;
#2325 = LINE ( 'NONE', #3850, #696 ) ;
#2326 = ADVANCED_FACE ( 'NONE', ( #2703 ), #3896, .F. ) ;
#2327 = ADVANCED_FACE ( 'NONE', ( #3594 ), #2441, .F. ) ;
#2328 = ORIENTED_EDGE ( 'NONE', *, *, #2685, .T. ) ;
#2329 = DIRECTION ( 'NONE',  ( 1.000000000000000000, 0.000000000000000000, 0.000000000000000000 ) ) ;
#2330 = LINE ( 'NONE', #523, #1698 ) ;
#2331 = PLANE ( 'NONE',  #709 ) ;
#2332 = CARTESIAN_POINT ( 'NONE',  ( 0.01066677628386799095, 0.001690559999999999806, -0.008946355434476416235 ) ) ;
#2333 = VECTOR ( 'NONE', #2619, 1.000000000000000000 ) ;
#2334 = DIRECTION ( 'NONE',  ( -1.000000000000000000, 0.000000000000000000, 0.000000000000000000 ) ) ;
#2335 = VERTEX_POINT ( 'NONE', #609 ) ;
#2336 = ORIENTED_EDGE ( 'NONE', *, *, #3861, .T. ) ;
#2337 = DIRECTION ( 'NONE',  ( 1.000000000000000000, 0.000000000000000000, 0.000000000000000000 ) ) ;
#2338 = PLANE ( 'NONE',  #2482 ) ;
#2339 = CARTESIAN_POINT ( 'NONE',  ( 0.003595757357791493688, 0.004299999999999998268, -0.008946355434476416235 ) ) ;
#2340 = DIRECTION ( 'NONE',  ( -1.000000000000000000, 0.000000000000000000, 0.000000000000000000 ) ) ;
#2341 = ORIENTED_EDGE ( 'NONE', *, *, #706, .F. ) ;
#2342 = DIRECTION ( 'NONE',  ( 0.000000000000000000, 2.787948443534157358E-15, 1.000000000000000000 ) ) ;
#2343 = CARTESIAN_POINT ( 'NONE',  ( 0.0006241405777339670280, 0.001690559999999999806, -0.001887931587602142969 ) ) ;
#2344 = ORIENTED_EDGE ( 'NONE', *, *, #57, .F. ) ;
#2345 = EDGE_CURVE ( 'NONE', #3128, #368, #1818, .T. ) ;
#2346 = CARTESIAN_POINT ( 'NONE',  ( 0.01886591655098299181, 0.003429851651431000542, 0.000000000000000000 ) ) ;
#2347 = DIRECTION ( 'NONE',  ( 0.000000000000000000, 0.000000000000000000, -1.000000000000000000 ) ) ;
#2348 = CARTESIAN_POINT ( 'NONE',  ( 0.008265290818868993236, 0.004290000000000000410, -0.001512313943909821120 ) ) ;
#2349 = LINE ( 'NONE', #2387, #2444 ) ;
#2350 = CARTESIAN_POINT ( 'NONE',  ( 0.0006189165509829907402, 0.002289999999999999935, -0.006365815510203215108 ) ) ;
#2351 = ORIENTED_EDGE ( 'NONE', *, *, #2204, .T. ) ;
#2352 = EDGE_CURVE ( 'NONE', #3283, #3660, #3014, .T. ) ;
#2353 = ORIENTED_EDGE ( 'NONE', *, *, #3106, .F. ) ;
#2354 = DIRECTION ( 'NONE',  ( -1.000000000000000000, 0.000000000000000000, 0.000000000000000000 ) ) ;
#2355 = CARTESIAN_POINT ( 'NONE',  ( 0.01886591655098299181, 0.0003499999999999996170, 0.001623544934649726306 ) ) ;
#2356 = DIRECTION ( 'NONE',  ( -0.000000000000000000, 1.000000000000000000, -0.000000000000000000 ) ) ;
#2357 = CARTESIAN_POINT ( 'NONE',  ( 0.01230059023991324912, 0.004299999999999998268, -0.002299908472888967381 ) ) ;
#2358 = VERTEX_POINT ( 'NONE', #2723 ) ;
#2359 = DIRECTION ( 'NONE',  ( 1.000000000000000000, -0.000000000000000000, -0.000000000000000000 ) ) ;
#2360 = VECTOR ( 'NONE', #253, 1.000000000000000000 ) ;
#2361 = DIRECTION ( 'NONE',  ( -0.000000000000000000, -1.000000000000000000, -0.000000000000000000 ) ) ;
#2362 = ADVANCED_FACE ( 'NONE', ( #2779, #2172 ), #3361, .T. ) ;
#2363 = VERTEX_POINT ( 'NONE', #3614 ) ;
#2364 = EDGE_LOOP ( 'NONE', ( #670, #946, #540, #954 ) ) ;
#2365 = DIRECTION ( 'NONE',  ( 0.000000000000000000, 0.000000000000000000, -1.000000000000000000 ) ) ;
#2366 = CARTESIAN_POINT ( 'NONE',  ( 0.01250000000000000069, 0.0006500000000000012712, -0.0003139159790157552976 ) ) ;
#2367 = VECTOR ( 'NONE', #3804, 1.000000000000000000 ) ;
#2368 = EDGE_CURVE ( 'NONE', #3066, #2193, #928, .T. ) ;
#2369 = CARTESIAN_POINT ( 'NONE',  ( 0.01066677628386799095, 0.001690559999999999806, -0.002299908472888967381 ) ) ;
#2370 = VERTEX_POINT ( 'NONE', #3636 ) ;
#2371 = VECTOR ( 'NONE', #451, 1.000000000000000000 ) ;
#2372 = CARTESIAN_POINT ( 'NONE',  ( 0.01886529081886899328, 0.003429851651431000542, -0.008902674311657213235 ) ) ;
#2373 = ORIENTED_EDGE ( 'NONE', *, *, #2831, .T. ) ;
#2374 = ORIENTED_EDGE ( 'NONE', *, *, #1327, .T. ) ;
#2375 = LINE ( 'NONE', #1590, #1290 ) ;
#2376 = CARTESIAN_POINT ( 'NONE',  ( 0.01946529081886899312, 0.004290000000000000410, -0.001512313943909821120 ) ) ;
#2377 = PLANE ( 'NONE',  #2575 ) ;
#2378 = ORIENTED_EDGE ( 'NONE', *, *, #1983, .F. ) ;
#2379 = CARTESIAN_POINT ( 'NONE',  ( 0.002856818845405680041, 0.001690559999999999806, -0.003642581792655086304 ) ) ;
#2380 = DIRECTION ( 'NONE',  ( -1.000000000000000000, -0.000000000000000000, -0.000000000000000000 ) ) ;
#2381 = PLANE ( 'NONE',  #2268 ) ;
#2382 = EDGE_LOOP ( 'NONE', ( #1928, #2728, #2811, #2019, #3893 ) ) ;
#2383 = ORIENTED_EDGE ( 'NONE', *, *, #2608, .T. ) ;
#2384 = CARTESIAN_POINT ( 'NONE',  ( 0.01154974872040884920, 0.001690559999999999806, -0.0008255689565281887354 ) ) ;
#2385 = VECTOR ( 'NONE', #1799, 1.000000000000000000 ) ;
#2386 = CARTESIAN_POINT ( 'NONE',  ( 0.01984691655098299104, -0.007969532436456219782, -0.01002733767805662202 ) ) ;
#2387 = CARTESIAN_POINT ( 'NONE',  ( 0.009471191688981348000, 0.004299999999999998268, -0.01122197249498291249 ) ) ;
#2388 = VERTEX_POINT ( 'NONE', #628 ) ;
#2389 = VECTOR ( 'NONE', #3532, 1.000000000000000000 ) ;
#2390 = DIRECTION ( 'NONE',  ( -0.000000000000000000, 1.000000000000000000, 0.000000000000000000 ) ) ;
#2391 = ORIENTED_EDGE ( 'NONE', *, *, #2555, .F. ) ;
#2392 = EDGE_CURVE ( 'NONE', #1749, #3862, #3036, .T. ) ;
#2393 = ORIENTED_EDGE ( 'NONE', *, *, #3040, .T. ) ;
#2394 = EDGE_CURVE ( 'NONE', #3194, #184, #3347, .T. ) ;
#2395 = LINE ( 'NONE', #1142, #3545 ) ;
#2396 = DIRECTION ( 'NONE',  ( 0.000000000000000000, -1.000000000000000000, 0.000000000000000000 ) ) ;
#2397 = DIRECTION ( 'NONE',  ( 1.000000000000000000, 0.000000000000000000, 0.000000000000000000 ) ) ;
#2398 = ORIENTED_EDGE ( 'NONE', *, *, #2757, .T. ) ;
#2399 = CYLINDRICAL_SURFACE ( 'NONE', #3305, 0.0003499999999999996170 ) ;
#2400 = CARTESIAN_POINT ( 'NONE',  ( 0.01230059023991324912, 0.001690559999999999806, -0.002299908472888967381 ) ) ;
#2401 = CARTESIAN_POINT ( 'NONE',  ( 0.002484595167507867852, 0.004299999999999998268, -0.001887931587602142969 ) ) ;
#2402 = ORIENTED_EDGE ( 'NONE', *, *, #3588, .T. ) ;
#2403 = ORIENTED_EDGE ( 'NONE', *, *, #366, .T. ) ;
#2404 = DIRECTION ( 'NONE',  ( 0.000000000000000000, 0.000000000000000000, -1.000000000000000000 ) ) ;
#2405 = CARTESIAN_POINT ( 'NONE',  ( 0.002484595167507867852, 0.0002999999999999999195, -0.001887931587602142969 ) ) ;
#2406 = DIRECTION ( 'NONE',  ( -0.000000000000000000, -1.000000000000000000, -0.000000000000000000 ) ) ;
#2407 = EDGE_LOOP ( 'NONE', ( #3335, #2942, #858, #2493, #3618, #3291, #644, #2771 ) ) ;
#2408 = CARTESIAN_POINT ( 'NONE',  ( 0.007380024444763835789, 0.001690559999999999806, -0.005740431678123325554 ) ) ;
#2409 = EDGE_LOOP ( 'NONE', ( #2744, #1625, #2964, #2134 ) ) ;
#2410 = ORIENTED_EDGE ( 'NONE', *, *, #612, .F. ) ;
#2411 = FACE_OUTER_BOUND ( 'NONE', #1933, .T. ) ;
#2412 = FACE_OUTER_BOUND ( 'NONE', #3561, .T. ) ;
#2413 = ADVANCED_FACE ( 'NONE', ( #700 ), #152, .F. ) ;
#2414 = VERTEX_POINT ( 'NONE', #3754 ) ;
#2415 = EDGE_LOOP ( 'NONE', ( #1253, #2971, #28, #3821 ) ) ;
#2416 = LINE ( 'NONE', #879, #3246 ) ;
#2417 = CYLINDRICAL_SURFACE ( 'NONE', #3564, 0.01106826795450370493 ) ;
#2418 = CARTESIAN_POINT ( 'NONE',  ( 0.001062852872235363344, 0.001690559999999999806, -0.008946355434476416235 ) ) ;
#2419 = VECTOR ( 'NONE', #1339, 1.000000000000000000 ) ;
#2420 = ORIENTED_EDGE ( 'NONE', *, *, #654, .T. ) ;
#2421 = ORIENTED_EDGE ( 'NONE', *, *, #2161, .F. ) ;
#2422 = DIRECTION ( 'NONE',  ( 1.000000000000000000, -0.000000000000000000, 1.387778780781445676E-16 ) ) ;
#2423 = CARTESIAN_POINT ( 'NONE',  ( 0.01984691655098299104, -0.02113176284409280098, -0.01294667524308821226 ) ) ;
#2424 = CARTESIAN_POINT ( 'NONE',  ( 0.02086591655098299358, 0.005079851651431000967, -0.01409084671280311230 ) ) ;
#2425 = VERTEX_POINT ( 'NONE', #1949 ) ;
#2426 = DIRECTION ( 'NONE',  ( -0.000000000000000000, -1.000000000000000000, -0.000000000000000000 ) ) ;
#2427 = ORIENTED_EDGE ( 'NONE', *, *, #3461, .T. ) ;
#2428 = AXIS2_PLACEMENT_3D ( 'NONE', #3582, #1806, #1487 ) ;
#2429 = VERTEX_POINT ( 'NONE', #3458 ) ;
#2430 = VECTOR ( 'NONE', #3753, 1.000000000000000000 ) ;
#2431 = PLANE ( 'NONE',  #3742 ) ;
#2432 = EDGE_LOOP ( 'NONE', ( #992, #1779, #3693, #2353 ) ) ;
#2433 = ORIENTED_EDGE ( 'NONE', *, *, #1633, .F. ) ;
#2434 = DIRECTION ( 'NONE',  ( 0.000000000000000000, 3.469446951953613418E-18, -1.000000000000000000 ) ) ;
#2435 = LINE ( 'NONE', #1513, #1055 ) ;
#2436 = LINE ( 'NONE', #623, #3643 ) ;
#2437 = ORIENTED_EDGE ( 'NONE', *, *, #2772, .F. ) ;
#2438 = VERTEX_POINT ( 'NONE', #3397 ) ;
#2439 = CARTESIAN_POINT ( 'NONE',  ( 0.005813831172303636843, 0.001690559999999999806, -0.006365815510203215108 ) ) ;
#2440 = ADVANCED_FACE ( 'NONE', ( #1908 ), #174, .F. ) ;
#2441 = PLANE ( 'NONE',  #3050 ) ;
#2442 = EDGE_CURVE ( 'NONE', #2632, #3553, #2855, .T. ) ;
#2443 = EDGE_LOOP ( 'NONE', ( #2373, #1306, #821, #1043 ) ) ;
#2444 = VECTOR ( 'NONE', #2406, 1.000000000000000000 ) ;
#2445 = CARTESIAN_POINT ( 'NONE',  ( 0.007496184346508165397, 0.004299999999999998268, -0.006480299519805665653 ) ) ;
#2446 = VERTEX_POINT ( 'NONE', #2266 ) ;
#2447 = VECTOR ( 'NONE', #3146, 1.000000000000000000 ) ;
#2448 = EDGE_LOOP ( 'NONE', ( #615, #2636, #1193, #297, #1824, #2659, #1156 ) ) ;
#2449 = MECHANICAL_DESIGN_GEOMETRIC_PRESENTATION_REPRESENTATION (  '', ( #1062 ), #3021 ) ;
#2450 = CARTESIAN_POINT ( 'NONE',  ( 0.01886529081886899328, 0.005429851651431000584, 0.001623544934649726306 ) ) ;
#2451 = ORIENTED_EDGE ( 'NONE', *, *, #575, .F. ) ;
#2452 = CARTESIAN_POINT ( 'NONE',  ( 0.02086591655098299358, 0.005079851651431000967, -0.01374084671280311268 ) ) ;
#2453 = LINE ( 'NONE', #960, #2702 ) ;
#2454 = LINE ( 'NONE', #2401, #1714 ) ;
#2455 = ORIENTED_EDGE ( 'NONE', *, *, #1428, .T. ) ;
#2456 = CARTESIAN_POINT ( 'NONE',  ( 0.01066677628386799095, 0.0003135449505986473429, -0.01146000000000000144 ) ) ;
#2457 = DIRECTION ( 'NONE',  ( -0.000000000000000000, 1.000000000000000000, -0.000000000000000000 ) ) ;
#2458 = EDGE_CURVE ( 'NONE', #3881, #3752, #84, .T. ) ;
#2459 = VECTOR ( 'NONE', #3219, 1.000000000000000000 ) ;
#2460 = ORIENTED_EDGE ( 'NONE', *, *, #3373, .F. ) ;
#2461 = CARTESIAN_POINT ( 'NONE',  ( 0.03114140839448971410, 0.0006403213429142518009, -0.0006526752430882135341 ) ) ;
#2462 = ORIENTED_EDGE ( 'NONE', *, *, #2110, .T. ) ;
#2463 = ORIENTED_EDGE ( 'NONE', *, *, #2713, .T. ) ;
#2464 = ADVANCED_FACE ( 'NONE', ( #1622, #3109, #388, #764, #2492, #2516, #1358, #1017, #1891, #2226, #1035 ), #2559, .T. ) ;
#2465 = LINE ( 'NONE', #1024, #3027 ) ;
#2466 = ORIENTED_EDGE ( 'NONE', *, *, #1155, .T. ) ;
#2467 = DIRECTION ( 'NONE',  ( 0.000000000000000000, 0.000000000000000000, -1.000000000000000000 ) ) ;
#2468 = DIRECTION ( 'NONE',  ( 0.000000000000000000, 0.000000000000000000, -1.000000000000000000 ) ) ;
#2469 = DIRECTION ( 'NONE',  ( 0.000000000000000000, 0.000000000000000000, -1.000000000000000000 ) ) ;
#2470 = ORIENTED_EDGE ( 'NONE', *, *, #3778, .F. ) ;
#2471 = LINE ( 'NONE', #131, #224 ) ;
#2472 = CARTESIAN_POINT ( 'NONE',  ( 0.002856818845405680041, 0.0002999999999999999195, -0.001338141805341974688 ) ) ;
#2473 = ORIENTED_EDGE ( 'NONE', *, *, #1424, .T. ) ;
#2474 = FACE_OUTER_BOUND ( 'NONE', #2128, .T. ) ;
#2475 = EDGE_LOOP ( 'NONE', ( #625, #3248, #708, #512 ) ) ;
#2476 = CARTESIAN_POINT ( 'NONE',  ( 0.02086591655098299358, 0.003429851651431000108, -0.01408004920141799239 ) ) ;
#2477 = EDGE_CURVE ( 'NONE', #1109, #2193, #407, .T. ) ;
#2478 = ORIENTED_EDGE ( 'NONE', *, *, #3782, .F. ) ;
#2479 = VECTOR ( 'NONE', #579, 1.000000000000000000 ) ;
#2480 = EDGE_CURVE ( 'NONE', #3881, #306, #1054, .T. ) ;
#2481 = DIRECTION ( 'NONE',  ( -0.000000000000000000, 1.000000000000000000, 0.000000000000000000 ) ) ;
#2482 = AXIS2_PLACEMENT_3D ( 'NONE', #1673, #3825, #3452 ) ;
#2483 = AXIS2_PLACEMENT_3D ( 'NONE', #3468, #3196, #1672 ) ;
#2484 = EDGE_CURVE ( 'NONE', #138, #3194, #999, .T. ) ;
#2485 = VERTEX_POINT ( 'NONE', #1073 ) ;
#2486 = LINE ( 'NONE', #3391, #2367 ) ;
#2487 = VECTOR ( 'NONE', #3256, 1.000000000000000000 ) ;
#2488 = CARTESIAN_POINT ( 'NONE',  ( 0.01250000000000000069, 0.0002999999999999999195, -0.0007332206897967489395 ) ) ;
#2489 = PLANE ( 'NONE',  #942 ) ;
#2490 = ORIENTED_EDGE ( 'NONE', *, *, #921, .T. ) ;
#2491 = DIRECTION ( 'NONE',  ( -0.000000000000000000, -1.000000000000000000, -0.000000000000000000 ) ) ;
#2492 = FACE_BOUND ( 'NONE', #3412, .T. ) ;
#2493 = ORIENTED_EDGE ( 'NONE', *, *, #457, .F. ) ;
#2494 = CYLINDRICAL_SURFACE ( 'NONE', #3387, 0.01106826795450370493 ) ;
#2495 = ORIENTED_EDGE ( 'NONE', *, *, #3023, .T. ) ;
#2496 = CARTESIAN_POINT ( 'NONE',  ( 0.005282099801380564508, 0.0002999999999999999195, -0.004444143617096329990 ) ) ;
#2497 = VECTOR ( 'NONE', #1029, 1.000000000000000000 ) ;
#2498 = ADVANCED_FACE ( 'NONE', ( #2813 ), #3436, .F. ) ;
#2499 = ORIENTED_EDGE ( 'NONE', *, *, #525, .F. ) ;
#2500 = ORIENTED_EDGE ( 'NONE', *, *, #2818, .F. ) ;
#2501 = AXIS2_PLACEMENT_3D ( 'NONE', #273, #293, #3245 ) ;
#2502 = CARTESIAN_POINT ( 'NONE',  ( 0.003595757357791493688, 0.0002999999999999999195, -0.008946355434476416235 ) ) ;
#2503 = VECTOR ( 'NONE', #1313, 1.000000000000000000 ) ;
#2504 = EDGE_CURVE ( 'NONE', #2143, #2806, #3130, .T. ) ;
#2505 = ORIENTED_EDGE ( 'NONE', *, *, #1982, .F. ) ;
#2506 = AXIS2_PLACEMENT_3D ( 'NONE', #2314, #492, #3227 ) ;
#2507 = EDGE_LOOP ( 'NONE', ( #3900, #2499, #2583, #1218, #470, #736 ) ) ;
#2508 = DIRECTION ( 'NONE',  ( 0.000000000000000000, -1.000000000000000000, 3.787605842744120095E-16 ) ) ;
#2509 = DIRECTION ( 'NONE',  ( 1.000000000000000000, 0.000000000000000000, 0.000000000000000000 ) ) ;
#2510 = DIRECTION ( 'NONE',  ( 0.000000000000000000, 0.000000000000000000, 1.000000000000000000 ) ) ;
#2511 = VECTOR ( 'NONE', #1735, 1.000000000000000000 ) ;
#2512 = DIRECTION ( 'NONE',  ( 0.000000000000000000, 0.000000000000000000, -1.000000000000000000 ) ) ;
#2513 = ORIENTED_EDGE ( 'NONE', *, *, #3529, .F. ) ;
#2514 = CARTESIAN_POINT ( 'NONE',  ( 0.000000000000000000, 0.0006500000000000012712, -0.01171357386385252219 ) ) ;
#2515 = EDGE_CURVE ( 'NONE', #1610, #3113, #1294, .T. ) ;
#2516 = FACE_BOUND ( 'NONE', #355, .T. ) ;
#2517 = ORIENTED_EDGE ( 'NONE', *, *, #1102, .T. ) ;
#2518 = CARTESIAN_POINT ( 'NONE',  ( 0.01984691655098299104, 0.003429851651430993603, -0.01294667524308821226 ) ) ;
#2519 = ORIENTED_EDGE ( 'NONE', *, *, #3225, .F. ) ;
#2520 = CARTESIAN_POINT ( 'NONE',  ( 0.01066677628386799095, 0.001690559999999999806, -0.009084714650391781041 ) ) ;
#2521 = ORIENTED_EDGE ( 'NONE', *, *, #361, .T. ) ;
#2522 = ORIENTED_EDGE ( 'NONE', *, *, #2704, .F. ) ;
#2523 = FACE_OUTER_BOUND ( 'NONE', #2740, .T. ) ;
#2524 = EDGE_CURVE ( 'NONE', #3803, #3116, #430, .T. ) ;
#2525 = ORIENTED_EDGE ( 'NONE', *, *, #2567, .F. ) ;
#2526 = ORIENTED_EDGE ( 'NONE', *, *, #416, .T. ) ;
#2527 = DIRECTION ( 'NONE',  ( 0.000000000000000000, 0.000000000000000000, -1.000000000000000000 ) ) ;
#2528 = DIRECTION ( 'NONE',  ( -1.000000000000000000, 0.000000000000000000, -0.000000000000000000 ) ) ;
#2529 = CARTESIAN_POINT ( 'NONE',  ( 0.01250000000000000069, 0.0002999999999999999195, -0.008842395677957748390 ) ) ;
#2530 = EDGE_CURVE ( 'NONE', #2429, #3345, #3773, .T. ) ;
#2531 = FACE_OUTER_BOUND ( 'NONE', #3592, .T. ) ;
#2532 = ORIENTED_EDGE ( 'NONE', *, *, #3617, .F. ) ;
#2533 = CARTESIAN_POINT ( 'NONE',  ( 0.0006040828504758188194, 0.004299999999999998268, -0.006559416273656193397 ) ) ;
#2534 = DIRECTION ( 'NONE',  ( -1.000000000000000000, -0.000000000000000000, -0.000000000000000000 ) ) ;
#2535 = VECTOR ( 'NONE', #3654, 1.000000000000000000 ) ;
#2536 = ORIENTED_EDGE ( 'NONE', *, *, #2277, .T. ) ;
#2537 = CARTESIAN_POINT ( 'NONE',  ( 0.009471191688981348000, 0.0002999999999999999195, -0.01122197249498291249 ) ) ;
#2538 = LINE ( 'NONE', #864, #3060 ) ;
#2539 = VECTOR ( 'NONE', #107, 1.000000000000000000 ) ;
#2540 = CARTESIAN_POINT ( 'NONE',  ( 0.01208551635339049496, 0.001690559999999999806, -0.01002620511618236392 ) ) ;
#2541 = ORIENTED_EDGE ( 'NONE', *, *, #395, .F. ) ;
#2542 = CARTESIAN_POINT ( 'NONE',  ( 0.008266666400320352159, 0.004232684106193375720, -0.01304591315503732599 ) ) ;
#2543 = VERTEX_POINT ( 'NONE', #2615 ) ;
#2544 = VECTOR ( 'NONE', #2701, 1.000000000000000000 ) ;
#2545 = ORIENTED_EDGE ( 'NONE', *, *, #1814, .F. ) ;
#2546 = ORIENTED_EDGE ( 'NONE', *, *, #2561, .T. ) ;
#2547 = DIRECTION ( 'NONE',  ( -0.000000000000000000, 0.000000000000000000, 1.000000000000000000 ) ) ;
#2548 = LINE ( 'NONE', #2809, #3195 ) ;
#2549 = VECTOR ( 'NONE', #3197, 1.000000000000000000 ) ;
#2550 = AXIS2_PLACEMENT_3D ( 'NONE', #62, #993, #2808 ) ;
#2551 = CARTESIAN_POINT ( 'NONE',  ( 0.01886529081886899328, 0.004224087067043540492, -0.01409733443858844811 ) ) ;
#2552 = EDGE_CURVE ( 'NONE', #206, #611, #2305, .T. ) ;
#2553 = AXIS2_PLACEMENT_3D ( 'NONE', #1995, #1323, #489 ) ;
#2554 = PLANE ( 'NONE',  #2826 ) ;
#2555 = EDGE_CURVE ( 'NONE', #3051, #3652, #2671, .T. ) ;
#2556 = ORIENTED_EDGE ( 'NONE', *, *, #2524, .T. ) ;
#2557 = ADVANCED_FACE ( 'NONE', ( #3239 ), #2598, .T. ) ;
#2558 = DIRECTION ( 'NONE',  ( -1.000000000000000000, 0.000000000000000000, 0.000000000000000000 ) ) ;
#2559 = PLANE ( 'NONE',  #3229 ) ;
#2560 = ORIENTED_EDGE ( 'NONE', *, *, #921, .F. ) ;
#2561 = EDGE_CURVE ( 'NONE', #1781, #1810, #191, .T. ) ;
#2562 = CARTESIAN_POINT ( 'NONE',  ( 0.01886591655098299181, 0.005429851651431000584, -0.002552674351235214092 ) ) ;
#2563 = DIRECTION ( 'NONE',  ( -1.000000000000000000, -0.000000000000000000, -0.000000000000000000 ) ) ;
#2564 = EDGE_CURVE ( 'NONE', #2193, #3681, #2092, .T. ) ;
#2565 = DIRECTION ( 'NONE',  ( -0.000000000000000000, -1.000000000000000000, -0.000000000000000000 ) ) ;
#2566 = DIRECTION ( 'NONE',  ( 0.9999999807842548938, 8.006560518343741914E-07, 0.0001960378766174143803 ) ) ;
#2567 = EDGE_CURVE ( 'NONE', #2858, #3380, #542, .T. ) ;
#2568 = DIRECTION ( 'NONE',  ( 0.000000000000000000, 1.000000000000000000, 0.000000000000000000 ) ) ;
#2569 = ORIENTED_EDGE ( 'NONE', *, *, #1148, .F. ) ;
#2570 = EDGE_LOOP ( 'NONE', ( #3073, #2721, #458, #2470 ) ) ;
#2571 = VECTOR ( 'NONE', #589, 1.000000000000000000 ) ;
#2572 = CARTESIAN_POINT ( 'NONE',  ( 0.01249999999999999896, 0.0003499999999999996170, 0.01102791746832727793 ) ) ;
#2573 = CARTESIAN_POINT ( 'NONE',  ( 0.008102269004763809623, 0.004299999999999998268, -0.003642581792655086304 ) ) ;
#2574 = LINE ( 'NONE', #2040, #1761 ) ;
#2575 = AXIS2_PLACEMENT_3D ( 'NONE', #1108, #225, #2322 ) ;
#2576 = FACE_OUTER_BOUND ( 'NONE', #100, .T. ) ;
#2577 = ORIENTED_EDGE ( 'NONE', *, *, #2918, .F. ) ;
#2578 = DIRECTION ( 'NONE',  ( 0.000000000000000000, -0.000000000000000000, 1.000000000000000000 ) ) ;
#2579 = DIRECTION ( 'NONE',  ( -0.000000000000000000, 0.000000000000000000, -1.000000000000000000 ) ) ;
#2580 = VECTOR ( 'NONE', #1667, 1.000000000000000000 ) ;
#2581 = VECTOR ( 'NONE', #2202, 1.000000000000000000 ) ;
#2582 = EDGE_CURVE ( 'NONE', #2716, #3851, #2930, .T. ) ;
#2583 = ORIENTED_EDGE ( 'NONE', *, *, #2856, .F. ) ;
#2584 = FACE_OUTER_BOUND ( 'NONE', #1307, .T. ) ;
#2585 = CARTESIAN_POINT ( 'NONE',  ( 0.01099415933008824481, 0.001690559999999999806, -0.006365815510203215108 ) ) ;
#2586 = CARTESIAN_POINT ( 'NONE',  ( 0.0006189165509829907402, 0.001690559999999999806, -0.004444143617096329990 ) ) ;
#2587 = EDGE_CURVE ( 'NONE', #2165, #656, #781, .T. ) ;
#2588 = CARTESIAN_POINT ( 'NONE',  ( 0.005282099801380564508, 0.001690559999999999806, -0.006559416273656193397 ) ) ;
#2589 = DIRECTION ( 'NONE',  ( 0.000000000000000000, 1.000000000000000000, 3.469446951953613418E-18 ) ) ;
#2590 = VERTEX_POINT ( 'NONE', #1111 ) ;
#2591 = VECTOR ( 'NONE', #1751, 1.000000000000000000 ) ;
#2592 = FACE_OUTER_BOUND ( 'NONE', #2174, .T. ) ;
#2593 = CARTESIAN_POINT ( 'NONE',  ( 0.01154974872040884920, 0.004299999999999998268, -0.0008255689565281887354 ) ) ;
#2594 = LINE ( 'NONE', #792, #1263 ) ;
#2595 = CARTESIAN_POINT ( 'NONE',  ( 0.01886591655098299181, -0.02113176284409280098, -0.01294667524308821226 ) ) ;
#2596 = ORIENTED_EDGE ( 'NONE', *, *, #3872, .F. ) ;
#2597 = DIRECTION ( 'NONE',  ( 0.000000000000000000, 0.000000000000000000, 1.000000000000000000 ) ) ;
#2598 = PLANE ( 'NONE',  #3787 ) ;
#2599 = ORIENTED_EDGE ( 'NONE', *, *, #839, .F. ) ;
#2600 = DIRECTION ( 'NONE',  ( 0.000000000000000000, 0.000000000000000000, -1.000000000000000000 ) ) ;
#2601 = LINE ( 'NONE', #3816, #2698 ) ;
#2602 = DIRECTION ( 'NONE',  ( 1.000000000000000000, 0.000000000000000000, 0.000000000000000000 ) ) ;
#2603 = DIRECTION ( 'NONE',  ( -1.000000000000000000, 0.000000000000000000, 0.000000000000000000 ) ) ;
#2604 = VERTEX_POINT ( 'NONE', #2343 ) ;
#2605 = EDGE_CURVE ( 'NONE', #3051, #3851, #2950, .T. ) ;
#2606 = ORIENTED_EDGE ( 'NONE', *, *, #408, .F. ) ;
#2607 = CARTESIAN_POINT ( 'NONE',  ( 0.0006241405777339670280, 0.0002999999999999999195, -0.003642581792655086304 ) ) ;
#2608 = EDGE_CURVE ( 'NONE', #2429, #182, #268, .T. ) ;
#2609 = CARTESIAN_POINT ( 'NONE',  ( 0.002484595167507867852, 0.001690559999999999806, -0.006365815510203215108 ) ) ;
#2610 = CARTESIAN_POINT ( 'NONE',  ( 0.01886591655098299181, 0.003429851651431000108, -0.01408004920141799239 ) ) ;
#2611 = EDGE_CURVE ( 'NONE', #1233, #731, #2325, .T. ) ;
#2612 = CARTESIAN_POINT ( 'NONE',  ( 0.01154974872040884920, 0.0002999999999999999195, -0.0008255689565281887354 ) ) ;
#2613 = EDGE_LOOP ( 'NONE', ( #2526, #707, #301, #862 ) ) ;
#2614 = CARTESIAN_POINT ( 'NONE',  ( 0.0006040828504758188194, 0.0002999999999999999195, -0.004444143617096329990 ) ) ;
#2615 = CARTESIAN_POINT ( 'NONE',  ( 0.0006040828504758188194, 0.0002999999999999999195, -0.006559416273656193397 ) ) ;
#2616 = AXIS2_PLACEMENT_3D ( 'NONE', #2166, #3702, #2527 ) ;
#2617 = ORIENTED_EDGE ( 'NONE', *, *, #501, .T. ) ;
#2618 = LINE ( 'NONE', #2049, #3177 ) ;
#2619 = DIRECTION ( 'NONE',  ( 1.000000000000000000, 0.000000000000000000, 0.000000000000000000 ) ) ;
#2620 = VECTOR ( 'NONE', #2130, 1.000000000000000000 ) ;
#2621 = CARTESIAN_POINT ( 'NONE',  ( 0.01250000000000000069, 0.001690560000000000673, -0.003129242418765665334 ) ) ;
#2622 = DIRECTION ( 'NONE',  ( 0.000000000000000000, 0.000000000000000000, 1.000000000000000000 ) ) ;
#2623 = PLANE ( 'NONE',  #2506 ) ;
#2624 = EDGE_LOOP ( 'NONE', ( #2210, #3041, #885, #3, #399, #3847, #2853, #788, #2351, #1200, #3037, #322, #1241, #528, #1895 ) ) ;
#2625 = DIRECTION ( 'NONE',  ( 0.000000000000000000, 0.000000000000000000, 1.000000000000000000 ) ) ;
#2626 = CARTESIAN_POINT ( 'NONE',  ( 0.01886529081886899328, 0.004290000000000000410, -0.001512313943909821120 ) ) ;
#2627 = VECTOR ( 'NONE', #3608, 1.000000000000000000 ) ;
#2628 = CARTESIAN_POINT ( 'NONE',  ( 0.0006189165509829907402, 0.0003000000000000003532, -0.01144850812889775665 ) ) ;
#2629 = EDGE_CURVE ( 'NONE', #3351, #3399, #1475, .T. ) ;
#2630 = VECTOR ( 'NONE', #1819, 1.000000000000000000 ) ;
#2631 = CARTESIAN_POINT ( 'NONE',  ( 0.01946529081886899312, 0.004290000000000000410, 0.0009876860322002023462 ) ) ;
#2632 = VERTEX_POINT ( 'NONE', #1713 ) ;
#2633 = LINE ( 'NONE', #2949, #287 ) ;
#2634 = LINE ( 'NONE', #485, #2459 ) ;
#2635 = EDGE_CURVE ( 'NONE', #3173, #2147, #3792, .T. ) ;
#2636 = ORIENTED_EDGE ( 'NONE', *, *, #1840, .T. ) ;
#2637 = CARTESIAN_POINT ( 'NONE',  ( 0.01411606319764498185, 0.0002999999999999999195, -0.008842395677957748390 ) ) ;
#2638 = LINE ( 'NONE', #2222, #2707 ) ;
#2639 = VECTOR ( 'NONE', #1521, 1.000000000000000000 ) ;
#2640 = LINE ( 'NONE', #524, #1732 ) ;
#2641 = DIRECTION ( 'NONE',  ( -0.000000000000000000, -1.000000000000000000, -0.000000000000000000 ) ) ;
#2642 = DIRECTION ( 'NONE',  ( -0.000000000000000000, -0.000000000000000000, 1.000000000000000000 ) ) ;
#2643 = VERTEX_POINT ( 'NONE', #2912 ) ;
#2644 = ORIENTED_EDGE ( 'NONE', *, *, #2962, .F. ) ;
#2645 = DIRECTION ( 'NONE',  ( 0.000000000000000000, 0.000000000000000000, -1.000000000000000000 ) ) ;
#2646 = DIRECTION ( 'NONE',  ( 0.000000000000000000, -0.008168244859067327543, -0.9999666393314942114 ) ) ;
#2647 = EDGE_CURVE ( 'NONE', #3204, #3868, #3184, .T. ) ;
#2648 = DIRECTION ( 'NONE',  ( -0.000000000000000000, -1.000000000000000000, -0.000000000000000000 ) ) ;
#2649 = CARTESIAN_POINT ( 'NONE',  ( 0.008102269004763809623, 0.004299999999999998268, -0.003642581792655086304 ) ) ;
#2650 = EDGE_LOOP ( 'NONE', ( #1522, #1181, #2421, #2254 ) ) ;
#2651 = DIRECTION ( 'NONE',  ( 0.000000000000000000, 0.000000000000000000, 1.000000000000000000 ) ) ;
#2652 = EDGE_CURVE ( 'NONE', #3553, #1900, #3259, .T. ) ;
#2653 = DIRECTION ( 'NONE',  ( -0.000000000000000000, 1.000000000000000000, -0.000000000000000000 ) ) ;
#2654 = ORIENTED_EDGE ( 'NONE', *, *, #1176, .F. ) ;
#2655 = DIRECTION ( 'NONE',  ( 0.000000000000000000, 0.000000000000000000, -1.000000000000000000 ) ) ;
#2656 = EDGE_CURVE ( 'NONE', #3057, #3121, #2634, .T. ) ;
#2657 = DIRECTION ( 'NONE',  ( -0.000000000000000000, -0.000000000000000000, -1.000000000000000000 ) ) ;
#2658 = LINE ( 'NONE', #3856, #45 ) ;
#2659 = ORIENTED_EDGE ( 'NONE', *, *, #3529, .T. ) ;
#2660 = CARTESIAN_POINT ( 'NONE',  ( 0.0006189165509829906318, 0.001690560000000000673, -0.0003139159790157552976 ) ) ;
#2661 = EDGE_LOOP ( 'NONE', ( #3317, #2951, #37, #235 ) ) ;
#2662 = ORIENTED_EDGE ( 'NONE', *, *, #654, .F. ) ;
#2663 = DIRECTION ( 'NONE',  ( -1.000000000000000000, 0.000000000000000000, 0.000000000000000000 ) ) ;
#2664 = CARTESIAN_POINT ( 'NONE',  ( 0.01011191351183229892, 0.001690559999999999806, -0.01124807004616662671 ) ) ;
#2665 = ORIENTED_EDGE ( 'NONE', *, *, #2275, .T. ) ;
#2666 = DIRECTION ( 'NONE',  ( 1.000000000000000000, 0.000000000000000000, 0.000000000000000000 ) ) ;
#2667 = ORIENTED_EDGE ( 'NONE', *, *, #1246, .T. ) ;
#2668 = DIRECTION ( 'NONE',  ( -1.000000000000000000, -0.000000000000000000, -0.000000000000000000 ) ) ;
#2669 = CARTESIAN_POINT ( 'NONE',  ( 0.01344424140157897581, 0.0003499999999999996170, 5.204170427930421283E-18 ) ) ;
#2670 = VECTOR ( 'NONE', #843, 1.000000000000000000 ) ;
#2671 = LINE ( 'NONE', #3493, #3277 ) ;
#2672 = AXIS2_PLACEMENT_3D ( 'NONE', #1419, #522, #1113 ) ;
#2673 = EDGE_CURVE ( 'NONE', #2414, #1026, #818, .T. ) ;
#2674 = ADVANCED_FACE ( 'NONE', ( #1416 ), #2026, .F. ) ;
#2675 = ORIENTED_EDGE ( 'NONE', *, *, #2484, .T. ) ;
#2676 = EDGE_LOOP ( 'NONE', ( #3599, #277, #2885, #1245 ) ) ;
#2677 = DIRECTION ( 'NONE',  ( 0.000000000000000000, 0.000000000000000000, 1.000000000000000000 ) ) ;
#2678 = PLANE ( 'NONE',  #1724 ) ;
#2679 = VECTOR ( 'NONE', #3863, 1.000000000000000000 ) ;
#2680 = CARTESIAN_POINT ( 'NONE',  ( 0.01984691655098299104, 0.001690559999999993734, -0.0006526752430882133173 ) ) ;
#2681 = ADVANCED_FACE ( 'NONE', ( #2132 ), #3282, .F. ) ;
#2682 = ORIENTED_EDGE ( 'NONE', *, *, #1451, .F. ) ;
#2683 = VECTOR ( 'NONE', #3743, 1.000000000000000000 ) ;
#2684 = AXIS2_PLACEMENT_3D ( 'NONE', #2649, #3846, #1144 ) ;
#2685 = EDGE_CURVE ( 'NONE', #2363, #2323, #1835, .T. ) ;
#2686 = DIRECTION ( 'NONE',  ( 1.000000000000000000, 0.000000000000000000, 0.000000000000000000 ) ) ;
#2687 = ORIENTED_EDGE ( 'NONE', *, *, #1280, .F. ) ;
#2688 = VECTOR ( 'NONE', #3318, 1.000000000000000000 ) ;
#2689 = VERTEX_POINT ( 'NONE', #2087 ) ;
#2690 = EDGE_CURVE ( 'NONE', #3010, #634, #1211, .T. ) ;
#2691 = FACE_OUTER_BOUND ( 'NONE', #449, .T. ) ;
#2692 = PLANE ( 'NONE',  #1602 ) ;
#2693 = LINE ( 'NONE', #1188, #2243 ) ;
#2694 = VERTEX_POINT ( 'NONE', #2418 ) ;
#2695 = CARTESIAN_POINT ( 'NONE',  ( 0.01066677628386799095, 0.001690559999999999806, -0.004444143617096329990 ) ) ;
#2696 = PLANE ( 'NONE',  #2259 ) ;
#2697 = LINE ( 'NONE', #325, #559 ) ;
#2698 = VECTOR ( 'NONE', #3776, 1.000000000000000000 ) ;
#2699 = EDGE_LOOP ( 'NONE', ( #1815, #1463, #1952, #2478 ) ) ;
#2700 = EDGE_LOOP ( 'NONE', ( #2336, #2223, #3359, #2500 ) ) ;
#2701 = DIRECTION ( 'NONE',  ( 0.000000000000000000, 3.469446951953613418E-18, -1.000000000000000000 ) ) ;
#2702 = VECTOR ( 'NONE', #266, 1.000000000000000000 ) ;
#2703 = FACE_OUTER_BOUND ( 'NONE', #1630, .T. ) ;
#2704 = EDGE_CURVE ( 'NONE', #3701, #3586, #3358, .T. ) ;
#2705 = LINE ( 'NONE', #3534, #1441 ) ;
#2706 = EDGE_LOOP ( 'NONE', ( #40, #3093, #2667, #1375 ) ) ;
#2707 = VECTOR ( 'NONE', #3490, 1.000000000000000000 ) ;
#2708 = DIRECTION ( 'NONE',  ( 0.000000000000000000, 0.000000000000000000, -1.000000000000000000 ) ) ;
#2709 = ORIENTED_EDGE ( 'NONE', *, *, #892, .F. ) ;
#2710 = EDGE_CURVE ( 'NONE', #563, #302, #286, .T. ) ;
#2711 = VERTEX_POINT ( 'NONE', #1852 ) ;
#2712 = DIRECTION ( 'NONE',  ( -0.000000000000000000, -1.000000000000000000, -0.000000000000000000 ) ) ;
#2713 = EDGE_CURVE ( 'NONE', #3028, #3055, #365, .T. ) ;
#2714 = LINE ( 'NONE', #2126, #348 ) ;
#2715 = ORIENTED_EDGE ( 'NONE', *, *, #1543, .F. ) ;
#2716 = VERTEX_POINT ( 'NONE', #2756 ) ;
#2717 = CARTESIAN_POINT ( 'NONE',  ( 0.003595757357791493688, 0.004299999999999998268, -0.008946355434476416235 ) ) ;
#2718 = CARTESIAN_POINT ( 'NONE',  ( 0.02086591655098299358, 0.003429851651431000542, -0.01409084671280311230 ) ) ;
#2719 = DIRECTION ( 'NONE',  ( -0.000000000000000000, -3.469446951953613418E-18, 1.000000000000000000 ) ) ;
#2720 = ORIENTED_EDGE ( 'NONE', *, *, #1864, .T. ) ;
#2721 = ORIENTED_EDGE ( 'NONE', *, *, #3580, .F. ) ;
#2722 = CARTESIAN_POINT ( 'NONE',  ( 0.01250000000000000069, 0.001690559999999999806, -0.0006526752430882135341 ) ) ;
#2723 = CARTESIAN_POINT ( 'NONE',  ( 0.01886591655098299181, 0.0006403213429142518009, -0.001870313411187311814 ) ) ;
#2724 = CARTESIAN_POINT ( 'NONE',  ( 0.02086591655098299358, 0.000000000000000000, -0.01372389542082615502 ) ) ;
#2725 = ORIENTED_EDGE ( 'NONE', *, *, #3201, .T. ) ;
#2726 = ADVANCED_FACE ( 'NONE', ( #3069 ), #1557, .T. ) ;
#2727 = LINE ( 'NONE', #2075, #1120 ) ;
#2728 = ORIENTED_EDGE ( 'NONE', *, *, #3079, .T. ) ;
#2729 = EDGE_CURVE ( 'NONE', #2799, #2257, #2454, .T. ) ;
#2730 = ORIENTED_EDGE ( 'NONE', *, *, #197, .F. ) ;
#2731 = DIRECTION ( 'NONE',  ( 0.000000000000000000, 3.469446951953613418E-18, -1.000000000000000000 ) ) ;
#2732 = EDGE_CURVE ( 'NONE', #2142, #1654, #3650, .T. ) ;
#2733 = ORIENTED_EDGE ( 'NONE', *, *, #798, .T. ) ;
#2734 = ORIENTED_EDGE ( 'NONE', *, *, #2869, .F. ) ;
#2735 = CARTESIAN_POINT ( 'NONE',  ( 0.0006189165509829907402, -0.01661751163414174060, -0.006365815510203215108 ) ) ;
#2736 = EDGE_CURVE ( 'NONE', #2176, #1749, #2905, .T. ) ;
#2737 = DIRECTION ( 'NONE',  ( -0.000000000000000000, -0.000000000000000000, 1.000000000000000000 ) ) ;
#2738 = CARTESIAN_POINT ( 'NONE',  ( 0.01208551635339049496, 0.004299999999999998268, -0.01002620511618236392 ) ) ;
#2739 = ORIENTED_EDGE ( 'NONE', *, *, #250, .F. ) ;
#2740 = EDGE_LOOP ( 'NONE', ( #1542, #3182, #2758, #3159 ) ) ;
#2741 = DIRECTION ( 'NONE',  ( -1.000000000000000000, 0.000000000000000000, 0.000000000000000000 ) ) ;
#2742 = LINE ( 'NONE', #1797, #3857 ) ;
#2743 = CARTESIAN_POINT ( 'NONE',  ( 0.000000000000000000, 0.000000000000000000, 0.000000000000000000 ) ) ;
#2744 = ORIENTED_EDGE ( 'NONE', *, *, #2635, .T. ) ;
#2745 = LINE ( 'NONE', #2445, #1579 ) ;
#2746 = EDGE_LOOP ( 'NONE', ( #2099, #1213, #1502, #1821 ) ) ;
#2747 = VECTOR ( 'NONE', #3213, 1.000000000000000000 ) ;
#2748 = VECTOR ( 'NONE', #2663, 1.000000000000000000 ) ;
#2749 = ORIENTED_EDGE ( 'NONE', *, *, #1209, .F. ) ;
#2750 = DIRECTION ( 'NONE',  ( 0.000000000000000000, 0.000000000000000000, -1.000000000000000000 ) ) ;
#2751 = ADVANCED_FACE ( 'NONE', ( #3590 ), #2381, .F. ) ;
#2752 = ORIENTED_EDGE ( 'NONE', *, *, #2295, .T. ) ;
#2753 = ORIENTED_EDGE ( 'NONE', *, *, #2818, .T. ) ;
#2754 = CARTESIAN_POINT ( 'NONE',  ( 0.01894781058833318321, -1.829591166069288251E-19, -0.01381354638118323375 ) ) ;
#2755 = DIRECTION ( 'NONE',  ( 0.000000000000000000, 0.000000000000000000, -1.000000000000000000 ) ) ;
#2756 = CARTESIAN_POINT ( 'NONE',  ( 0.01011191351183229892, 0.0002999999999999999195, -0.01002620511618236392 ) ) ;
#2757 = EDGE_CURVE ( 'NONE', #2358, #56, #2697, .T. ) ;
#2758 = ORIENTED_EDGE ( 'NONE', *, *, #1202, .T. ) ;
#2759 = LINE ( 'NONE', #1214, #848 ) ;
#2760 = DIRECTION ( 'NONE',  ( -0.000000000000000000, 0.000000000000000000, -1.000000000000000000 ) ) ;
#2761 = ADVANCED_FACE ( 'NONE', ( #901 ), #1792, .T. ) ;
#2762 = ORIENTED_EDGE ( 'NONE', *, *, #1412, .T. ) ;
#2763 = CIRCLE ( 'NONE', #2886, 0.0003499999999999996170 ) ;
#2764 = CARTESIAN_POINT ( 'NONE',  ( 0.01249999999999999896, -0.01159174901508180922, -0.02312826795450370621 ) ) ;
#2765 = ORIENTED_EDGE ( 'NONE', *, *, #3877, .F. ) ;
#2766 = AXIS2_PLACEMENT_3D ( 'NONE', #3829, #2023, #539 ) ;
#2767 = EDGE_LOOP ( 'NONE', ( #1324, #154, #1760, #1337 ) ) ;
#2768 = PRESENTATION_LAYER_ASSIGNMENT (  '', '', ( #1062 ) ) ;
#2769 = DIRECTION ( 'NONE',  ( 0.000000000000000000, -3.469446951953613418E-18, 1.000000000000000000 ) ) ;
#2770 = VECTOR ( 'NONE', #975, 1.000000000000000000 ) ;
#2771 = ORIENTED_EDGE ( 'NONE', *, *, #798, .F. ) ;
#2772 = EDGE_CURVE ( 'NONE', #101, #3279, #1813, .T. ) ;
#2773 = CARTESIAN_POINT ( 'NONE',  ( 0.008102269004763809623, 0.001690559999999999806, -0.006365815510203215108 ) ) ;
#2774 = PLANE ( 'NONE',  #1378 ) ;
#2775 = DIRECTION ( 'NONE',  ( -0.000000000000000000, -1.000000000000000000, -0.000000000000000000 ) ) ;
#2776 = ORIENTED_EDGE ( 'NONE', *, *, #69, .T. ) ;
#2777 = EDGE_CURVE ( 'NONE', #2143, #2335, #2436, .T. ) ;
#2778 = CARTESIAN_POINT ( 'NONE',  ( 0.01984691655098299104, 0.001690559999999999806, -0.01294667524308821573 ) ) ;
#2779 = FACE_OUTER_BOUND ( 'NONE', #2382, .T. ) ;
#2780 = CIRCLE ( 'NONE', #2088, 0.01106826795450370493 ) ;
#2781 = VERTEX_POINT ( 'NONE', #7 ) ;
#2782 = ORIENTED_EDGE ( 'NONE', *, *, #902, .F. ) ;
#2783 = DIRECTION ( 'NONE',  ( 0.000000000000000000, 0.000000000000000000, -1.000000000000000000 ) ) ;
#2784 = EDGE_LOOP ( 'NONE', ( #1329, #326, #274, #96 ) ) ;
#2785 = DIRECTION ( 'NONE',  ( 1.000000000000000000, 0.000000000000000000, -0.000000000000000000 ) ) ;
#2786 = VECTOR ( 'NONE', #961, 1.000000000000000000 ) ;
#2787 = ADVANCED_FACE ( 'NONE', ( #1532 ), #1229, .F. ) ;
#2788 = EDGE_LOOP ( 'NONE', ( #3841, #1435, #2846, #1476, #1969 ) ) ;
#2789 = LINE ( 'NONE', #3356, #3678 ) ;
#2790 = DIRECTION ( 'NONE',  ( 0.000000000000000000, 0.000000000000000000, -1.000000000000000000 ) ) ;
#2791 = DIRECTION ( 'NONE',  ( 0.000000000000000000, 0.000000000000000000, 1.000000000000000000 ) ) ;
#2792 = ORIENTED_EDGE ( 'NONE', *, *, #3437, .F. ) ;
#2793 = LINE ( 'NONE', #369, #855 ) ;
#2794 = CARTESIAN_POINT ( 'NONE',  ( 0.01984691655098299104, -0.007969532436456219782, -0.01002733767805662202 ) ) ;
#2795 = EDGE_CURVE ( 'NONE', #3868, #3351, #3686, .T. ) ;
#2796 = PLANE ( 'NONE',  #1312 ) ;
#2797 = EDGE_LOOP ( 'NONE', ( #19, #201, #3261, #3814, #16, #2250 ) ) ;
#2798 = DIRECTION ( 'NONE',  ( -1.000000000000000000, 0.000000000000000000, 0.000000000000000000 ) ) ;
#2799 = VERTEX_POINT ( 'NONE', #1967 ) ;
#2800 = LINE ( 'NONE', #1827, #3866 ) ;
#2801 = ADVANCED_FACE ( 'NONE', ( #128 ), #3105, .F. ) ;
#2802 = VECTOR ( 'NONE', #801, 1.000000000000000000 ) ;
#2803 = ORIENTED_EDGE ( 'NONE', *, *, #267, .F. ) ;
#2804 = CARTESIAN_POINT ( 'NONE',  ( 0.01250000000000000069, 0.0003499999999999999964, -0.0003500000000000001591 ) ) ;
#2805 = VECTOR ( 'NONE', #3815, 1.000000000000000000 ) ;
#2806 = VERTEX_POINT ( 'NONE', #2849 ) ;
#2807 = ORIENTED_EDGE ( 'NONE', *, *, #366, .F. ) ;
#2808 = DIRECTION ( 'NONE',  ( 0.000000000000000000, 0.000000000000000000, -1.000000000000000000 ) ) ;
#2809 = CARTESIAN_POINT ( 'NONE',  ( 0.01886529081886899328, 0.003429851651431000542, -0.01409084671280311230 ) ) ;
#2810 = DIRECTION ( 'NONE',  ( 1.000000000000000000, 0.000000000000000000, 0.000000000000000000 ) ) ;
#2811 = ORIENTED_EDGE ( 'NONE', *, *, #58, .F. ) ;
#2812 = DIRECTION ( 'NONE',  ( -1.000000000000000000, 0.000000000000000000, -1.387778780781445676E-16 ) ) ;
#2813 = FACE_OUTER_BOUND ( 'NONE', #1589, .T. ) ;
#2814 =( NAMED_UNIT ( * ) SI_UNIT ( $, .STERADIAN. ) SOLID_ANGLE_UNIT ( ) );
#2815 = ORIENTED_EDGE ( 'NONE', *, *, #1585, .T. ) ;
#2816 = CARTESIAN_POINT ( 'NONE',  ( 0.008266666800648376362, 0.004732667425858962974, -0.01304999727746685920 ) ) ;
#2817 = EDGE_LOOP ( 'NONE', ( #1511, #3539, #3017, #2227 ) ) ;
#2818 = EDGE_CURVE ( 'NONE', #3783, #124, #1616, .T. ) ;
#2819 = DIRECTION ( 'NONE',  ( -0.000000000000000000, -0.000000000000000000, -1.000000000000000000 ) ) ;
#2820 = AXIS2_PLACEMENT_3D ( 'NONE', #676, #1924, #1575 ) ;
#2821 = ORIENTED_EDGE ( 'NONE', *, *, #3323, .T. ) ;
#2822 = VERTEX_POINT ( 'NONE', #1050 ) ;
#2823 = EDGE_CURVE ( 'NONE', #182, #2425, #404, .T. ) ;
#2824 = AXIS2_PLACEMENT_3D ( 'NONE', #1603, #630, #1624 ) ;
#2825 = DIRECTION ( 'NONE',  ( -1.000000000000000000, -0.000000000000000000, -0.000000000000000000 ) ) ;
#2826 = AXIS2_PLACEMENT_3D ( 'NONE', #1658, #1354, #1675 ) ;
#2827 = ORIENTED_EDGE ( 'NONE', *, *, #3504, .T. ) ;
#2828 = AXIS2_PLACEMENT_3D ( 'NONE', #1118, #2334, #3801 ) ;
#2829 = ORIENTED_EDGE ( 'NONE', *, *, #3098, .F. ) ;
#2830 = LINE ( 'NONE', #1010, #1926 ) ;
#2831 = EDGE_CURVE ( 'NONE', #1121, #3811, #3145, .T. ) ;
#2832 = PLANE ( 'NONE',  #2820 ) ;
#2833 = DIRECTION ( 'NONE',  ( 0.000000000000000000, 0.000000000000000000, -1.000000000000000000 ) ) ;
#2834 = VECTOR ( 'NONE', #2191, 1.000000000000000000 ) ;
#2835 = CARTESIAN_POINT ( 'NONE',  ( 0.01411606319764498185, 0.004299999999999998268, -0.003129242418765665334 ) ) ;
#2836 = EDGE_LOOP ( 'NONE', ( #3446, #2725, #1112, #1659 ) ) ;
#2837 = FACE_OUTER_BOUND ( 'NONE', #2036, .T. ) ;
#2838 = DIRECTION ( 'NONE',  ( -0.000000000000000000, 1.916305161557858496E-16, 1.000000000000000000 ) ) ;
#2839 = VERTEX_POINT ( 'NONE', #1012 ) ;
#2840 = DIRECTION ( 'NONE',  ( 1.000000000000000000, 0.000000000000000000, 0.000000000000000000 ) ) ;
#2841 = DIRECTION ( 'NONE',  ( -1.000000000000000000, -0.000000000000000000, -0.000000000000000000 ) ) ;
#2842 = EDGE_LOOP ( 'NONE', ( #1297, #951, #1599, #2730 ) ) ;
#2843 = DIRECTION ( 'NONE',  ( 0.000000000000000000, 0.000000000000000000, 1.000000000000000000 ) ) ;
#2844 = EDGE_CURVE ( 'NONE', #1002, #1121, #1311, .T. ) ;
#2845 = ORIENTED_EDGE ( 'NONE', *, *, #2729, .F. ) ;
#2846 = ORIENTED_EDGE ( 'NONE', *, *, #361, .F. ) ;
#2847 = DIRECTION ( 'NONE',  ( 0.000000000000000000, 0.000000000000000000, -1.000000000000000000 ) ) ;
#2848 = CARTESIAN_POINT ( 'NONE',  ( 0.004523784715013114133, 0.0002999999999999999195, -0.0007332206897967489395 ) ) ;
#2849 = CARTESIAN_POINT ( 'NONE',  ( 0.003946247949256829340, 0.0002999999999999999195, -0.003642581792655086304 ) ) ;
#2850 = EDGE_CURVE ( 'NONE', #1089, #368, #1951, .T. ) ;
#2851 = EDGE_CURVE ( 'NONE', #1940, #2928, #2221, .T. ) ;
#2852 = CARTESIAN_POINT ( 'NONE',  ( 0.005813831172303636843, 0.0002999999999999999195, -0.007853343260645573309 ) ) ;
#2853 = ORIENTED_EDGE ( 'NONE', *, *, #2962, .T. ) ;
#2854 = CARTESIAN_POINT ( 'NONE',  ( 0.0006241405777339670280, 0.0002999999999999999195, -0.001887931587602142969 ) ) ;
#2855 = LINE ( 'NONE', #3149, #1217 ) ;
#2856 = EDGE_CURVE ( 'NONE', #306, #851, #2262, .T. ) ;
#2857 = VECTOR ( 'NONE', #647, 1.000000000000000000 ) ;
#2858 = VERTEX_POINT ( 'NONE', #2529 ) ;
#2859 = DIRECTION ( 'NONE',  ( 0.000000000000000000, 1.000000000000000000, 0.000000000000000000 ) ) ;
#2860 = PLANE ( 'NONE',  #1165 ) ;
#2861 = CARTESIAN_POINT ( 'NONE',  ( 0.01250000000000000069, 0.002289999999999999935, -0.01144767524308821539 ) ) ;
#2862 = CARTESIAN_POINT ( 'NONE',  ( 0.01250000000000000069, -0.01158262418743586861, -0.0007332206897967489395 ) ) ;
#2863 = DIRECTION ( 'NONE',  ( 1.000000000000000000, 0.000000000000000000, -0.000000000000000000 ) ) ;
#2864 = EDGE_LOOP ( 'NONE', ( #2644, #1220, #1162, #3670 ) ) ;
#2865 = ORIENTED_EDGE ( 'NONE', *, *, #3604, .T. ) ;
#2866 = CARTESIAN_POINT ( 'NONE',  ( 0.0006241405777339670280, 0.004299999999999998268, -0.001887931587602142969 ) ) ;
#2867 = CARTESIAN_POINT ( 'NONE',  ( 0.01897569458271909995, 0.000000000000000000, -0.01372389542082615675 ) ) ;
#2868 = AXIS2_PLACEMENT_3D ( 'NONE', #3767, #1390, #1105 ) ;
#2869 = EDGE_CURVE ( 'NONE', #1052, #1711, #3575, .T. ) ;
#2870 = VECTOR ( 'NONE', #2467, 1.000000000000000000 ) ;
#2871 = DIRECTION ( 'NONE',  ( 1.000000000000000000, 0.000000000000000000, -0.000000000000000000 ) ) ;
#2872 = VECTOR ( 'NONE', #1383, 1.000000000000000000 ) ;
#2873 = VECTOR ( 'NONE', #360, 1.000000000000000000 ) ;
#2874 = VECTOR ( 'NONE', #3129, 1.000000000000000000 ) ;
#2875 = LINE ( 'NONE', #497, #1572 ) ;
#2876 = VERTEX_POINT ( 'NONE', #759 ) ;
#2877 = DIRECTION ( 'NONE',  ( 0.000000000000000000, 0.000000000000000000, 1.000000000000000000 ) ) ;
#2878 = EDGE_CURVE ( 'NONE', #3301, #1232, #3410, .T. ) ;
#2879 = DIRECTION ( 'NONE',  ( 0.000000000000000000, 0.000000000000000000, -1.000000000000000000 ) ) ;
#2880 = ORIENTED_EDGE ( 'NONE', *, *, #1428, .F. ) ;
#2881 = LINE ( 'NONE', #450, #2333 ) ;
#2882 = LINE ( 'NONE', #2496, #162 ) ;
#2883 = LINE ( 'NONE', #1366, #1822 ) ;
#2884 = CARTESIAN_POINT ( 'NONE',  ( 0.01066677628386799095, 0.001690559999999999806, -0.001887931587602142969 ) ) ;
#2885 = ORIENTED_EDGE ( 'NONE', *, *, #218, .F. ) ;
#2886 = AXIS2_PLACEMENT_3D ( 'NONE', #3379, #982, #3712 ) ;
#2887 = CARTESIAN_POINT ( 'NONE',  ( 0.01886591655098299181, 0.005429851651431000584, -0.008902674351234214634 ) ) ;
#2888 = LINE ( 'NONE', #3161, #1988 ) ;
#2889 = CARTESIAN_POINT ( 'NONE',  ( 0.01886529081886899328, 0.005429851651431000584, -0.002552674311657847969 ) ) ;
#2890 = CARTESIAN_POINT ( 'NONE',  ( 0.002856818845405680041, 0.004299999999999998268, -0.001338141805341974688 ) ) ;
#2891 = ORIENTED_EDGE ( 'NONE', *, *, #816, .T. ) ;
#2892 = CARTESIAN_POINT ( 'NONE',  ( 0.0006189165509829907402, -0.01158262418743586861, -0.01146000000000000144 ) ) ;
#2893 = DIRECTION ( 'NONE',  ( 0.000000000000000000, 0.000000000000000000, 1.000000000000000000 ) ) ;
#2894 = VECTOR ( 'NONE', #1801, 1.000000000000000000 ) ;
#2895 = EDGE_CURVE ( 'NONE', #2876, #3666, #462, .T. ) ;
#2896 = ORIENTED_EDGE ( 'NONE', *, *, #2345, .F. ) ;
#2897 = CARTESIAN_POINT ( 'NONE',  ( 0.01250000000000000069, 0.001690559999999999806, -0.0007332206897967489395 ) ) ;
#2898 = PLANE ( 'NONE',  #237 ) ;
#2899 = DIRECTION ( 'NONE',  ( -0.000000000000000000, -1.000000000000000000, -0.000000000000000000 ) ) ;
#2900 = DIRECTION ( 'NONE',  ( -1.000000000000000000, 0.000000000000000000, 0.000000000000000000 ) ) ;
#2901 = EDGE_CURVE ( 'NONE', #2370, #1445, #1674, .T. ) ;
#2902 = ADVANCED_FACE ( 'NONE', ( #677 ), #3393, .T. ) ;
#2903 = CARTESIAN_POINT ( 'NONE',  ( 0.03114140839448971410, 0.002289999999999999935, -0.01144767524308821539 ) ) ;
#2904 = ORIENTED_EDGE ( 'NONE', *, *, #2058, .T. ) ;
#2905 = CIRCLE ( 'NONE', #1201, 0.0003500000000000000507 ) ;
#2906 = LINE ( 'NONE', #3231, #2053 ) ;
#2907 = PLANE ( 'NONE',  #1617 ) ;
#2908 = LINE ( 'NONE', #2281, #384 ) ;
#2909 = CARTESIAN_POINT ( 'NONE',  ( 0.01250000000000000069, 0.001690560000000000673, -0.01171357386385252046 ) ) ;
#2910 = EDGE_LOOP ( 'NONE', ( #3842, #650, #2316, #200 ) ) ;
#2911 = PLANE ( 'NONE',  #536 ) ;
#2912 = CARTESIAN_POINT ( 'NONE',  ( 0.01345908141717958029, 0.000000000000000000, -0.0003500000000000001049 ) ) ;
#2913 = VERTEX_POINT ( 'NONE', #1657 ) ;
#2914 = LINE ( 'NONE', #1075, #85 ) ;
#2915 = DIRECTION ( 'NONE',  ( -0.000000000000000000, 1.000000000000000000, 0.000000000000000000 ) ) ;
#2916 = DIRECTION ( 'NONE',  ( -0.000000000000000000, 1.000000000000000000, 3.469446951953613418E-18 ) ) ;
#2917 = ADVANCED_FACE ( 'NONE', ( #3725 ), #2489, .F. ) ;
#2918 = EDGE_CURVE ( 'NONE', #3874, #1837, #2239, .T. ) ;
#2919 = LINE ( 'NONE', #746, #3135 ) ;
#2920 = ORIENTED_EDGE ( 'NONE', *, *, #2062, .F. ) ;
#2921 = EDGE_CURVE ( 'NONE', #2414, #1140, #3432, .T. ) ;
#2922 = EDGE_LOOP ( 'NONE', ( #774, #1893, #3029, #1515 ) ) ;
#2923 = CARTESIAN_POINT ( 'NONE',  ( 0.009471191688981348000, 0.004299999999999998268, -0.009084714650391781041 ) ) ;
#2924 = DIRECTION ( 'NONE',  ( 1.000000000000000000, 0.000000000000000000, 0.000000000000000000 ) ) ;
#2925 = CARTESIAN_POINT ( 'NONE',  ( 0.01230059023991324912, 0.0002999999999999999195, -0.0008255689565281887354 ) ) ;
#2926 = EDGE_CURVE ( 'NONE', #2176, #3434, #2061, .T. ) ;
#2927 = LINE ( 'NONE', #1748, #2487 ) ;
#2928 = VERTEX_POINT ( 'NONE', #2610 ) ;
#2929 = DIRECTION ( 'NONE',  ( -0.000000000000000000, -3.469446951953613418E-18, 1.000000000000000000 ) ) ;
#2930 = LINE ( 'NONE', #3550, #3471 ) ;
#2931 = CIRCLE ( 'NONE', #3120, 0.0003500000000000000507 ) ;
#2932 = ORIENTED_EDGE ( 'NONE', *, *, #3588, .F. ) ;
#2933 = LINE ( 'NONE', #194, #3544 ) ;
#2934 = LINE ( 'NONE', #155, #2004 ) ;
#2935 = VECTOR ( 'NONE', #3507, 1.000000000000000000 ) ;
#2936 = LINE ( 'NONE', #3497, #2670 ) ;
#2937 = PLANE ( 'NONE',  #3631 ) ;
#2938 = ADVANCED_FACE ( 'NONE', ( #1746 ), #3786, .T. ) ;
#2939 = CARTESIAN_POINT ( 'NONE',  ( 0.01886529081886899328, 0.005429851651431000584, 0.001973544934649726357 ) ) ;
#2940 = VERTEX_POINT ( 'NONE', #3826 ) ;
#2941 = EDGE_CURVE ( 'NONE', #1000, #1119, #204, .T. ) ;
#2942 = ORIENTED_EDGE ( 'NONE', *, *, #2851, .T. ) ;
#2943 = PLANE ( 'NONE',  #3365 ) ;
#2944 = FACE_OUTER_BOUND ( 'NONE', #1292, .T. ) ;
#2945 = LINE ( 'NONE', #812, #3447 ) ;
#2946 = VECTOR ( 'NONE', #127, 1.000000000000000000 ) ;
#2947 = LINE ( 'NONE', #3565, #873 ) ;
#2948 = ORIENTED_EDGE ( 'NONE', *, *, #179, .T. ) ;
#2949 = CARTESIAN_POINT ( 'NONE',  ( 0.009437436128616104314, 0.001690559999999999806, -0.006365815510203215108 ) ) ;
#2950 = LINE ( 'NONE', #3203, #199 ) ;
#2951 = ORIENTED_EDGE ( 'NONE', *, *, #773, .F. ) ;
#2952 = PLANE ( 'NONE',  #1737 ) ;
#2953 = AXIS2_PLACEMENT_3D ( 'NONE', #3333, #2390, #1501 ) ;
#2954 = DIRECTION ( 'NONE',  ( 0.000000000000000000, 0.000000000000000000, 1.000000000000000000 ) ) ;
#2955 = DIRECTION ( 'NONE',  ( -1.000000000000000000, 0.000000000000000000, 0.000000000000000000 ) ) ;
#2956 = ORIENTED_EDGE ( 'NONE', *, *, #1456, .F. ) ;
#2957 = LINE ( 'NONE', #1843, #747 ) ;
#2958 = ORIENTED_EDGE ( 'NONE', *, *, #469, .T. ) ;
#2959 = ORIENTED_EDGE ( 'NONE', *, *, #1273, .T. ) ;
#2960 = PLANE ( 'NONE',  #2428 ) ;
#2961 = FACE_OUTER_BOUND ( 'NONE', #1619, .T. ) ;
#2962 = EDGE_CURVE ( 'NONE', #397, #3467, #2945, .T. ) ;
#2963 = FACE_OUTER_BOUND ( 'NONE', #1901, .T. ) ;
#2964 = ORIENTED_EDGE ( 'NONE', *, *, #896, .F. ) ;
#2965 = FACE_OUTER_BOUND ( 'NONE', #1453, .T. ) ;
#2966 = CARTESIAN_POINT ( 'NONE',  ( 0.007380024444763835789, 0.0002999999999999999195, -0.003766393599310413620 ) ) ;
#2967 = DIRECTION ( 'NONE',  ( -1.000000000000000000, 0.000000000000000000, 0.000000000000000000 ) ) ;
#2968 = EDGE_CURVE ( 'NONE', #3666, #1581, #2574, .T. ) ;
#2969 = EDGE_CURVE ( 'NONE', #82, #3444, #3253, .T. ) ;
#2970 = ORIENTED_EDGE ( 'NONE', *, *, #699, .T. ) ;
#2971 = ORIENTED_EDGE ( 'NONE', *, *, #8, .T. ) ;
#2972 = LINE ( 'NONE', #1753, #1098 ) ;
#2973 = LINE ( 'NONE', #1460, #1417 ) ;
#2974 = DIRECTION ( 'NONE',  ( 1.000000000000000000, 0.000000000000000000, 0.000000000000000000 ) ) ;
#2975 = ADVANCED_FACE ( 'NONE', ( #480 ), #1086, .F. ) ;
#2976 = ORIENTED_EDGE ( 'NONE', *, *, #969, .F. ) ;
#2977 = PLANE ( 'NONE',  #2953 ) ;
#2978 = ORIENTED_EDGE ( 'NONE', *, *, #2844, .T. ) ;
#2979 = ORIENTED_EDGE ( 'NONE', *, *, #3441, .T. ) ;
#2980 = CARTESIAN_POINT ( 'NONE',  ( 0.02086591655098299358, 0.003429851651431000542, -0.008902674311657213235 ) ) ;
#2981 = CARTESIAN_POINT ( 'NONE',  ( 0.01886591655098299181, 0.001690559999999999806, -0.0006526752430882135341 ) ) ;
#2982 = FACE_BOUND ( 'NONE', #3250, .T. ) ;
#2983 = ORIENTED_EDGE ( 'NONE', *, *, #599, .T. ) ;
#2984 = EDGE_CURVE ( 'NONE', #752, #1743, #1767, .T. ) ;
#2985 = CARTESIAN_POINT ( 'NONE',  ( 0.01887863969580577672, 0.0001634556654317755313, -0.01403374179937314815 ) ) ;
#2986 = LINE ( 'NONE', #25, #3819 ) ;
#2987 = CARTESIAN_POINT ( 'NONE',  ( 0.01411606319764498185, 0.004299999999999998268, -0.003129242418765665334 ) ) ;
#2988 = VECTOR ( 'NONE', #3613, 1.000000000000000000 ) ;
#2989 = ORIENTED_EDGE ( 'NONE', *, *, #529, .F. ) ;
#2990 = VERTEX_POINT ( 'NONE', #1069 ) ;
#2991 = EDGE_CURVE ( 'NONE', #3756, #3128, #2780, .T. ) ;
#2992 = DIRECTION ( 'NONE',  ( 0.000000000000000000, 1.000000000000000000, 0.000000000000000000 ) ) ;
#2993 = DIRECTION ( 'NONE',  ( 0.000000000000000000, 0.7625317487668725747, -0.6469507957507550922 ) ) ;
#2994 = VECTOR ( 'NONE', #3853, 1.000000000000000000 ) ;
#2995 = CARTESIAN_POINT ( 'NONE',  ( 0.004523784715013114133, 0.0002999999999999999195, -0.003642581792655086304 ) ) ;
#2996 = ORIENTED_EDGE ( 'NONE', *, *, #1273, .F. ) ;
#2997 = AXIS2_PLACEMENT_3D ( 'NONE', #516, #897, #3295 ) ;
#2998 = CARTESIAN_POINT ( 'NONE',  ( 0.03114140839448971410, 0.002289999999999999935, -0.006559416273656193397 ) ) ;
#2999 = VERTEX_POINT ( 'NONE', #2889 ) ;
#3000 = ORIENTED_EDGE ( 'NONE', *, *, #3220, .F. ) ;
#3001 = DIRECTION ( 'NONE',  ( 0.000000000000000000, 0.000000000000000000, -1.000000000000000000 ) ) ;
#3002 = LINE ( 'NONE', #2376, #2240 ) ;
#3003 = VERTEX_POINT ( 'NONE', #2628 ) ;
#3004 = EDGE_LOOP ( 'NONE', ( #2410, #1008, #1212, #3167 ) ) ;
#3005 = LINE ( 'NONE', #5, #3621 ) ;
#3006 = CARTESIAN_POINT ( 'NONE',  ( 0.01345908141717958029, 0.000000000000000000, -0.0003500000000000001049 ) ) ;
#3007 = CARTESIAN_POINT ( 'NONE',  ( 0.01066677628386799095, 0.001690559999999999806, -0.0008255689565281887354 ) ) ;
#3008 = CIRCLE ( 'NONE', #996, 0.01141826795450370455 ) ;
#3009 = EDGE_CURVE ( 'NONE', #2781, #1853, #2908, .T. ) ;
#3010 = VERTEX_POINT ( 'NONE', #3233 ) ;
#3011 = ORIENTED_EDGE ( 'NONE', *, *, #1864, .F. ) ;
#3012 = CARTESIAN_POINT ( 'NONE',  ( 0.01886591655098299181, 0.001690559999999999806, -0.001870313411187311814 ) ) ;
#3013 = AXIS2_PLACEMENT_3D ( 'NONE', #2743, #3657, #33 ) ;
#3014 = LINE ( 'NONE', #309, #1856 ) ;
#3015 = ADVANCED_FACE ( 'NONE', ( #2022 ), #3470, .F. ) ;
#3016 = LINE ( 'NONE', #2995, #3443 ) ;
#3017 = ORIENTED_EDGE ( 'NONE', *, *, #2058, .F. ) ;
#3018 = VECTOR ( 'NONE', #1722, 1.000000000000000000 ) ;
#3019 = LINE ( 'NONE', #36, #2267 ) ;
#3020 = ORIENTED_EDGE ( 'NONE', *, *, #1351, .F. ) ;
#3021 =( GEOMETRIC_REPRESENTATION_CONTEXT ( 3 ) GLOBAL_UNCERTAINTY_ASSIGNED_CONTEXT ( ( #690 ) ) GLOBAL_UNIT_ASSIGNED_CONTEXT ( ( #1565, #3075, #374 ) ) REPRESENTATION_CONTEXT ( 'NONE', 'WORKASPACE' ) );
#3022 = EDGE_CURVE ( 'NONE', #1387, #2485, #537, .T. ) ;
#3023 = EDGE_CURVE ( 'NONE', #3803, #2689, #2594, .T. ) ;
#3024 = ORIENTED_EDGE ( 'NONE', *, *, #3788, .T. ) ;
#3025 = CARTESIAN_POINT ( 'NONE',  ( 0.01984691655098299104, -0.007969532436456219782, -0.001870313411187311814 ) ) ;
#3026 = CARTESIAN_POINT ( 'NONE',  ( 0.01946617649074516843, 0.004753097005159266641, -0.01054788512684935210 ) ) ;
#3027 = VECTOR ( 'NONE', #1570, 1.000000000000000000 ) ;
#3028 = VERTEX_POINT ( 'NONE', #3845 ) ;
#3029 = ORIENTED_EDGE ( 'NONE', *, *, #176, .F. ) ;
#3030 = CARTESIAN_POINT ( 'NONE',  ( 0.01250000000000000069, 0.0006403213429142518009, -0.0006526752430882135341 ) ) ;
#3031 = DIRECTION ( 'NONE',  ( 0.000000000000000000, 0.000000000000000000, -1.000000000000000000 ) ) ;
#3032 = DIRECTION ( 'NONE',  ( -0.000000000000000000, -1.000000000000000000, -0.000000000000000000 ) ) ;
#3033 = ORIENTED_EDGE ( 'NONE', *, *, #706, .T. ) ;
#3034 = ORIENTED_EDGE ( 'NONE', *, *, #844, .T. ) ;
#3035 = DIRECTION ( 'NONE',  ( 1.000000000000000000, -0.000000000000000000, 0.000000000000000000 ) ) ;
#3036 = LINE ( 'NONE', #948, #1917 ) ;
#3037 = ORIENTED_EDGE ( 'NONE', *, *, #1886, .T. ) ;
#3038 = PLANE ( 'NONE',  #3765 ) ;
#3039 = ORIENTED_EDGE ( 'NONE', *, *, #1583, .F. ) ;
#3040 = EDGE_CURVE ( 'NONE', #3383, #358, #2002, .T. ) ;
#3041 = ORIENTED_EDGE ( 'NONE', *, *, #2564, .T. ) ;
#3042 = ADVANCED_FACE ( 'NONE', ( #1143 ), #3807, .F. ) ;
#3043 = DIRECTION ( 'NONE',  ( 0.000000000000000000, 0.000000000000000000, -1.000000000000000000 ) ) ;
#3044 = VERTEX_POINT ( 'NONE', #2925 ) ;
#3045 = VERTEX_POINT ( 'NONE', #3543 ) ;
#3046 = PLANE ( 'NONE',  #608 ) ;
#3047 = FACE_OUTER_BOUND ( 'NONE', #2407, .T. ) ;
#3048 = CARTESIAN_POINT ( 'NONE',  ( 0.008266176705961515020, 0.004753088037811485644, -0.01055008075106746677 ) ) ;
#3049 = EDGE_CURVE ( 'NONE', #3835, #397, #1333, .T. ) ;
#3050 = AXIS2_PLACEMENT_3D ( 'NONE', #906, #2114, #3304 ) ;
#3051 = VERTEX_POINT ( 'NONE', #2664 ) ;
#3052 = DIRECTION ( 'NONE',  ( -1.000000000000000000, 0.000000000000000000, -0.000000000000000000 ) ) ;
#3053 = CARTESIAN_POINT ( 'NONE',  ( 0.01154974872040884920, 0.0002999999999999999195, -0.002299908472888967381 ) ) ;
#3054 = VECTOR ( 'NONE', #1255, 1.000000000000000000 ) ;
#3055 = VERTEX_POINT ( 'NONE', #3026 ) ;
#3056 = SURFACE_STYLE_USAGE ( .BOTH. , #3419 ) ;
#3057 = VERTEX_POINT ( 'NONE', #1166 ) ;
#3058 = VECTOR ( 'NONE', #514, 1.000000000000000000 ) ;
#3059 = VECTOR ( 'NONE', #1527, 1.000000000000000000 ) ;
#3060 = VECTOR ( 'NONE', #1442, 1.000000000000000000 ) ;
#3061 = EDGE_CURVE ( 'NONE', #358, #1233, #3002, .T. ) ;
#3062 = TOROIDAL_SURFACE ( 'NONE', #1807, 0.01141826795450370455, 0.0003499999999999999964 ) ;
#3063 = ORIENTED_EDGE ( 'NONE', *, *, #1715, .T. ) ;
#3064 = FACE_OUTER_BOUND ( 'NONE', #511, .T. ) ;
#3065 = EDGE_CURVE ( 'NONE', #543, #34, #20, .T. ) ;
#3066 = VERTEX_POINT ( 'NONE', #2450 ) ;
#3067 = LINE ( 'NONE', #3408, #919 ) ;
#3068 = DIRECTION ( 'NONE',  ( -1.000000000000000000, 0.000000000000000000, 0.000000000000000000 ) ) ;
#3069 = FACE_OUTER_BOUND ( 'NONE', #3612, .T. ) ;
#3070 = ORIENTED_EDGE ( 'NONE', *, *, #1679, .T. ) ;
#3071 = PLANE ( 'NONE',  #1288 ) ;
#3072 = LINE ( 'NONE', #370, #2857 ) ;
#3073 = ORIENTED_EDGE ( 'NONE', *, *, #1102, .F. ) ;
#3074 = AXIS2_PLACEMENT_3D ( 'NONE', #1851, #561, #3589 ) ;
#3075 =( NAMED_UNIT ( * ) PLANE_ANGLE_UNIT ( ) SI_UNIT ( $, .RADIAN. ) );
#3076 = ORIENTED_EDGE ( 'NONE', *, *, #223, .F. ) ;
#3077 = ORIENTED_EDGE ( 'NONE', *, *, #3834, .T. ) ;
#3078 = VECTOR ( 'NONE', #1064, 1.000000000000000000 ) ;
#3079 = EDGE_CURVE ( 'NONE', #2152, #3066, #3549, .T. ) ;
#3080 = CARTESIAN_POINT ( 'NONE',  ( 0.01946617649074516843, 0.004753097005159266641, -0.01054788512684935210 ) ) ;
#3081 = VECTOR ( 'NONE', #3086, 1.000000000000000000 ) ;
#3082 = VERTEX_POINT ( 'NONE', #638 ) ;
#3083 = CARTESIAN_POINT ( 'NONE',  ( 0.01250000000000000069, 0.0006403213429142518009, -0.01144767524308821539 ) ) ;
#3084 = CARTESIAN_POINT ( 'NONE',  ( 0.02086591655098299358, -0.01159174901508180922, -0.01407389542082615463 ) ) ;
#3085 = ADVANCED_FACE ( 'NONE', ( #3646 ), #2431, .T. ) ;
#3086 = DIRECTION ( 'NONE',  ( 1.000000000000000000, 0.000000000000000000, 0.000000000000000000 ) ) ;
#3087 = ORIENTED_EDGE ( 'NONE', *, *, #1237, .F. ) ;
#3088 = LINE ( 'NONE', #2778, #2125 ) ;
#3089 = EDGE_CURVE ( 'NONE', #656, #1516, #957, .T. ) ;
#3090 = CARTESIAN_POINT ( 'NONE',  ( 0.008266666800648376362, 0.004732667425858962974, -0.01304999727746685920 ) ) ;
#3091 = FACE_OUTER_BOUND ( 'NONE', #3141, .T. ) ;
#3092 = VECTOR ( 'NONE', #1437, 1.000000000000000000 ) ;
#3093 = ORIENTED_EDGE ( 'NONE', *, *, #839, .T. ) ;
#3094 = CARTESIAN_POINT ( 'NONE',  ( 0.01250000000000000069, 0.0002999999999999999195, -0.01144850812889775492 ) ) ;
#3095 = EDGE_LOOP ( 'NONE', ( #142, #1960, #3633, #1510 ) ) ;
#3096 = EDGE_CURVE ( 'NONE', #56, #2370, #2714, .T. ) ;
#3097 = CARTESIAN_POINT ( 'NONE',  ( 0.009437436128616104314, 0.0002999999999999999195, -0.008842395677957748390 ) ) ;
#3098 = EDGE_CURVE ( 'NONE', #3752, #2153, #655, .T. ) ;
#3099 = ORIENTED_EDGE ( 'NONE', *, *, #1209, .T. ) ;
#3100 = LINE ( 'NONE', #990, #2212 ) ;
#3101 = ORIENTED_EDGE ( 'NONE', *, *, #582, .F. ) ;
#3102 = VERTEX_POINT ( 'NONE', #2101 ) ;
#3103 = CARTESIAN_POINT ( 'NONE',  ( 0.0006241405777339670280, 0.004299999999999998268, -0.003642581792655086304 ) ) ;
#3104 = CARTESIAN_POINT ( 'NONE',  ( 0.01250000000000000069, 0.002289999999999999935, -0.0006526752430882135341 ) ) ;
#3105 = PLANE ( 'NONE',  #748 ) ;
#3106 = EDGE_CURVE ( 'NONE', #1800, #3051, #3275, .T. ) ;
#3107 = VERTEX_POINT ( 'NONE', #895 ) ;
#3108 = CARTESIAN_POINT ( 'NONE',  ( 0.0006189165509829907402, 0.002290000000000000369, -0.004444143617096329990 ) ) ;
#3109 = FACE_BOUND ( 'NONE', #2570, .T. ) ;
#3110 = EDGE_CURVE ( 'NONE', #851, #866, #2163, .T. ) ;
#3111 = EDGE_LOOP ( 'NONE', ( #2958, #3390, #1302, #631 ) ) ;
#3112 = CARTESIAN_POINT ( 'NONE',  ( 0.01984691655098299104, 0.002289999999999999935, -0.002552674351235214092 ) ) ;
#3113 = VERTEX_POINT ( 'NONE', #2145 ) ;
#3114 = CARTESIAN_POINT ( 'NONE',  ( 0.003595757357791493254, 0.0002999999999999999195, -0.006559416273656193397 ) ) ;
#3115 = EDGE_CURVE ( 'NONE', #2139, #3783, #1469, .T. ) ;
#3116 = VERTEX_POINT ( 'NONE', #2981 ) ;
#3117 = VERTEX_POINT ( 'NONE', #1847 ) ;
#3118 = CARTESIAN_POINT ( 'NONE',  ( 0.01886591655098299181, 0.005429851651431000584, -0.01409084671280311230 ) ) ;
#3119 = AXIS2_PLACEMENT_3D ( 'NONE', #478, #1449, #2318 ) ;
#3120 = AXIS2_PLACEMENT_3D ( 'NONE', #363, #1614, #2847 ) ;
#3121 = VERTEX_POINT ( 'NONE', #3337 ) ;
#3122 = ORIENTED_EDGE ( 'NONE', *, *, #2161, .T. ) ;
#3123 = CARTESIAN_POINT ( 'NONE',  ( 0.003946247949256829340, 0.004299999999999998268, -0.001338141805341974688 ) ) ;
#3124 = DIRECTION ( 'NONE',  ( -0.000000000000000000, 3.469446951953613418E-18, -1.000000000000000000 ) ) ;
#3125 = CARTESIAN_POINT ( 'NONE',  ( 0.01886591655098299181, 0.003429851651431000542, -0.01408004920141799239 ) ) ;
#3126 = VECTOR ( 'NONE', #2434, 1.000000000000000000 ) ;
#3127 = CARTESIAN_POINT ( 'NONE',  ( 0.008617972442110481690, 0.0002999999999999999195, -0.0008255689565281887354 ) ) ;
#3128 = VERTEX_POINT ( 'NONE', #1808 ) ;
#3129 = DIRECTION ( 'NONE',  ( 1.000000000000000000, 0.000000000000000000, 0.000000000000000000 ) ) ;
#3130 = LINE ( 'NONE', #3732, #2539 ) ;
#3131 = ORIENTED_EDGE ( 'NONE', *, *, #1505, .T. ) ;
#3132 = DIRECTION ( 'NONE',  ( 0.000000000000000000, 0.000000000000000000, 1.000000000000000000 ) ) ;
#3133 = LINE ( 'NONE', #1955, #2371 ) ;
#3134 = EDGE_CURVE ( 'NONE', #731, #3383, #337, .T. ) ;
#3135 = VECTOR ( 'NONE', #1042, 1.000000000000000000 ) ;
#3136 = EDGE_LOOP ( 'NONE', ( #2344, #3728, #189, #1257, #290 ) ) ;
#3137 = ADVANCED_FACE ( 'NONE', ( #2412 ), #3315, .T. ) ;
#3138 = LINE ( 'NONE', #2542, #3366 ) ;
#3139 = CIRCLE ( 'NONE', #1382, 0.0003499999999999996170 ) ;
#3140 = ADVANCED_FACE ( 'NONE', ( #2961 ), #262, .F. ) ;
#3141 = EDGE_LOOP ( 'NONE', ( #1145, #1139, #683, #2391 ) ) ;
#3142 = ORIENTED_EDGE ( 'NONE', *, *, #2918, .T. ) ;
#3143 = DIRECTION ( 'NONE',  ( -0.000000000000000000, -0.000000000000000000, 1.000000000000000000 ) ) ;
#3144 = LINE ( 'NONE', #425, #3381 ) ;
#3145 = LINE ( 'NONE', #81, #3453 ) ;
#3146 = DIRECTION ( 'NONE',  ( 0.000000000000000000, 3.469446951953613418E-18, -1.000000000000000000 ) ) ;
#3147 = ORIENTED_EDGE ( 'NONE', *, *, #956, .F. ) ;
#3148 = CARTESIAN_POINT ( 'NONE',  ( 0.003595757357791493688, 0.004299999999999998268, -0.008946355434476416235 ) ) ;
#3149 = CARTESIAN_POINT ( 'NONE',  ( 0.03114140839448971410, 0.002289999999999999935, -0.0006526752430882135341 ) ) ;
#3150 = ORIENTED_EDGE ( 'NONE', *, *, #3172, .F. ) ;
#3151 = DIRECTION ( 'NONE',  ( -8.006560518343739796E-07, -0.9999666393311735790, 0.008168244859064708110 ) ) ;
#3152 = DIRECTION ( 'NONE',  ( 0.000000000000000000, 0.000000000000000000, -1.000000000000000000 ) ) ;
#3153 = LINE ( 'NONE', #2861, #300 ) ;
#3154 = ADVANCED_FACE ( 'NONE', ( #1488 ), #2692, .F. ) ;
#3155 = CARTESIAN_POINT ( 'NONE',  ( 0.007496184346508165397, 0.0002999999999999999195, -0.006480299519805665653 ) ) ;
#3156 = PLANE ( 'NONE',  #381 ) ;
#3157 = ADVANCED_FACE ( 'NONE', ( #3064 ), #1326, .F. ) ;
#3158 = ORIENTED_EDGE ( 'NONE', *, *, #1472, .T. ) ;
#3159 = ORIENTED_EDGE ( 'NONE', *, *, #2192, .T. ) ;
#3160 = CARTESIAN_POINT ( 'NONE',  ( 0.01886591655098299181, -0.02113176284409280098, -0.01144767524308821366 ) ) ;
#3161 = CARTESIAN_POINT ( 'NONE',  ( 0.01886529081886899328, 0.004724070386709447802, -0.01410141856101798305 ) ) ;
#3162 = CARTESIAN_POINT ( 'NONE',  ( 0.01249999999999999896, 0.002289999999999999935, -0.02312826795450370621 ) ) ;
#3163 = DIRECTION ( 'NONE',  ( 0.000000000000000000, 0.000000000000000000, -1.000000000000000000 ) ) ;
#3164 = VERTEX_POINT ( 'NONE', #1045 ) ;
#3165 = EDGE_CURVE ( 'NONE', #3057, #1445, #2180, .T. ) ;
#3166 = CARTESIAN_POINT ( 'NONE',  ( 0.01154974872040884920, 0.004299999999999998268, -0.002299908472888967381 ) ) ;
#3167 = ORIENTED_EDGE ( 'NONE', *, *, #3750, .F. ) ;
#3168 = CARTESIAN_POINT ( 'NONE',  ( 0.0006241405777339670280, 0.001690559999999999806, -0.006365815510203215108 ) ) ;
#3169 = CARTESIAN_POINT ( 'NONE',  ( 0.01984691655098299104, 0.001690559999999999806, -0.01002733767805662202 ) ) ;
#3170 = DIRECTION ( 'NONE',  ( 0.000000000000000000, -1.000000000000000000, 0.000000000000000000 ) ) ;
#3171 = CARTESIAN_POINT ( 'NONE',  ( 0.01208551635339049496, 0.0002999999999999999195, -0.01124807004616662671 ) ) ;
#3172 = EDGE_CURVE ( 'NONE', #182, #486, #3138, .T. ) ;
#3173 = VERTEX_POINT ( 'NONE', #2215 ) ;
#3174 = CARTESIAN_POINT ( 'NONE',  ( 0.005688779228269089105, 0.004299999999999998268, -0.004674734197948504644 ) ) ;
#3175 = PLANE ( 'NONE',  #850 ) ;
#3176 = AXIS2_PLACEMENT_3D ( 'NONE', #2080, #3274, #573 ) ;
#3177 = VECTOR ( 'NONE', #3775, 1.000000000000000000 ) ;
#3178 = CARTESIAN_POINT ( 'NONE',  ( 0.01984691655098299104, -0.02113176284409280098, -0.0006526752430882133173 ) ) ;
#3179 = EDGE_CURVE ( 'NONE', #3652, #76, #439, .T. ) ;
#3180 = VECTOR ( 'NONE', #1110, 1.000000000000000000 ) ;
#3181 = LINE ( 'NONE', #445, #1186 ) ;
#3182 = ORIENTED_EDGE ( 'NONE', *, *, #1591, .F. ) ;
#3183 = FACE_OUTER_BOUND ( 'NONE', #1540, .T. ) ;
#3184 = LINE ( 'NONE', #1171, #258 ) ;
#3185 = ADVANCED_FACE ( 'NONE', ( #3719 ), #2255, .F. ) ;
#3186 = EDGE_CURVE ( 'NONE', #1471, #46, #980, .T. ) ;
#3187 = ORIENTED_EDGE ( 'NONE', *, *, #2530, .F. ) ;
#3188 = CARTESIAN_POINT ( 'NONE',  ( 0.005688779228269089105, 0.004299999999999998268, -0.003766393599310413620 ) ) ;
#3189 = DIRECTION ( 'NONE',  ( -1.003210504794081037E-17, -3.469446951953613418E-18, 1.000000000000000000 ) ) ;
#3190 = DIRECTION ( 'NONE',  ( -0.000000000000000000, -1.000000000000000000, -0.000000000000000000 ) ) ;
#3191 = CARTESIAN_POINT ( 'NONE',  ( 0.0006189165509829906318, 0.001690560000000000673, -0.0003139159790157552976 ) ) ;
#3192 = LINE ( 'NONE', #2350, #3018 ) ;
#3193 = VECTOR ( 'NONE', #1953, 1.000000000000000000 ) ;
#3194 = VERTEX_POINT ( 'NONE', #1611 ) ;
#3195 = VECTOR ( 'NONE', #3357, 1.000000000000000000 ) ;
#3196 = DIRECTION ( 'NONE',  ( 1.000000000000000000, -0.000000000000000000, 0.000000000000000000 ) ) ;
#3197 = DIRECTION ( 'NONE',  ( -1.000000000000000000, 0.000000000000000000, 0.000000000000000000 ) ) ;
#3198 = DIRECTION ( 'NONE',  ( -0.000000000000000000, -0.000000000000000000, -1.000000000000000000 ) ) ;
#3199 = FACE_OUTER_BOUND ( 'NONE', #2910, .T. ) ;
#3200 = ORIENTED_EDGE ( 'NONE', *, *, #2777, .T. ) ;
#3201 = EDGE_CURVE ( 'NONE', #1506, #2323, #729, .T. ) ;
#3202 = CARTESIAN_POINT ( 'NONE',  ( 0.007476534587561001546, 0.004299999999999998268, -0.009084714650391781041 ) ) ;
#3203 = CARTESIAN_POINT ( 'NONE',  ( 0.01011191351183229892, 0.004299999999999998268, -0.01124807004616662671 ) ) ;
#3204 = VERTEX_POINT ( 'NONE', #3369 ) ;
#3205 = EDGE_CURVE ( 'NONE', #2913, #3173, #2465, .T. ) ;
#3206 = PLANE ( 'NONE',  #3234 ) ;
#3207 = DIRECTION ( 'NONE',  ( 1.000000000000000000, -0.000000000000000000, 0.000000000000000000 ) ) ;
#3208 = CARTESIAN_POINT ( 'NONE',  ( 0.01886591655098299181, 3.478931614334317233E-20, -0.01002733767805662202 ) ) ;
#3209 = DIRECTION ( 'NONE',  ( 0.000000000000000000, -3.469446951953613418E-18, 1.000000000000000000 ) ) ;
#3210 = CARTESIAN_POINT ( 'NONE',  ( 0.003595757357791493688, 0.001690559999999999806, -0.008946355434476416235 ) ) ;
#3211 = EDGE_CURVE ( 'NONE', #3444, #3795, #3424, .T. ) ;
#3212 = ORIENTED_EDGE ( 'NONE', *, *, #1433, .F. ) ;
#3213 = DIRECTION ( 'NONE',  ( 0.000000000000000000, 0.000000000000000000, 1.000000000000000000 ) ) ;
#3214 = FACE_OUTER_BOUND ( 'NONE', #335, .T. ) ;
#3215 = DIRECTION ( 'NONE',  ( -1.000000000000000000, 0.000000000000000000, 0.000000000000000000 ) ) ;
#3216 = DIRECTION ( 'NONE',  ( -1.000000000000000000, 0.000000000000000000, 0.000000000000000000 ) ) ;
#3217 = ORIENTED_EDGE ( 'NONE', *, *, #3276, .F. ) ;
#3218 = CARTESIAN_POINT ( 'NONE',  ( 0.0006189165509829907402, -0.01019535190281590717, -0.01171357386385252046 ) ) ;
#3219 = DIRECTION ( 'NONE',  ( -1.000000000000000000, -0.000000000000000000, -0.000000000000000000 ) ) ;
#3220 = EDGE_CURVE ( 'NONE', #3003, #1733, #2197, .T. ) ;
#3221 = ORIENTED_EDGE ( 'NONE', *, *, #3441, .F. ) ;
#3222 = DIRECTION ( 'NONE',  ( 0.000000000000000000, 0.000000000000000000, -1.000000000000000000 ) ) ;
#3223 = DIRECTION ( 'NONE',  ( -1.000000000000000000, 0.000000000000000000, 0.000000000000000000 ) ) ;
#3224 = CARTESIAN_POINT ( 'NONE',  ( 0.005831435004923647691, 0.001690559999999999806, -0.007508100888992563782 ) ) ;
#3225 = EDGE_CURVE ( 'NONE', #2073, #1836, #1862, .T. ) ;
#3226 = DIRECTION ( 'NONE',  ( 1.000000000000000000, 0.000000000000000000, 0.000000000000000000 ) ) ;
#3227 = DIRECTION ( 'NONE',  ( 0.000000000000000000, 0.000000000000000000, 1.000000000000000000 ) ) ;
#3228 = ORIENTED_EDGE ( 'NONE', *, *, #421, .F. ) ;
#3229 = AXIS2_PLACEMENT_3D ( 'NONE', #1930, #3710, #2247 ) ;
#3230 = ORIENTED_EDGE ( 'NONE', *, *, #568, .F. ) ;
#3231 = CARTESIAN_POINT ( 'NONE',  ( 0.01250000000000000069, 0.0003000000000000016542, -0.006365815510203215108 ) ) ;
#3232 = LINE ( 'NONE', #1409, #90 ) ;
#3233 = CARTESIAN_POINT ( 'NONE',  ( 0.01886591655098299181, 0.001690559999999999806, -0.01294667524308821573 ) ) ;
#3234 = AXIS2_PLACEMENT_3D ( 'NONE', #3514, #2741, #2677 ) ;
#3235 = FACE_BOUND ( 'NONE', #1238, .T. ) ;
#3236 = ORIENTED_EDGE ( 'NONE', *, *, #2102, .F. ) ;
#3237 = PLANE ( 'NONE',  #3310 ) ;
#3238 = VECTOR ( 'NONE', #810, 1.000000000000000000 ) ;
#3239 = FACE_OUTER_BOUND ( 'NONE', #2797, .T. ) ;
#3240 = CIRCLE ( 'NONE', #3119, 0.0003499999999999999964 ) ;
#3241 = VECTOR ( 'NONE', #1454, 1.000000000000000000 ) ;
#3242 = ORIENTED_EDGE ( 'NONE', *, *, #2277, .F. ) ;
#3243 = LINE ( 'NONE', #544, #2805 ) ;
#3244 = CARTESIAN_POINT ( 'NONE',  ( 0.008265290818868993236, 0.004290000000000000410, -0.001512313943909821120 ) ) ;
#3245 = DIRECTION ( 'NONE',  ( -1.000000000000000000, 0.000000000000000000, -0.000000000000000000 ) ) ;
#3246 = VECTOR ( 'NONE', #1850, 1.000000000000000000 ) ;
#3247 = CARTESIAN_POINT ( 'NONE',  ( 0.01886529081886899328, 0.003429851651431000542, -0.001512313943909821337 ) ) ;
#3248 = ORIENTED_EDGE ( 'NONE', *, *, #2135, .T. ) ;
#3249 = EDGE_CURVE ( 'NONE', #2335, #1002, #1632, .T. ) ;
#3250 = EDGE_LOOP ( 'NONE', ( #1758, #2978, #2827, #3200 ) ) ;
#3251 = ADVANCED_FACE ( 'NONE', ( #2523 ), #2233, .T. ) ;
#3252 = DIRECTION ( 'NONE',  ( -0.000000000000000000, -1.000000000000000000, -0.000000000000000000 ) ) ;
#3253 = LINE ( 'NONE', #2339, #3271 ) ;
#3254 = EDGE_CURVE ( 'NONE', #3345, #3055, #672, .T. ) ;
#3255 = VECTOR ( 'NONE', #2219, 1.000000000000000000 ) ;
#3256 = DIRECTION ( 'NONE',  ( -0.000000000000000000, -1.000000000000000000, -0.000000000000000000 ) ) ;
#3257 = ORIENTED_EDGE ( 'NONE', *, *, #223, .T. ) ;
#3258 = CARTESIAN_POINT ( 'NONE',  ( 0.01891964925969876615, 3.604229933372938481E-05, -0.01390343407752865981 ) ) ;
#3259 = LINE ( 'NONE', #3475, #1080 ) ;
#3260 = ADVANCED_FACE ( 'NONE', ( #1651 ), #1593, .F. ) ;
#3261 = ORIENTED_EDGE ( 'NONE', *, *, #1814, .T. ) ;
#3262 = ORIENTED_EDGE ( 'NONE', *, *, #2156, .T. ) ;
#3263 = CARTESIAN_POINT ( 'NONE',  ( 0.002856818845405680041, 0.0002999999999999999195, -0.001338141805341974688 ) ) ;
#3264 = VECTOR ( 'NONE', #2642, 1.000000000000000000 ) ;
#3265 = LINE ( 'NONE', #3286, #593 ) ;
#3266 = AXIS2_PLACEMENT_3D ( 'NONE', #2108, #3299, #602 ) ;
#3267 = LINE ( 'NONE', #567, #551 ) ;
#3268 = ORIENTED_EDGE ( 'NONE', *, *, #1569, .F. ) ;
#3269 = CARTESIAN_POINT ( 'NONE',  ( 0.007496184346508165397, 0.004299999999999998268, -0.007508100888992563782 ) ) ;
#3270 = EDGE_LOOP ( 'NONE', ( #1340, #2208, #884, #3606, #1225, #2560, #590, #3236 ) ) ;
#3271 = VECTOR ( 'NONE', #555, 1.000000000000000000 ) ;
#3272 = EDGE_CURVE ( 'NONE', #2990, #3473, #77, .T. ) ;
#3273 = ORIENTED_EDGE ( 'NONE', *, *, #3536, .F. ) ;
#3274 = DIRECTION ( 'NONE',  ( 1.000000000000000000, -0.000000000000000000, 0.000000000000000000 ) ) ;
#3275 = LINE ( 'NONE', #299, #1863 ) ;
#3276 = EDGE_CURVE ( 'NONE', #3403, #184, #3100, .T. ) ;
#3277 = VECTOR ( 'NONE', #1455, 1.000000000000000000 ) ;
#3278 = LINE ( 'NONE', #205, #3763 ) ;
#3279 = VERTEX_POINT ( 'NONE', #3405 ) ;
#3280 = CARTESIAN_POINT ( 'NONE',  ( 0.01250000000000000069, 0.0003135449505986473429, -0.01146000000000000144 ) ) ;
#3281 = CARTESIAN_POINT ( 'NONE',  ( 0.01344586581391568440, 0.0001670814209316989155, -3.795215440898722916E-05 ) ) ;
#3282 = PLANE ( 'NONE',  #2098 ) ;
#3283 = VERTEX_POINT ( 'NONE', #1065 ) ;
#3284 = ORIENTED_EDGE ( 'NONE', *, *, #3186, .T. ) ;
#3285 = DIRECTION ( 'NONE',  ( 0.000000000000000000, 0.000000000000000000, -1.000000000000000000 ) ) ;
#3286 = CARTESIAN_POINT ( 'NONE',  ( 0.02086591655098299358, 0.003429851651431000542, -0.01409084671280311230 ) ) ;
#3287 = LINE ( 'NONE', #3878, #2571 ) ;
#3288 = ORIENTED_EDGE ( 'NONE', *, *, #2530, .T. ) ;
#3289 = LINE ( 'NONE', #2056, #684 ) ;
#3290 = ORIENTED_EDGE ( 'NONE', *, *, #1524, .T. ) ;
#3291 = ORIENTED_EDGE ( 'NONE', *, *, #2033, .F. ) ;
#3292 = AXIS2_PLACEMENT_3D ( 'NONE', #2794, #721, #2286 ) ;
#3293 = DIRECTION ( 'NONE',  ( -1.000000000000000000, 0.000000000000000000, -1.387778780781445676E-16 ) ) ;
#3294 = CARTESIAN_POINT ( 'NONE',  ( 0.005813831172303636843, 0.0002999999999999999195, -0.007853343260645573309 ) ) ;
#3295 = DIRECTION ( 'NONE',  ( -1.000000000000000000, 0.000000000000000000, -0.000000000000000000 ) ) ;
#3296 = VERTEX_POINT ( 'NONE', #1959 ) ;
#3297 = FACE_OUTER_BOUND ( 'NONE', #3395, .T. ) ;
#3298 = CARTESIAN_POINT ( 'NONE',  ( 0.01344424140157889948, 0.0002575118200936031424, -2.706270266477488620E-19 ) ) ;
#3299 = DIRECTION ( 'NONE',  ( 0.000000000000000000, 1.000000000000000000, -1.916305161557858496E-16 ) ) ;
#3300 = ORIENTED_EDGE ( 'NONE', *, *, #2608, .F. ) ;
#3301 = VERTEX_POINT ( 'NONE', #3762 ) ;
#3302 = DIRECTION ( 'NONE',  ( 0.000000000000000000, 0.000000000000000000, 1.000000000000000000 ) ) ;
#3303 = EDGE_CURVE ( 'NONE', #3752, #2999, #2276, .T. ) ;
#3304 = DIRECTION ( 'NONE',  ( 0.000000000000000000, -3.469446951953613418E-18, 1.000000000000000000 ) ) ;
#3305 = AXIS2_PLACEMENT_3D ( 'NONE', #2452, #3587, #2065 ) ;
#3306 = ADVANCED_FACE ( 'NONE', ( #751 ), #3156, .F. ) ;
#3307 = VECTOR ( 'NONE', #60, 1.000000000000000000 ) ;
#3308 = CARTESIAN_POINT ( 'NONE',  ( 0.002856818845405680041, 0.0002999999999999999195, -0.003642581792655086304 ) ) ;
#3309 = ORIENTED_EDGE ( 'NONE', *, *, #3276, .T. ) ;
#3310 = AXIS2_PLACEMENT_3D ( 'NONE', #837, #2651, #3849 ) ;
#3311 = DIRECTION ( 'NONE',  ( 0.000000000000000000, 0.000000000000000000, -1.000000000000000000 ) ) ;
#3312 = EDGE_LOOP ( 'NONE', ( #3316, #3300, #3011, #1260 ) ) ;
#3313 = ORIENTED_EDGE ( 'NONE', *, *, #2757, .F. ) ;
#3314 = LINE ( 'NONE', #1204, #2241 ) ;
#3315 = PLANE ( 'NONE',  #74 ) ;
#3316 = ORIENTED_EDGE ( 'NONE', *, *, #2823, .F. ) ;
#3317 = ORIENTED_EDGE ( 'NONE', *, *, #3418, .F. ) ;
#3318 = DIRECTION ( 'NONE',  ( -1.003210504794081037E-17, -3.469446951953613418E-18, 1.000000000000000000 ) ) ;
#3319 = LINE ( 'NONE', #1170, #1308 ) ;
#3320 = DIRECTION ( 'NONE',  ( 0.000000000000000000, 0.000000000000000000, 1.000000000000000000 ) ) ;
#3321 = VECTOR ( 'NONE', #3517, 1.000000000000000000 ) ;
#3322 = VECTOR ( 'NONE', #3189, 1.000000000000000000 ) ;
#3323 = EDGE_CURVE ( 'NONE', #1002, #903, #1368, .T. ) ;
#3324 = ORIENTED_EDGE ( 'NONE', *, *, #3833, .F. ) ;
#3325 = EDGE_LOOP ( 'NONE', ( #861, #1535, #1355, #3273 ) ) ;
#3326 = CARTESIAN_POINT ( 'NONE',  ( 0.01886591655098299181, 0.002289999999999999935, -0.0002999999999999999737 ) ) ;
#3327 =( GEOMETRIC_REPRESENTATION_CONTEXT ( 3 ) GLOBAL_UNCERTAINTY_ASSIGNED_CONTEXT ( ( #3520 ) ) GLOBAL_UNIT_ASSIGNED_CONTEXT ( ( #1563, #409, #2814 ) ) REPRESENTATION_CONTEXT ( 'NONE', 'WORKASPACE' ) );
#3328 = DIRECTION ( 'NONE',  ( 1.000000000000000000, 0.000000000000000000, 0.000000000000000000 ) ) ;
#3329 = DIRECTION ( 'NONE',  ( -0.000000000000000000, 1.000000000000000000, 0.000000000000000000 ) ) ;
#3330 = ADVANCED_FACE ( 'NONE', ( #900 ), #3342, .T. ) ;
#3331 = VERTEX_POINT ( 'NONE', #622 ) ;
#3332 = VECTOR ( 'NONE', #2426, 1.000000000000000000 ) ;
#3333 = CARTESIAN_POINT ( 'NONE',  ( 0.03114140839448971410, 0.000000000000000000, -0.0003000000000000000821 ) ) ;
#3334 = VERTEX_POINT ( 'NONE', #2669 ) ;
#3335 = ORIENTED_EDGE ( 'NONE', *, *, #2204, .F. ) ;
#3336 = EDGE_CURVE ( 'NONE', #3044, #730, #2986, .T. ) ;
#3337 = CARTESIAN_POINT ( 'NONE',  ( 0.01250000000000000069, 0.0006403213429142518009, -0.01144767524308821539 ) ) ;
#3338 = VECTOR ( 'NONE', #420, 1.000000000000000000 ) ;
#3339 = ORIENTED_EDGE ( 'NONE', *, *, #1881, .T. ) ;
#3340 = ORIENTED_EDGE ( 'NONE', *, *, #673, .F. ) ;
#3341 = CARTESIAN_POINT ( 'NONE',  ( 0.02086591655098299358, 0.0003499999999999996170, 0.001973544934649726357 ) ) ;
#3342 = PLANE ( 'NONE',  #2304 ) ;
#3343 = DIRECTION ( 'NONE',  ( 0.000000000000000000, 0.000000000000000000, 1.000000000000000000 ) ) ;
#3344 = ORIENTED_EDGE ( 'NONE', *, *, #1583, .T. ) ;
#3345 = VERTEX_POINT ( 'NONE', #2107 ) ;
#3346 = LINE ( 'NONE', #291, #157 ) ;
#3347 = LINE ( 'NONE', #3053, #151 ) ;
#3348 = EDGE_CURVE ( 'NONE', #3790, #611, #3890, .T. ) ;
#3349 = ORIENTED_EDGE ( 'NONE', *, *, #1791, .F. ) ;
#3350 = PLANE ( 'NONE',  #944 ) ;
#3351 = VERTEX_POINT ( 'NONE', #880 ) ;
#3352 = ADVANCED_FACE ( 'NONE', ( #601 ), #2696, .F. ) ;
#3353 = ORIENTED_EDGE ( 'NONE', *, *, #753, .F. ) ;
#3354 = CARTESIAN_POINT ( 'NONE',  ( 0.01250000000000000069, 0.01814451632826797473, -0.0006639159790157549146 ) ) ;
#3355 = ORIENTED_EDGE ( 'NONE', *, *, #927, .F. ) ;
#3356 = CARTESIAN_POINT ( 'NONE',  ( 0.01886591655098299181, 0.0006403213429142518009, -0.0006526752430882135341 ) ) ;
#3357 = DIRECTION ( 'NONE',  ( 0.000000000000000000, 0.000000000000000000, 1.000000000000000000 ) ) ;
#3358 = LINE ( 'NONE', #2738, #2786 ) ;
#3359 = ORIENTED_EDGE ( 'NONE', *, *, #469, .F. ) ;
#3360 = CARTESIAN_POINT ( 'NONE',  ( 0.02086591655098299358, 0.005429851651431000584, -0.01374084671280311268 ) ) ;
#3361 = PLANE ( 'NONE',  #1025 ) ;
#3362 = EDGE_LOOP ( 'NONE', ( #1482, #1494, #1269, #1629 ) ) ;
#3363 = LINE ( 'NONE', #2461, #1385 ) ;
#3364 = ORIENTED_EDGE ( 'NONE', *, *, #176, .T. ) ;
#3365 = AXIS2_PLACEMENT_3D ( 'NONE', #2923, #217, #1104 ) ;
#3366 = VECTOR ( 'NONE', #710, 1.000000000000000000 ) ;
#3367 = EDGE_CURVE ( 'NONE', #2296, #2162, #1812, .T. ) ;
#3368 = ORIENTED_EDGE ( 'NONE', *, *, #438, .T. ) ;
#3369 = CARTESIAN_POINT ( 'NONE',  ( 0.005688779228269089105, 0.0002999999999999999195, -0.003766393599310413620 ) ) ;
#3370 = EDGE_CURVE ( 'NONE', #3121, #2990, #3870, .T. ) ;
#3371 = EDGE_LOOP ( 'NONE', ( #163, #3566, #624, #3221 ) ) ;
#3372 = DIRECTION ( 'NONE',  ( 0.000000000000000000, -0.000000000000000000, -1.000000000000000000 ) ) ;
#3373 = EDGE_CURVE ( 'NONE', #3334, #2643, #1916, .T. ) ;
#3374 = CARTESIAN_POINT ( 'NONE',  ( 0.03114140839448971410, 0.0006403213429142518009, -0.01144767524308821539 ) ) ;
#3375 = DIRECTION ( 'NONE',  ( 0.000000000000000000, 3.469446951953613418E-18, -1.000000000000000000 ) ) ;
#3376 = ORIENTED_EDGE ( 'NONE', *, *, #2293, .T. ) ;
#3377 = DIRECTION ( 'NONE',  ( 1.000000000000000000, -0.000000000000000000, 1.816891172229024368E-16 ) ) ;
#3378 = CARTESIAN_POINT ( 'NONE',  ( 0.005282099801380564508, 0.004299999999999998268, -0.004444143617096329990 ) ) ;
#3379 = CARTESIAN_POINT ( 'NONE',  ( 0.000000000000000000, 0.0006500000000000012712, -0.01136357386385252258 ) ) ;
#3380 = VERTEX_POINT ( 'NONE', #304 ) ;
#3381 = VECTOR ( 'NONE', #2509, 1.000000000000000000 ) ;
#3382 = CARTESIAN_POINT ( 'NONE',  ( 0.01946529081886899312, 0.004790000000000000854, -0.001512313943909821120 ) ) ;
#3383 = VERTEX_POINT ( 'NONE', #2131 ) ;
#3384 = CARTESIAN_POINT ( 'NONE',  ( 0.03114140839448971410, 0.001690559999999999806, -0.0006526752430882135341 ) ) ;
#3385 = AXIS2_PLACEMENT_3D ( 'NONE', #2890, #2244, #1927 ) ;
#3386 = ORIENTED_EDGE ( 'NONE', *, *, #3348, .T. ) ;
#3387 = AXIS2_PLACEMENT_3D ( 'NONE', #2764, #3715, #3132 ) ;
#3388 = CARTESIAN_POINT ( 'NONE',  ( 0.008617972442110481690, 0.0002999999999999999195, -0.002175653194538273993 ) ) ;
#3389 = ADVANCED_FACE ( 'NONE', ( #285 ), #642, .F. ) ;
#3390 = ORIENTED_EDGE ( 'NONE', *, *, #2629, .T. ) ;
#3391 = CARTESIAN_POINT ( 'NONE',  ( 0.01886591655098299181, 0.003429851651431000542, 0.000000000000000000 ) ) ;
#3392 = PLANE ( 'NONE',  #3886 ) ;
#3393 = CYLINDRICAL_SURFACE ( 'NONE', #952, 0.0003500000000000000507 ) ;
#3394 = EDGE_CURVE ( 'NONE', #3003, #1654, #2435, .T. ) ;
#3395 = EDGE_LOOP ( 'NONE', ( #620, #3024, #645, #517 ) ) ;
#3396 = CARTESIAN_POINT ( 'NONE',  ( 0.002484595167507867852, 0.001690559999999999806, -0.003642581792655086304 ) ) ;
#3397 = CARTESIAN_POINT ( 'NONE',  ( 0.01886591655098299181, 0.003429851651430993603, -0.01294667524308821226 ) ) ;
#3398 = VECTOR ( 'NONE', #3198, 1.000000000000000000 ) ;
#3399 = VERTEX_POINT ( 'NONE', #2966 ) ;
#3400 = LINE ( 'NONE', #3641, #3512 ) ;
#3401 = ORIENTED_EDGE ( 'NONE', *, *, #2458, .F. ) ;
#3402 = CARTESIAN_POINT ( 'NONE',  ( 0.009471191688981348000, 0.0002999999999999999195, -0.009084714650391781041 ) ) ;
#3403 = VERTEX_POINT ( 'NONE', #2400 ) ;
#3404 = ORIENTED_EDGE ( 'NONE', *, *, #3852, .F. ) ;
#3405 = CARTESIAN_POINT ( 'NONE',  ( 0.008617972442110481690, 0.001690559999999999806, -0.0008255689565281887354 ) ) ;
#3406 = ORIENTED_EDGE ( 'NONE', *, *, #1013, .T. ) ;
#3407 = ORIENTED_EDGE ( 'NONE', *, *, #3367, .T. ) ;
#3408 = CARTESIAN_POINT ( 'NONE',  ( 0.007496184346508165397, 0.0002999999999999999195, -0.006480299519805665653 ) ) ;
#3409 = CARTESIAN_POINT ( 'NONE',  ( 0.01250000000000000069, 0.001690560000000000673, -0.008842395677957748390 ) ) ;
#3410 = LINE ( 'NONE', #3704, #1888 ) ;
#3411 = LINE ( 'NONE', #718, #2447 ) ;
#3412 = EDGE_LOOP ( 'NONE', ( #553, #532, #2068, #1240 ) ) ;
#3413 = ADVANCED_FACE ( 'NONE', ( #1474 ), #2417, .F. ) ;
#3414 = CARTESIAN_POINT ( 'NONE',  ( 0.01066677628386799095, 0.001690559999999999806, -0.002175653194538273993 ) ) ;
#3415 = VECTOR ( 'NONE', #1678, 1.000000000000000000 ) ;
#3416 = CARTESIAN_POINT ( 'NONE',  ( 0.02086591655098299358, 0.005429851651431001451, 0.001973544934649726357 ) ) ;
#3417 = ORIENTED_EDGE ( 'NONE', *, *, #3634, .T. ) ;
#3418 = EDGE_CURVE ( 'NONE', #1325, #1092, #3319, .T. ) ;
#3419 = SURFACE_SIDE_STYLE ('',( #1258 ) ) ;
#3420 = ORIENTED_EDGE ( 'NONE', *, *, #218, .T. ) ;
#3421 = DIRECTION ( 'NONE',  ( -0.000000000000000000, -0.000000000000000000, 1.000000000000000000 ) ) ;
#3422 = ADVANCED_FACE ( 'NONE', ( #3047 ), #2149, .T. ) ;
#3423 = VERTEX_POINT ( 'NONE', #1248 ) ;
#3424 = LINE ( 'NONE', #2502, #635 ) ;
#3425 = AXIS2_PLACEMENT_3D ( 'NONE', #1185, #318, #3001 ) ;
#3426 = VECTOR ( 'NONE', #2547, 1.000000000000000000 ) ;
#3427 = ORIENTED_EDGE ( 'NONE', *, *, #753, .T. ) ;
#3428 = ORIENTED_EDGE ( 'NONE', *, *, #2282, .T. ) ;
#3429 = LINE ( 'NONE', #3103, #221 ) ;
#3430 = VECTOR ( 'NONE', #2812, 1.000000000000000000 ) ;
#3431 = LINE ( 'NONE', #1656, #3255 ) ;
#3432 = LINE ( 'NONE', #1945, #1249 ) ;
#3433 = DIRECTION ( 'NONE',  ( -0.000000000000000000, 1.000000000000000000, -0.000000000000000000 ) ) ;
#3434 = VERTEX_POINT ( 'NONE', #3649 ) ;
#3435 = DIRECTION ( 'NONE',  ( 0.000000000000000000, -3.469446951953613418E-18, 1.000000000000000000 ) ) ;
#3436 = PLANE ( 'NONE',  #336 ) ;
#3437 = EDGE_CURVE ( 'NONE', #656, #2694, #2453, .T. ) ;
#3438 = ORIENTED_EDGE ( 'NONE', *, *, #3461, .F. ) ;
#3439 = CARTESIAN_POINT ( 'NONE',  ( 0.01886591655098299181, 0.005429851651431000584, -0.008902674351234214634 ) ) ;
#3440 = LINE ( 'NONE', #136, #3551 ) ;
#3441 = EDGE_CURVE ( 'NONE', #2159, #1221, #3431, .T. ) ;
#3442 = CARTESIAN_POINT ( 'NONE',  ( 0.0006189165509829907402, 0.002290000000000000369, -0.006559416273656193397 ) ) ;
#3443 = VECTOR ( 'NONE', #3226, 1.000000000000000000 ) ;
#3444 = VERTEX_POINT ( 'NONE', #2184 ) ;
#3445 = CARTESIAN_POINT ( 'NONE',  ( 0.0006189165509829907402, -0.006603538124571359247, -0.005591375635188861569 ) ) ;
#3446 = ORIENTED_EDGE ( 'NONE', *, *, #1932, .T. ) ;
#3447 = VECTOR ( 'NONE', #1981, 1.000000000000000000 ) ;
#3448 = ADVANCED_FACE ( 'NONE', ( #364 ), #2201, .F. ) ;
#3449 = ORIENTED_EDGE ( 'NONE', *, *, #3882, .T. ) ;
#3450 = VERTEX_POINT ( 'NONE', #103 ) ;
#3451 = CARTESIAN_POINT ( 'NONE',  ( 0.005831435004923647691, 0.004299999999999998268, -0.007508100888992563782 ) ) ;
#3452 = DIRECTION ( 'NONE',  ( 0.000000000000000000, 0.000000000000000000, -1.000000000000000000 ) ) ;
#3453 = VECTOR ( 'NONE', #1925, 1.000000000000000000 ) ;
#3454 = DIRECTION ( 'NONE',  ( 1.000000000000000000, 0.000000000000000000, 0.000000000000000000 ) ) ;
#3455 = FACE_OUTER_BOUND ( 'NONE', #3622, .T. ) ;
#3456 = EDGE_LOOP ( 'NONE', ( #317, #782, #2654, #2606 ) ) ;
#3457 = DIRECTION ( 'NONE',  ( 0.000000000000000000, -1.000000000000000000, -3.469446951953613418E-18 ) ) ;
#3458 = CARTESIAN_POINT ( 'NONE',  ( 0.01886529081886899328, 0.004732676393206743104, -0.01304791954961243700 ) ) ;
#3459 = ORIENTED_EDGE ( 'NONE', *, *, #3882, .F. ) ;
#3460 = CARTESIAN_POINT ( 'NONE',  ( 0.0006189165509829907402, 0.001690560000000000673, -0.006365815510203215108 ) ) ;
#3461 = EDGE_CURVE ( 'NONE', #2323, #3283, #443, .T. ) ;
#3462 = CARTESIAN_POINT ( 'NONE',  ( 0.01886591655098299181, -0.01159174901508180922, -0.01407389542082615463 ) ) ;
#3463 = CARTESIAN_POINT ( 'NONE',  ( 0.004523784715013114133, 0.004299999999999998268, -0.003642581792655086304 ) ) ;
#3464 = VECTOR ( 'NONE', #2775, 1.000000000000000000 ) ;
#3465 = FACE_OUTER_BOUND ( 'NONE', #2432, .T. ) ;
#3466 = ADVANCED_FACE ( 'NONE', ( #403 ), #2832, .F. ) ;
#3467 = VERTEX_POINT ( 'NONE', #1331 ) ;
#3468 = CARTESIAN_POINT ( 'NONE',  ( 0.007476534587561001546, 0.004299999999999998268, -0.007853343260645573309 ) ) ;
#3469 = CARTESIAN_POINT ( 'NONE',  ( 0.01946617609041714422, 0.004253113685493679387, -0.01054380100441982063 ) ) ;
#3470 = PLANE ( 'NONE',  #1395 ) ;
#3471 = VECTOR ( 'NONE', #228, 1.000000000000000000 ) ;
#3472 = CARTESIAN_POINT ( 'NONE',  ( 0.01230059023991324912, 0.001690559999999999806, -0.0008255689565281887354 ) ) ;
#3473 = VERTEX_POINT ( 'NONE', #3409 ) ;
#3474 = LINE ( 'NONE', #2303, #2311 ) ;
#3475 = CARTESIAN_POINT ( 'NONE',  ( 0.01250000000000000069, 0.002289999999999999935, -0.0002999999999999999737 ) ) ;
#3476 = VERTEX_POINT ( 'NONE', #715 ) ;
#3477 = CARTESIAN_POINT ( 'NONE',  ( 0.02086591655098299358, 0.005429851651431000584, -0.008902674351234214634 ) ) ;
#3478 = PLANE ( 'NONE',  #1830 ) ;
#3479 = PLANE ( 'NONE',  #2553 ) ;
#3480 = DIRECTION ( 'NONE',  ( 1.000000000000000000, -0.000000000000000000, -0.000000000000000000 ) ) ;
#3481 = VERTEX_POINT ( 'NONE', #2848 ) ;
#3482 = EDGE_CURVE ( 'NONE', #3434, #2590, #1884, .T. ) ;
#3483 = ORIENTED_EDGE ( 'NONE', *, *, #2895, .T. ) ;
#3484 = DIRECTION ( 'NONE',  ( 0.000000000000000000, -1.000000000000000000, 0.000000000000000000 ) ) ;
#3485 = DIRECTION ( 'NONE',  ( -0.000000000000000000, 1.000000000000000000, -0.000000000000000000 ) ) ;
#3486 = VECTOR ( 'NONE', #2655, 1.000000000000000000 ) ;
#3487 = DIRECTION ( 'NONE',  ( -1.000000000000000000, 0.000000000000000000, 0.000000000000000000 ) ) ;
#3488 = EDGE_CURVE ( 'NONE', #569, #1626, #1049, .T. ) ;
#3489 = VECTOR ( 'NONE', #3457, 1.000000000000000000 ) ;
#3490 = DIRECTION ( 'NONE',  ( -1.000000000000000000, 0.000000000000000000, 0.000000000000000000 ) ) ;
#3491 = ORIENTED_EDGE ( 'NONE', *, *, #629, .F. ) ;
#3492 = CARTESIAN_POINT ( 'NONE',  ( 0.0006040828504758188194, 0.002289999999999999935, -0.004444143617096329990 ) ) ;
#3493 = CARTESIAN_POINT ( 'NONE',  ( 0.01066677628386799095, 0.001690559999999999806, -0.01124807004616662671 ) ) ;
#3494 = ORIENTED_EDGE ( 'NONE', *, *, #1715, .F. ) ;
#3495 = DIRECTION ( 'NONE',  ( -0.000000000000000000, 1.000000000000000000, -0.000000000000000000 ) ) ;
#3496 = PLANE ( 'NONE',  #627 ) ;
#3497 = CARTESIAN_POINT ( 'NONE',  ( 0.01886591655098299181, 0.005429851651431000584, -0.01409084671280311230 ) ) ;
#3498 = CARTESIAN_POINT ( 'NONE',  ( 0.01066677628386799095, 0.001690559999999999806, -0.006480299519805665653 ) ) ;
#3499 = LINE ( 'NONE', #2884, #2014 ) ;
#3500 = VECTOR ( 'NONE', #3839, 1.000000000000000000 ) ;
#3501 = ORIENTED_EDGE ( 'NONE', *, *, #2921, .F. ) ;
#3502 = CARTESIAN_POINT ( 'NONE',  ( 0.01946617609041714422, 0.004253113685493679387, -0.01054380100441982063 ) ) ;
#3503 = CARTESIAN_POINT ( 'NONE',  ( 0.01066677628386799095, 0.001690559999999999806, -0.009084714650391781041 ) ) ;
#3504 = EDGE_CURVE ( 'NONE', #1121, #2143, #3144, .T. ) ;
#3505 = DIRECTION ( 'NONE',  ( -1.000000000000000000, 0.000000000000000000, 0.000000000000000000 ) ) ;
#3506 = VECTOR ( 'NONE', #3880, 1.000000000000000000 ) ;
#3507 = DIRECTION ( 'NONE',  ( 1.000000000000000000, 0.000000000000000000, 0.000000000000000000 ) ) ;
#3508 = ORIENTED_EDGE ( 'NONE', *, *, #3737, .T. ) ;
#3509 = CARTESIAN_POINT ( 'NONE',  ( 0.007380024444763835789, 0.001690559999999999806, -0.006365815510203215108 ) ) ;
#3510 = EDGE_CURVE ( 'NONE', #1802, #3399, #1638, .T. ) ;
#3511 = DIRECTION ( 'NONE',  ( 0.000000000000000000, -0.9999666393302120149, 0.008168245016021008498 ) ) ;
#3512 = VECTOR ( 'NONE', #1381, 1.000000000000000000 ) ;
#3513 = VERTEX_POINT ( 'NONE', #1596 ) ;
#3514 = CARTESIAN_POINT ( 'NONE',  ( 0.001062852872235363344, 0.004299999999999998268, -0.006559416273656193397 ) ) ;
#3515 = CARTESIAN_POINT ( 'NONE',  ( 0.01886529081886899328, 0.003429851651431000542, 0.001973544934649726357 ) ) ;
#3516 = FACE_OUTER_BOUND ( 'NONE', #2409, .T. ) ;
#3517 = DIRECTION ( 'NONE',  ( 1.000000000000000000, 0.000000000000000000, 0.000000000000000000 ) ) ;
#3518 = LINE ( 'NONE', #1099, #1762 ) ;
#3519 = ORIENTED_EDGE ( 'NONE', *, *, #51, .T. ) ;
#3520 = UNCERTAINTY_MEASURE_WITH_UNIT (LENGTH_MEASURE( 1.000000000000000082E-05 ), #1563, 'distance_accuracy_value', 'NONE');
#3521 = EDGE_LOOP ( 'NONE', ( #937, #1605, #2956, #2976 ) ) ;
#3522 = LINE ( 'NONE', #240, #3806 ) ;
#3523 = CARTESIAN_POINT ( 'NONE',  ( 0.01886591655098299181, 0.002289999999999999935, -0.008902674351234214634 ) ) ;
#3524 = CARTESIAN_POINT ( 'NONE',  ( 0.01250000000000000069, -0.01661751163414174060, -0.0003139159790157552976 ) ) ;
#3525 = PLANE ( 'NONE',  #2684 ) ;
#3526 = VERTEX_POINT ( 'NONE', #1349 ) ;
#3527 = DIRECTION ( 'NONE',  ( 0.000000000000000000, 3.469446951953613418E-18, -1.000000000000000000 ) ) ;
#3528 = DIRECTION ( 'NONE',  ( 0.000000000000000000, 0.000000000000000000, 1.000000000000000000 ) ) ;
#3529 = EDGE_CURVE ( 'NONE', #1398, #1788, #3008, .T. ) ;
#3530 = ORIENTED_EDGE ( 'NONE', *, *, #3488, .T. ) ;
#3531 = LINE ( 'NONE', #3477, #1804 ) ;
#3532 = DIRECTION ( 'NONE',  ( -0.000000000000000000, -1.000000000000000000, -0.000000000000000000 ) ) ;
#3533 = CARTESIAN_POINT ( 'NONE',  ( 0.007476534587561001546, 0.004299999999999998268, -0.009084714650391781041 ) ) ;
#3534 = CARTESIAN_POINT ( 'NONE',  ( 0.003946247949256829340, 0.004299999999999998268, -0.001338141805341974688 ) ) ;
#3535 = EDGE_CURVE ( 'NONE', #3117, #712, #2548, .T. ) ;
#3536 = EDGE_CURVE ( 'NONE', #339, #634, #3748, .T. ) ;
#3537 = LINE ( 'NONE', #2294, #3078 ) ;
#3538 = ORIENTED_EDGE ( 'NONE', *, *, #3115, .F. ) ;
#3539 = ORIENTED_EDGE ( 'NONE', *, *, #8, .F. ) ;
#3540 = ADVANCED_FACE ( 'NONE', ( #1869 ), #2774, .F. ) ;
#3541 = DIRECTION ( 'NONE',  ( 0.000000000000000000, 0.000000000000000000, 1.000000000000000000 ) ) ;
#3542 = PLANE ( 'NONE',  #2055 ) ;
#3543 = CARTESIAN_POINT ( 'NONE',  ( 0.01886591655098299181, 0.0006403213429142515841, -0.0006526752430882135341 ) ) ;
#3544 = VECTOR ( 'NONE', #2600, 1.000000000000000000 ) ;
#3545 = VECTOR ( 'NONE', #2712, 1.000000000000000000 ) ;
#3546 = CARTESIAN_POINT ( 'NONE',  ( 0.02086591655098299358, 0.003429851651431000542, 0.001973544934649726357 ) ) ;
#3547 = ORIENTED_EDGE ( 'NONE', *, *, #927, .T. ) ;
#3548 = DIRECTION ( 'NONE',  ( 0.000000000000000000, 1.000000000000000000, 0.000000000000000000 ) ) ;
#3549 = CIRCLE ( 'NONE', #1549, 0.0003500000000000000507 ) ;
#3550 = CARTESIAN_POINT ( 'NONE',  ( 0.01011191351183229892, 0.0002999999999999999195, -0.01002620511618236392 ) ) ;
#3551 = VECTOR ( 'NONE', #727, 1.000000000000000000 ) ;
#3552 = ORIENTED_EDGE ( 'NONE', *, *, #261, .F. ) ;
#3553 = VERTEX_POINT ( 'NONE', #3104 ) ;
#3554 = LINE ( 'NONE', #2069, #3865 ) ;
#3555 = PLANE ( 'NONE',  #1283 ) ;
#3556 = CARTESIAN_POINT ( 'NONE',  ( 0.01886591655098299181, 0.0003499999999999996170, -0.01407389542082615463 ) ) ;
#3557 = EDGE_LOOP ( 'NONE', ( #1699, #22, #95, #2513 ) ) ;
#3558 = DIRECTION ( 'NONE',  ( 1.000000000000000000, 0.000000000000000000, 0.000000000000000000 ) ) ;
#3559 = ORIENTED_EDGE ( 'NONE', *, *, #1652, .F. ) ;
#3560 = ADVANCED_FACE ( 'NONE', ( #1266 ), #3392, .T. ) ;
#3561 = EDGE_LOOP ( 'NONE', ( #1520, #1303, #2803, #3591 ) ) ;
#3562 = FACE_OUTER_BOUND ( 'NONE', #1299, .T. ) ;
#3563 = DIRECTION ( 'NONE',  ( 0.000000000000000000, -1.000000000000000000, 0.000000000000000000 ) ) ;
#3564 = AXIS2_PLACEMENT_3D ( 'NONE', #941, #6, #1492 ) ;
#3565 = CARTESIAN_POINT ( 'NONE',  ( 0.01886591655098299181, -0.01159174901508180922, 0.001973544934649726357 ) ) ;
#3566 = ORIENTED_EDGE ( 'NONE', *, *, #123, .T. ) ;
#3567 = CARTESIAN_POINT ( 'NONE',  ( 0.01886591655098299181, 0.0003499999999999996170, -0.01407389542082615463 ) ) ;
#3568 = CARTESIAN_POINT ( 'NONE',  ( 0.01066677628386799095, 0.002289999999999999935, -0.0003139159790157552976 ) ) ;
#3569 = CARTESIAN_POINT ( 'NONE',  ( 0.01011191351183229892, 0.004299999999999998268, -0.01002620511618236392 ) ) ;
#3570 = ORIENTED_EDGE ( 'NONE', *, *, #118, .F. ) ;
#3571 = ORIENTED_EDGE ( 'NONE', *, *, #212, .F. ) ;
#3572 = LINE ( 'NONE', #30, #1544 ) ;
#3573 = VECTOR ( 'NONE', #772, 1.000000000000000000 ) ;
#3574 = LINE ( 'NONE', #1401, #2103 ) ;
#3575 = CIRCLE ( 'NONE', #2077, 0.0003499999999999996170 ) ;
#3576 = CARTESIAN_POINT ( 'NONE',  ( 0.01099415933008824481, 0.001690559999999999806, -0.002175653194538273993 ) ) ;
#3577 = VERTEX_POINT ( 'NONE', #80 ) ;
#3578 = LINE ( 'NONE', #2096, #2144 ) ;
#3579 = ORIENTED_EDGE ( 'NONE', *, *, #2926, .F. ) ;
#3580 = EDGE_CURVE ( 'NONE', #2781, #3481, #1287, .T. ) ;
#3581 = ORIENTED_EDGE ( 'NONE', *, *, #1304, .F. ) ;
#3582 = CARTESIAN_POINT ( 'NONE',  ( 0.01154974872040884920, 0.004299999999999998268, -0.002299908472888967381 ) ) ;
#3583 = DIRECTION ( 'NONE',  ( 0.000000000000000000, -0.000000000000000000, -1.000000000000000000 ) ) ;
#3584 = VECTOR ( 'NONE', #1578, 1.000000000000000000 ) ;
#3585 = FACE_BOUND ( 'NONE', #1889, .T. ) ;
#3586 = VERTEX_POINT ( 'NONE', #994 ) ;
#3587 = DIRECTION ( 'NONE',  ( 1.000000000000000000, 0.000000000000000000, 0.000000000000000000 ) ) ;
#3588 = EDGE_CURVE ( 'NONE', #2689, #3164, #693, .T. ) ;
#3589 = DIRECTION ( 'NONE',  ( -1.000000000000000000, 0.000000000000000000, -0.000000000000000000 ) ) ;
#3590 = FACE_OUTER_BOUND ( 'NONE', #2415, .T. ) ;
#3591 = ORIENTED_EDGE ( 'NONE', *, *, #3661, .F. ) ;
#3592 = EDGE_LOOP ( 'NONE', ( #3309, #2024, #270, #3404 ) ) ;
#3593 = DIRECTION ( 'NONE',  ( 0.000000000000000000, 1.000000000000000000, 0.000000000000000000 ) ) ;
#3594 = FACE_OUTER_BOUND ( 'NONE', #3136, .T. ) ;
#3595 = DIRECTION ( 'NONE',  ( -1.000000000000000000, 0.000000000000000000, -0.000000000000000000 ) ) ;
#3596 = ORIENTED_EDGE ( 'NONE', *, *, #1720, .T. ) ;
#3597 = LINE ( 'NONE', #314, #3332 ) ;
#3598 = ORIENTED_EDGE ( 'NONE', *, *, #2555, .T. ) ;
#3599 = ORIENTED_EDGE ( 'NONE', *, *, #146, .T. ) ;
#3600 = AXIS2_PLACEMENT_3D ( 'NONE', #2423, #2760, #1271 ) ;
#3601 = LINE ( 'NONE', #2124, #474 ) ;
#3602 = CARTESIAN_POINT ( 'NONE',  ( 0.01886529081886899328, 0.003429851651431000542, 0.001973544934649726357 ) ) ;
#3603 = EDGE_CURVE ( 'NONE', #14, #2363, #1648, .T. ) ;
#3604 = EDGE_CURVE ( 'NONE', #206, #3434, #770, .T. ) ;
#3605 = ORIENTED_EDGE ( 'NONE', *, *, #1498, .F. ) ;
#3606 = ORIENTED_EDGE ( 'NONE', *, *, #3808, .F. ) ;
#3607 = FACE_OUTER_BOUND ( 'NONE', #3095, .T. ) ;
#3608 = DIRECTION ( 'NONE',  ( 1.000000000000000000, 0.000000000000000000, 0.000000000000000000 ) ) ;
#3609 = DIRECTION ( 'NONE',  ( 1.000000000000000000, -0.000000000000000000, 1.387778780781445676E-16 ) ) ;
#3610 = EDGE_CURVE ( 'NONE', #2694, #82, #180, .T. ) ;
#3611 = VERTEX_POINT ( 'NONE', #473 ) ;
#3612 = EDGE_LOOP ( 'NONE', ( #2089, #2596, #255, #2734, #1066, #2782 ) ) ;
#3613 = DIRECTION ( 'NONE',  ( 0.000000000000000000, 3.469446951953613418E-18, -1.000000000000000000 ) ) ;
#3614 = CARTESIAN_POINT ( 'NONE',  ( 0.01411606319764498185, 0.0006403213429142518009, -0.003129242418765665334 ) ) ;
#3615 = VECTOR ( 'NONE', #3484, 1.000000000000000000 ) ;
#3616 = DIRECTION ( 'NONE',  ( 0.000000000000000000, 0.000000000000000000, -1.000000000000000000 ) ) ;
#3617 = EDGE_CURVE ( 'NONE', #70, #3714, #2032, .T. ) ;
#3618 = ORIENTED_EDGE ( 'NONE', *, *, #1284, .F. ) ;
#3619 = DIRECTION ( 'NONE',  ( -1.000000000000000000, 0.000000000000000000, -0.000000000000000000 ) ) ;
#3620 = ORIENTED_EDGE ( 'NONE', *, *, #2033, .T. ) ;
#3621 = VECTOR ( 'NONE', #2085, 1.000000000000000000 ) ;
#3622 = EDGE_LOOP ( 'NONE', ( #2821, #1897, #1775, #1314 ) ) ;
#3623 = DIRECTION ( 'NONE',  ( -0.000000000000000000, -1.000000000000000000, -0.000000000000000000 ) ) ;
#3624 = ORIENTED_EDGE ( 'NONE', *, *, #3009, .F. ) ;
#3625 = ORIENTED_EDGE ( 'NONE', *, *, #1405, .F. ) ;
#3626 = EDGE_CURVE ( 'NONE', #34, #1610, #3738, .T. ) ;
#3627 = DIRECTION ( 'NONE',  ( 0.000000000000000000, -1.000000000000000000, 0.000000000000000000 ) ) ;
#3628 = CARTESIAN_POINT ( 'NONE',  ( 0.01345524716045685097, -1.897353801849632760E-19, -0.0002588902246240913640 ) ) ;
#3629 = CARTESIAN_POINT ( 'NONE',  ( 0.005831435004923647691, 0.004299999999999998268, -0.006480299519805665653 ) ) ;
#3630 = EDGE_CURVE ( 'NONE', #2258, #3331, #2273, .T. ) ;
#3631 = AXIS2_PLACEMENT_3D ( 'NONE', #1757, #2955, #254 ) ;
#3632 = VERTEX_POINT ( 'NONE', #507 ) ;
#3633 = ORIENTED_EDGE ( 'NONE', *, *, #2969, .F. ) ;
#3634 = EDGE_CURVE ( 'NONE', #1947, #754, #198, .T. ) ;
#3635 = CARTESIAN_POINT ( 'NONE',  ( 0.002484595167507867852, 0.004299999999999998268, -0.003642581792655086304 ) ) ;
#3636 = CARTESIAN_POINT ( 'NONE',  ( 0.01984691655098299104, 0.0006403213429142518009, -0.01002733767805662202 ) ) ;
#3637 = APPLICATION_PROTOCOL_DEFINITION ( 'draft international standard', 'automotive_design', 1998, #402 ) ;
#3638 = ORIENTED_EDGE ( 'NONE', *, *, #2587, .F. ) ;
#3639 = COLOUR_RGB ( '',0.7921568627450980005, 0.8196078431372548767, 0.9333333333333333481 ) ;
#3640 = ADVANCED_FACE ( 'NONE', ( #826 ), #1343, .F. ) ;
#3641 = CARTESIAN_POINT ( 'NONE',  ( 0.01886591655098299181, 0.0006403213429142518009, -0.01144767524308821539 ) ) ;
#3642 = ORIENTED_EDGE ( 'NONE', *, *, #969, .T. ) ;
#3643 = VECTOR ( 'NONE', #2719, 1.000000000000000000 ) ;
#3644 = ORIENTED_EDGE ( 'NONE', *, *, #1860, .F. ) ;
#3645 = VECTOR ( 'NONE', #515, 1.000000000000000000 ) ;
#3646 = FACE_OUTER_BOUND ( 'NONE', #2269, .T. ) ;
#3647 = EDGE_LOOP ( 'NONE', ( #911, #1919, #571, #1826 ) ) ;
#3648 = CARTESIAN_POINT ( 'NONE',  ( 0.0006241405777339670280, 0.0002999999999999999195, -0.003642581792655086304 ) ) ;
#3649 = CARTESIAN_POINT ( 'NONE',  ( 0.01250000000000000069, 0.001690560000000000673, -0.0003139159790157552976 ) ) ;
#3650 = LINE ( 'NONE', #64, #1397 ) ;
#3651 = VECTOR ( 'NONE', #3511, 1.000000000000000000 ) ;
#3652 = VERTEX_POINT ( 'NONE', #1097 ) ;
#3653 = DIRECTION ( 'NONE',  ( -0.000000000000000000, -0.000000000000000000, 1.000000000000000000 ) ) ;
#3654 = DIRECTION ( 'NONE',  ( 0.000000000000000000, -1.000000000000000000, 0.000000000000000000 ) ) ;
#3655 = EDGE_CURVE ( 'NONE', #1688, #1831, #2313, .T. ) ;
#3656 = EDGE_CURVE ( 'NONE', #2037, #2048, #804, .T. ) ;
#3657 = DIRECTION ( 'NONE',  ( 0.000000000000000000, 0.000000000000000000, 1.000000000000000000 ) ) ;
#3658 = ORIENTED_EDGE ( 'NONE', *, *, #2729, .T. ) ;
#3659 = LINE ( 'NONE', #953, #1950 ) ;
#3660 = VERTEX_POINT ( 'NONE', #1721 ) ;
#3661 = EDGE_CURVE ( 'NONE', #3473, #393, #2919, .T. ) ;
#3662 = EDGE_CURVE ( 'NONE', #1140, #3681, #3818, .T. ) ;
#3663 = VERTEX_POINT ( 'NONE', #1117 ) ;
#3664 = CARTESIAN_POINT ( 'NONE',  ( 0.01208551635339049496, 0.004299999999999998268, -0.01124807004616662671 ) ) ;
#3665 = EDGE_CURVE ( 'NONE', #2694, #362, #1384, .T. ) ;
#3666 = VERTEX_POINT ( 'NONE', #2588 ) ;
#3667 = CARTESIAN_POINT ( 'NONE',  ( 0.03114140839448971410, 0.002289999999999999935, -0.0002999999999999999737 ) ) ;
#3668 = DIRECTION ( 'NONE',  ( -0.000000000000000000, 1.000000000000000000, 0.000000000000000000 ) ) ;
#3669 = DIRECTION ( 'NONE',  ( 0.000000000000000000, 0.008168244859067327543, 0.9999666393314942114 ) ) ;
#3670 = ORIENTED_EDGE ( 'NONE', *, *, #1202, .F. ) ;
#3671 = DIRECTION ( 'NONE',  ( 1.816891172229024368E-16, 0.000000000000000000, -1.000000000000000000 ) ) ;
#3672 = LINE ( 'NONE', #2472, #711 ) ;
#3673 = ORIENTED_EDGE ( 'NONE', *, *, #3852, .T. ) ;
#3674 = LINE ( 'NONE', #702, #2834 ) ;
#3675 = ORIENTED_EDGE ( 'NONE', *, *, #99, .T. ) ;
#3676 = AXIS2_PLACEMENT_3D ( 'NONE', #2170, #3302, #1234 ) ;
#3677 = EDGE_CURVE ( 'NONE', #2258, #3102, #1666, .T. ) ;
#3678 = VECTOR ( 'NONE', #79, 1.000000000000000000 ) ;
#3679 = DIRECTION ( 'NONE',  ( 1.387778780781445676E-16, 0.000000000000000000, -1.000000000000000000 ) ) ;
#3680 = VECTOR ( 'NONE', #2491, 1.000000000000000000 ) ;
#3681 = VERTEX_POINT ( 'NONE', #2253 ) ;
#3682 = DIRECTION ( 'NONE',  ( 0.000000000000000000, 0.000000000000000000, 1.000000000000000000 ) ) ;
#3683 = EDGE_LOOP ( 'NONE', ( #2462, #1635, #1643, #3644 ) ) ;
#3684 = LINE ( 'NONE', #424, #159 ) ;
#3685 = DIRECTION ( 'NONE',  ( -1.000000000000000000, 0.000000000000000000, 0.000000000000000000 ) ) ;
#3686 = LINE ( 'NONE', #734, #3081 ) ;
#3687 = ORIENTED_EDGE ( 'NONE', *, *, #1357, .T. ) ;
#3688 = CARTESIAN_POINT ( 'NONE',  ( 0.007476534587561001546, 0.001690559999999999806, -0.009084714650391781041 ) ) ;
#3689 = CARTESIAN_POINT ( 'NONE',  ( 0.02086591655098299358, 0.003429851651431000542, -0.002552674311657847969 ) ) ;
#3690 = ORIENTED_EDGE ( 'NONE', *, *, #1013, .F. ) ;
#3691 = VECTOR ( 'NONE', #1944, 1.000000000000000000 ) ;
#3692 = CARTESIAN_POINT ( 'NONE',  ( 0.01154974872040884920, 0.004299999999999998268, -0.002299908472888967381 ) ) ;
#3693 = ORIENTED_EDGE ( 'NONE', *, *, #2605, .F. ) ;
#3694 = VECTOR ( 'NONE', #3433, 1.000000000000000000 ) ;
#3695 = LINE ( 'NONE', #178, #2872 ) ;
#3696 = EDGE_LOOP ( 'NONE', ( #2402, #2374, #2662, #2829, #3401, #412 ) ) ;
#3697 = VERTEX_POINT ( 'NONE', #3442 ) ;
#3698 = CARTESIAN_POINT ( 'NONE',  ( 0.008617972442110481690, 0.004299999999999998268, -0.0008255689565281887354 ) ) ;
#3699 = EDGE_CURVE ( 'NONE', #3128, #1398, #181, .T. ) ;
#3700 = ORIENTED_EDGE ( 'NONE', *, *, #1652, .T. ) ;
#3701 = VERTEX_POINT ( 'NONE', #2540 ) ;
#3702 = DIRECTION ( 'NONE',  ( 1.000000000000000000, -0.000000000000000000, 0.000000000000000000 ) ) ;
#3703 = CARTESIAN_POINT ( 'NONE',  ( 0.009437436128616104314, 0.0002999999999999999195, -0.003129242418765665334 ) ) ;
#3704 = CARTESIAN_POINT ( 'NONE',  ( 0.003791532590698178107, 0.001690559999999999806, -0.006365815510203215108 ) ) ;
#3705 = EDGE_CURVE ( 'NONE', #368, #795, #3153, .T. ) ;
#3706 = EDGE_CURVE ( 'NONE', #362, #3444, #2883, .T. ) ;
#3707 = DIRECTION ( 'NONE',  ( -0.000000000000000000, 1.000000000000000000, -0.000000000000000000 ) ) ;
#3708 = ORIENTED_EDGE ( 'NONE', *, *, #3750, .T. ) ;
#3709 = CARTESIAN_POINT ( 'NONE',  ( 0.008265290818868993236, 0.004290000000000000410, 0.0009876860322002023462 ) ) ;
#3710 = DIRECTION ( 'NONE',  ( 0.000000000000000000, -1.000000000000000000, 0.000000000000000000 ) ) ;
#3711 = VECTOR ( 'NONE', #2568, 1.000000000000000000 ) ;
#3712 = DIRECTION ( 'NONE',  ( 0.000000000000000000, 0.000000000000000000, 1.000000000000000000 ) ) ;
#3713 = AXIS2_PLACEMENT_3D ( 'NONE', #856, #1243, #3885 ) ;
#3714 = VERTEX_POINT ( 'NONE', #786 ) ;
#3715 = DIRECTION ( 'NONE',  ( 0.000000000000000000, 1.000000000000000000, 0.000000000000000000 ) ) ;
#3716 = EDGE_LOOP ( 'NONE', ( #3122, #3033, #493, #3625 ) ) ;
#3717 = DIRECTION ( 'NONE',  ( -1.000000000000000000, 0.000000000000000000, 0.000000000000000000 ) ) ;
#3718 = EDGE_LOOP ( 'NONE', ( #604, #1990, #440, #2169 ) ) ;
#3719 = FACE_OUTER_BOUND ( 'NONE', #3325, .T. ) ;
#3720 = ORIENTED_EDGE ( 'NONE', *, *, #3134, .T. ) ;
#3721 = ORIENTED_EDGE ( 'NONE', *, *, #1791, .T. ) ;
#3722 = PLANE ( 'NONE',  #27 ) ;
#3723 = CARTESIAN_POINT ( 'NONE',  ( 0.01066677628386799095, 0.001690559999999999806, -0.0008255689565281887354 ) ) ;
#3724 = ADVANCED_FACE ( 'NONE', ( #1996 ), #1481, .F. ) ;
#3725 = FACE_OUTER_BOUND ( 'NONE', #637, .T. ) ;
#3726 = VECTOR ( 'NONE', #2188, 1.000000000000000000 ) ;
#3727 = PLANE ( 'NONE',  #742 ) ;
#3728 = ORIENTED_EDGE ( 'NONE', *, *, #509, .F. ) ;
#3729 = PLANE ( 'NONE',  #603 ) ;
#3730 = VECTOR ( 'NONE', #681, 1.000000000000000000 ) ;
#3731 = EDGE_CURVE ( 'NONE', #2335, #3450, #2705, .T. ) ;
#3732 = CARTESIAN_POINT ( 'NONE',  ( 0.003946247949256829340, 0.004299999999999998268, -0.003642581792655086304 ) ) ;
#3733 = ORIENTED_EDGE ( 'NONE', *, *, #3610, .T. ) ;
#3734 = CARTESIAN_POINT ( 'NONE',  ( 0.007496184346508165397, 0.0002999999999999999195, -0.007508100888992563782 ) ) ;
#3735 = CARTESIAN_POINT ( 'NONE',  ( 0.003946247949256829340, 0.001690559999999999806, -0.003642581792655086304 ) ) ;
#3736 = VECTOR ( 'NONE', #3593, 1.000000000000000000 ) ;
#3737 = EDGE_CURVE ( 'NONE', #3666, #1781, #3287, .T. ) ;
#3738 = LINE ( 'NONE', #436, #617 ) ;
#3739 = AXIS2_PLACEMENT_3D ( 'NONE', #3384, #687, #1896 ) ;
#3740 = VECTOR ( 'NONE', #2200, 1.000000000000000000 ) ;
#3741 = ORIENTED_EDGE ( 'NONE', *, *, #3040, .F. ) ;
#3742 = AXIS2_PLACEMENT_3D ( 'NONE', #874, #319, #1829 ) ;
#3743 = DIRECTION ( 'NONE',  ( -0.000000000000000000, -1.000000000000000000, -0.000000000000000000 ) ) ;
#3744 = ORIENTED_EDGE ( 'NONE', *, *, #2392, .F. ) ;
#3745 = ORIENTED_EDGE ( 'NONE', *, *, #3254, .T. ) ;
#3746 = ORIENTED_EDGE ( 'NONE', *, *, #3437, .T. ) ;
#3747 = DIRECTION ( 'NONE',  ( -0.000000000000000000, -1.000000000000000000, -0.000000000000000000 ) ) ;
#3748 = LINE ( 'NONE', #658, #1504 ) ;
#3749 = CARTESIAN_POINT ( 'NONE',  ( 0.002856818845405680041, 0.001690559999999999806, -0.006365815510203215108 ) ) ;
#3750 = EDGE_CURVE ( 'NONE', #2178, #302, #1499, .T. ) ;
#3751 = CARTESIAN_POINT ( 'NONE',  ( 0.01886529081886899328, 0.005079851651431000967, -0.01374084671280311268 ) ) ;
#3752 = VERTEX_POINT ( 'NONE', #1178 ) ;
#3753 = DIRECTION ( 'NONE',  ( -0.000000000000000000, 1.000000000000000000, -0.000000000000000000 ) ) ;
#3754 = CARTESIAN_POINT ( 'NONE',  ( 0.01886591655098299181, 0.0003499999999999996170, 0.001973544934649726357 ) ) ;
#3755 = EDGE_CURVE ( 'NONE', #2913, #466, #2349, .T. ) ;
#3756 = VERTEX_POINT ( 'NONE', #3556 ) ;
#3757 = DIRECTION ( 'NONE',  ( 0.000000000000000000, 3.469446951953613418E-18, -1.000000000000000000 ) ) ;
#3758 = FACE_OUTER_BOUND ( 'NONE', #2613, .T. ) ;
#3759 = DIRECTION ( 'NONE',  ( 0.000000000000000000, 0.000000000000000000, 1.000000000000000000 ) ) ;
#3760 = VECTOR ( 'NONE', #1975, 1.000000000000000000 ) ;
#3761 = CARTESIAN_POINT ( 'NONE',  ( 0.01886591655098299181, 0.001690559999999999806, 5.865308239094699825E-21 ) ) ;
#3762 = CARTESIAN_POINT ( 'NONE',  ( 0.003791532590698178107, 0.001690559999999999806, -0.009084714650391781041 ) ) ;
#3763 = VECTOR ( 'NONE', #876, 1.000000000000000000 ) ;
#3764 = ORIENTED_EDGE ( 'NONE', *, *, #267, .T. ) ;
#3765 = AXIS2_PLACEMENT_3D ( 'NONE', #1464, #2708, #3619 ) ;
#3766 = CARTESIAN_POINT ( 'NONE',  ( 0.005831435004923647691, 0.0002999999999999999195, -0.007508100888992563782 ) ) ;
#3767 = CARTESIAN_POINT ( 'NONE',  ( 0.01250000000000000069, 0.01814451632826797473, -0.0006639159790157549146 ) ) ;
#3768 = AXIS2_PLACEMENT_3D ( 'NONE', #3162, #1332, #2510 ) ;
#3769 = DIRECTION ( 'NONE',  ( 0.000000000000000000, 0.000000000000000000, -1.000000000000000000 ) ) ;
#3770 = PLANE ( 'NONE',  #1641 ) ;
#3771 = VERTEX_POINT ( 'NONE', #3576 ) ;
#3772 = LINE ( 'NONE', #3509, #1363 ) ;
#3773 = LINE ( 'NONE', #3090, #840 ) ;
#3774 = ORIENTED_EDGE ( 'NONE', *, *, #3827, .T. ) ;
#3775 = DIRECTION ( 'NONE',  ( 0.000000000000000000, -1.000000000000000000, 0.000000000000000000 ) ) ;
#3776 = DIRECTION ( 'NONE',  ( 0.000000000000000000, 1.000000000000000000, 0.000000000000000000 ) ) ;
#3777 = CARTESIAN_POINT ( 'NONE',  ( 0.003791532590698178107, 0.004299999999999998268, -0.009084714650391781041 ) ) ;
#3778 = EDGE_CURVE ( 'NONE', #2485, #239, #3016, .T. ) ;
#3779 = CARTESIAN_POINT ( 'NONE',  ( 0.01250000000000000069, 0.01814451632826797473, -0.003129242418765665334 ) ) ;
#3780 = VECTOR ( 'NONE', #2361, 1.000000000000000000 ) ;
#3781 = FACE_OUTER_BOUND ( 'NONE', #968, .T. ) ;
#3782 = EDGE_CURVE ( 'NONE', #1387, #3296, #888, .T. ) ;
#3783 = VERTEX_POINT ( 'NONE', #1154 ) ;
#3784 = DIRECTION ( 'NONE',  ( -0.000000000000000000, 1.000000000000000000, -0.000000000000000000 ) ) ;
#3785 = LINE ( 'NONE', #241, #3058 ) ;
#3786 = PLANE ( 'NONE',  #1587 ) ;
#3787 = AXIS2_PLACEMENT_3D ( 'NONE', #1147, #2967, #2893 ) ;
#3788 = EDGE_CURVE ( 'NONE', #2806, #3450, #845, .T. ) ;
#3789 = CARTESIAN_POINT ( 'NONE',  ( 0.0006189165509829907402, -0.01661751163414174060, -0.006559416273656193397 ) ) ;
#3790 = VERTEX_POINT ( 'NONE', #1443 ) ;
#3791 = DIRECTION ( 'NONE',  ( -0.000000000000000000, -1.000000000000000000, -0.000000000000000000 ) ) ;
#3792 = LINE ( 'NONE', #2066, #1962 ) ;
#3793 = AXIS2_PLACEMENT_3D ( 'NONE', #3244, #1421, #545 ) ;
#3794 = VECTOR ( 'NONE', #3328, 1.000000000000000000 ) ;
#3795 = VERTEX_POINT ( 'NONE', #2072 ) ;
#3796 = LINE ( 'NONE', #1093, #530 ) ;
#3797 = DIRECTION ( 'NONE',  ( 0.000000000000000000, -0.000000000000000000, 1.000000000000000000 ) ) ;
#3798 = LINE ( 'NONE', #2093, #3802 ) ;
#3799 = DIRECTION ( 'NONE',  ( 1.000000000000000000, 0.000000000000000000, 0.000000000000000000 ) ) ;
#3800 = ADVANCED_FACE ( 'NONE', ( #1197 ), #2054, .F. ) ;
#3801 = DIRECTION ( 'NONE',  ( 0.000000000000000000, 0.000000000000000000, 1.000000000000000000 ) ) ;
#3802 = VECTOR ( 'NONE', #2312, 1.000000000000000000 ) ;
#3803 = VERTEX_POINT ( 'NONE', #2680 ) ;
#3804 = DIRECTION ( 'NONE',  ( 0.000000000000000000, 0.000000000000000000, 1.000000000000000000 ) ) ;
#3805 = CARTESIAN_POINT ( 'NONE',  ( 0.01984691655098299104, -0.02113176284409280098, -0.01294667524308821226 ) ) ;
#3806 = VECTOR ( 'NONE', #1744, 1.000000000000000000 ) ;
#3807 = PLANE ( 'NONE',  #506 ) ;
#3808 = EDGE_CURVE ( 'NONE', #2543, #1516, #907, .T. ) ;
#3809 = AXIS2_PLACEMENT_3D ( 'NONE', #2892, #1394, #2597 ) ;
#3810 = LINE ( 'NONE', #1769, #2935 ) ;
#3811 = VERTEX_POINT ( 'NONE', #3308 ) ;
#3812 = FACE_OUTER_BOUND ( 'NONE', #3557, .T. ) ;
#3813 = CARTESIAN_POINT ( 'NONE',  ( 0.01250000000000000069, 0.0003000000000000016542, -0.006365815510203215108 ) ) ;
#3814 = ORIENTED_EDGE ( 'NONE', *, *, #1550, .T. ) ;
#3815 = DIRECTION ( 'NONE',  ( 1.000000000000000000, 0.000000000000000000, 0.000000000000000000 ) ) ;
#3816 = CARTESIAN_POINT ( 'NONE',  ( 0.01250000000000000069, 0.001690559999999999806, -0.0006526752430882135341 ) ) ;
#3817 = DIRECTION ( 'NONE',  ( -0.0001960378766174143261, 0.008168244859064708110, 0.9999666201154283618 ) ) ;
#3818 = LINE ( 'NONE', #1956, #1942 ) ;
#3819 = VECTOR ( 'NONE', #2380, 1.000000000000000000 ) ;
#3820 = ORIENTED_EDGE ( 'NONE', *, *, #599, .F. ) ;
#3821 = ORIENTED_EDGE ( 'NONE', *, *, #2320, .F. ) ;
#3822 = VECTOR ( 'NONE', #3170, 1.000000000000000000 ) ;
#3823 = ORIENTED_EDGE ( 'NONE', *, *, #1246, .F. ) ;
#3824 = CARTESIAN_POINT ( 'NONE',  ( 0.01250000000000000069, 0.000000000000000000, -0.01171000000000000166 ) ) ;
#3825 = DIRECTION ( 'NONE',  ( 1.000000000000000000, 0.000000000000000000, 0.000000000000000000 ) ) ;
#3826 = CARTESIAN_POINT ( 'NONE',  ( 0.005813831172303636843, 0.001690559999999999806, -0.007853343260645573309 ) ) ;
#3827 = EDGE_CURVE ( 'NONE', #2590, #2258, #233, .T. ) ;
#3828 = VECTOR ( 'NONE', #2141, 1.000000000000000000 ) ;
#3829 = CARTESIAN_POINT ( 'NONE',  ( 0.005813831172303636843, 0.004299999999999998268, -0.007853343260645573309 ) ) ;
#3830 = ORIENTED_EDGE ( 'NONE', *, *, #2673, .F. ) ;
#3831 = CARTESIAN_POINT ( 'NONE',  ( 0.000000000000000000, 0.003429851651431000542, 0.000000000000000000 ) ) ;
#3832 = CARTESIAN_POINT ( 'NONE',  ( 0.01886591655098299181, 0.0003499999999999996170, 0.001973544934649726357 ) ) ;
#3833 = EDGE_CURVE ( 'NONE', #138, #3403, #610, .T. ) ;
#3834 = EDGE_CURVE ( 'NONE', #149, #640, #311, .T. ) ;
#3835 = VERTEX_POINT ( 'NONE', #2724 ) ;
#3836 = CARTESIAN_POINT ( 'NONE',  ( 0.001062852872235363344, 0.0002999999999999999195, -0.006559416273656193397 ) ) ;
#3837 = LINE ( 'NONE', #1440, #938 ) ;
#3838 = DIRECTION ( 'NONE',  ( 0.000000000000000000, 0.000000000000000000, -1.000000000000000000 ) ) ;
#3839 = DIRECTION ( 'NONE',  ( 0.000000000000000000, 3.469446951953613418E-18, -1.000000000000000000 ) ) ;
#3840 = CARTESIAN_POINT ( 'NONE',  ( 0.005813831172303636843, 0.0002999999999999999195, -0.009084714650391781041 ) ) ;
#3841 = ORIENTED_EDGE ( 'NONE', *, *, #3367, .F. ) ;
#3842 = ORIENTED_EDGE ( 'NONE', *, *, #538, .T. ) ;
#3843 = CARTESIAN_POINT ( 'NONE',  ( 0.01249999999999999896, 0.002289999999999999935, 0.01102791746832727793 ) ) ;
#3844 = LINE ( 'NONE', #2609, #915 ) ;
#3845 = CARTESIAN_POINT ( 'NONE',  ( 0.01886529081886899328, 0.004753096524056506580, -0.01054800292320282051 ) ) ;
#3846 = DIRECTION ( 'NONE',  ( 1.000000000000000000, 0.000000000000000000, 0.000000000000000000 ) ) ;
#3847 = ORIENTED_EDGE ( 'NONE', *, *, #3049, .T. ) ;
#3848 = ADVANCED_FACE ( 'NONE', ( #1739, #546 ), #2937, .T. ) ;
#3849 = DIRECTION ( 'NONE',  ( 1.000000000000000000, 0.000000000000000000, -0.000000000000000000 ) ) ;
#3850 = CARTESIAN_POINT ( 'NONE',  ( 0.01946529081886899312, 0.004290000000000000410, -0.001512313943909821120 ) ) ;
#3851 = VERTEX_POINT ( 'NONE', #1461 ) ;
#3852 = EDGE_CURVE ( 'NONE', #3403, #569, #2658, .T. ) ;
#3853 = DIRECTION ( 'NONE',  ( -0.000000000000000000, -1.000000000000000000, -0.000000000000000000 ) ) ;
#3854 = AXIS2_PLACEMENT_3D ( 'NONE', #3698, #2843, #2785 ) ;
#3855 = CARTESIAN_POINT ( 'NONE',  ( 0.01886529081886899328, 0.005429851651431000584, -0.008902674311657213235 ) ) ;
#3856 = CARTESIAN_POINT ( 'NONE',  ( 0.01230059023991324912, 0.001690559999999999806, -0.006365815510203215108 ) ) ;
#3857 = VECTOR ( 'NONE', #2993, 1.000000000000000000 ) ;
#3858 = ORIENTED_EDGE ( 'NONE', *, *, #3061, .F. ) ;
#3859 = CARTESIAN_POINT ( 'NONE',  ( 0.01099415933008824481, 0.0002999999999999999195, -0.0008255689565281887354 ) ) ;
#3860 = ORIENTED_EDGE ( 'NONE', *, *, #988, .T. ) ;
#3861 = EDGE_CURVE ( 'NONE', #3783, #3868, #3267, .T. ) ;
#3862 = VERTEX_POINT ( 'NONE', #1318 ) ;
#3863 = DIRECTION ( 'NONE',  ( -0.000000000000000000, 1.000000000000000000, 3.469446951953613418E-18 ) ) ;
#3864 = CARTESIAN_POINT ( 'NONE',  ( 0.03114140839448971410, 0.002289999999999999935, -0.0002999999999999999737 ) ) ;
#3865 = VECTOR ( 'NONE', #565, 1.000000000000000000 ) ;
#3866 = VECTOR ( 'NONE', #1766, 1.000000000000000000 ) ;
#3867 = FACE_BOUND ( 'NONE', #2287, .T. ) ;
#3868 = VERTEX_POINT ( 'NONE', #682 ) ;
#3869 = DIRECTION ( 'NONE',  ( -1.000000000000000000, 0.000000000000000000, -1.003210504794081037E-17 ) ) ;
#3870 = LINE ( 'NONE', #2167, #108 ) ;
#3871 = CARTESIAN_POINT ( 'NONE',  ( 0.01886529081886899328, 0.003438457176600155304, -0.01303734769726267589 ) ) ;
#3872 = EDGE_CURVE ( 'NONE', #779, #2142, #2763, .T. ) ;
#3873 = EDGE_LOOP ( 'NONE', ( #1842, #1963, #53, #2807 ) ) ;
#3874 = VERTEX_POINT ( 'NONE', #372 ) ;
#3875 = CARTESIAN_POINT ( 'NONE',  ( 0.004523784715013114133, 0.001690559999999999806, -0.006365815510203215108 ) ) ;
#3876 = FACE_OUTER_BOUND ( 'NONE', #282, .T. ) ;
#3877 = EDGE_CURVE ( 'NONE', #1026, #2643, #1183, .T. ) ;
#3878 = CARTESIAN_POINT ( 'NONE',  ( 0.005282099801380564508, 0.001690559999999999806, -0.006365815510203215108 ) ) ;
#3879 = ORIENTED_EDGE ( 'NONE', *, *, #2052, .F. ) ;
#3880 = DIRECTION ( 'NONE',  ( 1.000000000000000000, 0.000000000000000000, 0.000000000000000000 ) ) ;
#3881 = VERTEX_POINT ( 'NONE', #354 ) ;
#3882 = EDGE_CURVE ( 'NONE', #2822, #3334, #1909, .T. ) ;
#3883 = ORIENTED_EDGE ( 'NONE', *, *, #2392, .T. ) ;
#3884 = CARTESIAN_POINT ( 'NONE',  ( 0.01066677628386799095, -0.01661751163414174060, -0.01171357386385252046 ) ) ;
#3885 = DIRECTION ( 'NONE',  ( 0.000000000000000000, 0.000000000000000000, -1.000000000000000000 ) ) ;
#3886 = AXIS2_PLACEMENT_3D ( 'NONE', #3084, #382, #2790 ) ;
#3887 = FACE_BOUND ( 'NONE', #459, .T. ) ;
#3888 = EDGE_LOOP ( 'NONE', ( #209, #390, #3407, #2762 ) ) ;
#3889 = DIRECTION ( 'NONE',  ( -1.000000000000000000, 0.000000000000000000, 0.000000000000000000 ) ) ;
#3890 = LINE ( 'NONE', #3568, #2627 ) ;
#3891 = DIRECTION ( 'NONE',  ( -1.000000000000000000, 0.000000000000000000, 0.000000000000000000 ) ) ;
#3892 = ORIENTED_EDGE ( 'NONE', *, *, #3065, .T. ) ;
#3893 = ORIENTED_EDGE ( 'NONE', *, *, #3098, .T. ) ;
#3894 = CARTESIAN_POINT ( 'NONE',  ( 0.01250000000000000069, 0.0006500000000000012712, -0.01171357386385252046 ) ) ;
#3895 = VECTOR ( 'NONE', #1199, 1.000000000000000000 ) ;
#3896 = PLANE ( 'NONE',  #3600 ) ;
#3897 = CARTESIAN_POINT ( 'NONE',  ( 0.01066677628386799095, 0.001690559999999999806, -0.003642581792655086304 ) ) ;
#3898 = EDGE_LOOP ( 'NONE', ( #3290, #3902, #1173, #3538 ) ) ;
#3899 = DIRECTION ( 'NONE',  ( -1.000000000000000000, 0.000000000000000000, 0.000000000000000000 ) ) ;
#3900 = ORIENTED_EDGE ( 'NONE', *, *, #822, .T. ) ;
#3901 = ADVANCED_FACE ( 'NONE', ( #3091 ), #389, .F. ) ;
#3902 = ORIENTED_EDGE ( 'NONE', *, *, #2647, .T. ) ;
#3903 = ADVANCED_FACE ( 'NONE', ( #1841 ), #2796, .F. ) ;
ENDSEC;
END-ISO-10303-21;
